"","time","stationid","year_x","survey_x","station_x","speciestsn","commonname","scientificname","lhscode","samplingmethodcode","totalcatchnum","totalcatchwt","gearcode","eventcode","lme","stationnumber","year","masterstation","tow_type","gear_description","eqtime","eq_latitude","eq_longitude","haulback_time","haulback_latitude","haulback_longitude","speed","bottom_depth","avgnethorizontalopening","avgnetverticalopening","mwo","racecode","nodccode","notes","gearin_time","gearin_latitude","gearin_longitude","vessel","vesselname","gear_depth","gearout_latitude","gearout_longitude","gearout_time"
"1","2022-08-19T02:17:00Z","20220308001","2022","0308","001","556311","Long Fin Squid","Gonatus kamtschaticus","U",NA,2,13,"400601","06","Bering Sea",1,2022,"55.5-163.75","S","Can Trawl 400 headrope, 601 sidewalls","2022-08-19T01:47:00Z",55.52,-163.8,"2022-08-19T02:17:00Z",55.5,-163.76,NA,86,55.5,23.55,"197.92",79206,NA,NA,"2022-08-19T01:42:00Z",55.53,55.53,NA,NA,NA,0,0,NA
"2","2022-08-19T02:17:00Z","20220308001","2022","0308","001","934083","Pollock","Gadus chalcogrammus","U",NA,2100,2261,"400601","06","Bering Sea",1,2022,"55.5-163.75","S","Can Trawl 400 headrope, 601 sidewalls","2022-08-19T01:47:00Z",55.52,-163.8,"2022-08-19T02:17:00Z",55.5,-163.76,NA,86,55.5,23.55,"197.92",21740,"8791030701",NA,"2022-08-19T01:42:00Z",55.53,55.53,NA,NA,NA,0,0,NA
"3","2022-08-19T19:04:00Z","20220308003","2022","0308","003","50513","Staurophora mertensi","Staurophora mertensi","U",NA,0,5782,"400601","05","Bering Sea",3,2022,"56-163","S","Can Trawl 400 headrope, 601 sidewalls","2022-08-19T18:34:00Z",55.98,-163,"2022-08-19T19:04:00Z",55.94,-162.99,NA,84,55.5,25.22,"204.85",NA,"40562",NA,"2022-08-19T18:26:00Z",55.99,55.99,NA,NA,NA,0,0,NA
"4","2022-08-19T19:04:00Z","20220308003","2022","0308","003","50623","Aequorea  sp.","Aequorea sp.","U",NA,0,6440,"400601","05","Bering Sea",3,2022,"56-163","S","Can Trawl 400 headrope, 601 sidewalls","2022-08-19T18:34:00Z",55.98,-163,"2022-08-19T19:04:00Z",55.94,-162.99,NA,84,55.5,25.22,"204.85",40506,NA,NA,"2022-08-19T18:26:00Z",55.99,55.99,NA,NA,NA,0,0,NA
"5","2022-08-19T19:04:00Z","20220308003","2022","0308","003","51641","Northern Sea Nettle","Chrysaora melanaster","U",NA,223,92320,"400601","05","Bering Sea",3,2022,"56-163","S","Can Trawl 400 headrope, 601 sidewalls","2022-08-19T18:34:00Z",55.98,-163,"2022-08-19T19:04:00Z",55.94,-162.99,NA,84,55.5,25.22,"204.85",40504,NA,NA,"2022-08-19T18:26:00Z",55.99,55.99,NA,NA,NA,0,0,NA
"6","2022-08-19T19:04:00Z","20220308003","2022","0308","003","51671","Cyanea capillata","Cyanea capillata","U",NA,13,3390,"400601","05","Bering Sea",3,2022,"56-163","S","Can Trawl 400 headrope, 601 sidewalls","2022-08-19T18:34:00Z",55.98,-163,"2022-08-19T19:04:00Z",55.94,-162.99,NA,84,55.5,25.22,"204.85",40561,NA,NA,"2022-08-19T18:26:00Z",55.99,55.99,NA,NA,NA,0,0,NA
"7","2022-08-19T19:04:00Z","20220308003","2022","0308","003","51700","Aurelia sp.","Aurelia sp.","U",NA,1,224,"400601","05","Bering Sea",3,2022,"56-163","S","Can Trawl 400 headrope, 601 sidewalls","2022-08-19T18:34:00Z",55.98,-163,"2022-08-19T19:04:00Z",55.94,-162.99,NA,84,55.5,25.22,"204.85",40511,NA,NA,"2022-08-19T18:26:00Z",55.99,55.99,NA,NA,NA,0,0,NA
"8","2022-08-19T19:04:00Z","20220308003","2022","0308","003","160851","Longnose skate","Raja rhina","U",NA,1,60000,"400601","05","Bering Sea",3,2022,"56-163","S","Can Trawl 400 headrope, 601 sidewalls","2022-08-19T18:34:00Z",55.98,-163,"2022-08-19T19:04:00Z",55.94,-162.99,NA,84,55.5,25.22,"204.85",NA,"440",NA,"2022-08-19T18:26:00Z",55.99,55.99,NA,NA,NA,0,0,NA
"9","2022-08-19T19:04:00Z","20220308003","2022","0308","003","161975","Pink Salmon","Oncorhynchus gorbuscha","J",NA,1,10,"400601","05","Bering Sea",3,2022,"56-163","S","Can Trawl 400 headrope, 601 sidewalls","2022-08-19T18:34:00Z",55.98,-163,"2022-08-19T19:04:00Z",55.94,-162.99,NA,84,55.5,25.22,"204.85",23230,"8755010201",NA,"2022-08-19T18:26:00Z",55.99,55.99,NA,NA,NA,0,0,NA
"10","2022-08-19T19:04:00Z","20220308003","2022","0308","003","161976","Chum Salmon","Oncorhynchus keta","J",NA,27,814,"400601","05","Bering Sea",3,2022,"56-163","S","Can Trawl 400 headrope, 601 sidewalls","2022-08-19T18:34:00Z",55.98,-163,"2022-08-19T19:04:00Z",55.94,-162.99,NA,84,55.5,25.22,"204.85",23235,"8755010202",NA,"2022-08-19T18:26:00Z",55.99,55.99,NA,NA,NA,0,0,NA
"11","2022-08-19T19:04:00Z","20220308003","2022","0308","003","161979","Sockeye Salmon","Oncorhynchus nerka","J",NA,123,2883,"400601","05","Bering Sea",3,2022,"56-163","S","Can Trawl 400 headrope, 601 sidewalls","2022-08-19T18:34:00Z",55.98,-163,"2022-08-19T19:04:00Z",55.94,-162.99,NA,84,55.5,25.22,"204.85",23240,"8755010205",NA,"2022-08-19T18:26:00Z",55.99,55.99,NA,NA,NA,0,0,NA
"12","2022-08-19T19:04:00Z","20220308003","2022","0308","003","164711","Pacific Cod","Gadus macrocephalus","A0",NA,351,713,"400601","05","Bering Sea",3,2022,"56-163","S","Can Trawl 400 headrope, 601 sidewalls","2022-08-19T18:34:00Z",55.98,-163,"2022-08-19T19:04:00Z",55.94,-162.99,NA,84,55.5,25.22,"204.85",21720,"8791030401",NA,"2022-08-19T18:26:00Z",55.99,55.99,NA,NA,NA,0,0,NA
"13","2022-08-19T19:04:00Z","20220308003","2022","0308","003","167220","Crested Sculpin","Blepsias bilobus","U",NA,1,20,"400601","05","Bering Sea",3,2022,"56-163","S","Can Trawl 400 headrope, 601 sidewalls","2022-08-19T18:34:00Z",55.98,-163,"2022-08-19T19:04:00Z",55.94,-162.99,NA,84,55.5,25.22,"204.85",21397,"8831020601",NA,"2022-08-19T18:26:00Z",55.99,55.99,NA,NA,NA,0,0,NA
"14","2022-08-19T19:04:00Z","20220308003","2022","0308","003","170919","Pacific Sandfish","Trichodon trichodon","U",NA,6,540,"400601","05","Bering Sea",3,2022,"56-163","S","Can Trawl 400 headrope, 601 sidewalls","2022-08-19T18:34:00Z",55.98,-163,"2022-08-19T19:04:00Z",55.94,-162.99,NA,84,55.5,25.22,"204.85",21592,"8840010201",NA,"2022-08-19T18:26:00Z",55.99,55.99,NA,NA,NA,0,0,NA
"15","2022-08-19T19:04:00Z","20220308003","2022","0308","003","171659","Prowfish","Zaprora silenus","U",NA,3,11,"400601","05","Bering Sea",3,2022,"56-163","S","Can Trawl 400 headrope, 601 sidewalls","2022-08-19T18:34:00Z",55.98,-163,"2022-08-19T19:04:00Z",55.94,-162.99,NA,84,55.5,25.22,"204.85",24001,"8842150101",NA,"2022-08-19T18:26:00Z",55.99,55.99,NA,NA,NA,0,0,NA
"16","2022-08-19T19:04:00Z","20220308003","2022","0308","003","556311","Long Fin Squid","Gonatus kamtschaticus","U",NA,1,7,"400601","05","Bering Sea",3,2022,"56-163","S","Can Trawl 400 headrope, 601 sidewalls","2022-08-19T18:34:00Z",55.98,-163,"2022-08-19T19:04:00Z",55.94,-162.99,NA,84,55.5,25.22,"204.85",79206,NA,NA,"2022-08-19T18:26:00Z",55.99,55.99,NA,NA,NA,0,0,NA
"17","2022-08-19T19:04:00Z","20220308003","2022","0308","003","934083","Pollock","Gadus chalcogrammus","U",NA,21620,19170,"400601","05","Bering Sea",3,2022,"56-163","S","Can Trawl 400 headrope, 601 sidewalls","2022-08-19T18:34:00Z",55.98,-163,"2022-08-19T19:04:00Z",55.94,-162.99,NA,84,55.5,25.22,"204.85",21740,"8791030701",NA,"2022-08-19T18:26:00Z",55.99,55.99,NA,NA,NA,0,0,NA
"18","2022-08-19T23:29:00Z","20220308003","2022","0308","003","50513","Staurophora mertensi","Staurophora mertensi","U",NA,0,40446.29,"NETS156","06","Bering Sea",3,2022,"56-163","O","NETS Pelagic Trawl","2022-08-19T23:29:00Z",55.96,-162.99,"2022-08-19T23:29:00Z",55.96,-162.99,NA,86,18.2,12.1,"150",NA,"40562",NA,"2022-08-19T23:26:00Z",55.96,55.96,NA,NA,NA,0,0,NA
"19","2022-08-19T23:29:00Z","20220308003","2022","0308","003","50623","Aequorea  sp.","Aequorea sp.","U",NA,0,579.68,"NETS156","06","Bering Sea",3,2022,"56-163","O","NETS Pelagic Trawl","2022-08-19T23:29:00Z",55.96,-162.99,"2022-08-19T23:29:00Z",55.96,-162.99,NA,86,18.2,12.1,"150",40506,NA,NA,"2022-08-19T23:26:00Z",55.96,55.96,NA,NA,NA,0,0,NA
"20","2022-08-19T23:29:00Z","20220308003","2022","0308","003","51641","Northern Sea Nettle","Chrysaora melanaster","U",NA,467,716439.52,"NETS156","06","Bering Sea",3,2022,"56-163","O","NETS Pelagic Trawl","2022-08-19T23:29:00Z",55.96,-162.99,"2022-08-19T23:29:00Z",55.96,-162.99,NA,86,18.2,12.1,"150",40504,NA,NA,"2022-08-19T23:26:00Z",55.96,55.96,NA,NA,NA,0,0,NA
"21","2022-08-19T23:29:00Z","20220308003","2022","0308","003","51671","Cyanea capillata","Cyanea capillata","U",NA,53,17785.82,"NETS156","06","Bering Sea",3,2022,"56-163","O","NETS Pelagic Trawl","2022-08-19T23:29:00Z",55.96,-162.99,"2022-08-19T23:29:00Z",55.96,-162.99,NA,86,18.2,12.1,"150",40561,NA,NA,"2022-08-19T23:26:00Z",55.96,55.96,NA,NA,NA,0,0,NA
"22","2022-08-19T23:29:00Z","20220308003","2022","0308","003","161976","Chum Salmon","Oncorhynchus keta","J",NA,1,40,"NETS156","06","Bering Sea",3,2022,"56-163","O","NETS Pelagic Trawl","2022-08-19T23:29:00Z",55.96,-162.99,"2022-08-19T23:29:00Z",55.96,-162.99,NA,86,18.2,12.1,"150",23235,"8755010202",NA,"2022-08-19T23:26:00Z",55.96,55.96,NA,NA,NA,0,0,NA
"23","2022-08-19T23:29:00Z","20220308003","2022","0308","003","161979","Sockeye Salmon","Oncorhynchus nerka","J",NA,2,35,"NETS156","06","Bering Sea",3,2022,"56-163","O","NETS Pelagic Trawl","2022-08-19T23:29:00Z",55.96,-162.99,"2022-08-19T23:29:00Z",55.96,-162.99,NA,86,18.2,12.1,"150",23240,"8755010205",NA,"2022-08-19T23:26:00Z",55.96,55.96,NA,NA,NA,0,0,NA
"24","2022-08-19T23:29:00Z","20220308003","2022","0308","003","164711","Pacific Cod","Gadus macrocephalus","A0",NA,66,276.66,"NETS156","06","Bering Sea",3,2022,"56-163","O","NETS Pelagic Trawl","2022-08-19T23:29:00Z",55.96,-162.99,"2022-08-19T23:29:00Z",55.96,-162.99,NA,86,18.2,12.1,"150",21720,"8791030401",NA,"2022-08-19T23:26:00Z",55.96,55.96,NA,NA,NA,0,0,NA
"25","2022-08-19T23:29:00Z","20220308003","2022","0308","003","171659","Prowfish","Zaprora silenus","U",NA,1,37,"NETS156","06","Bering Sea",3,2022,"56-163","O","NETS Pelagic Trawl","2022-08-19T23:29:00Z",55.96,-162.99,"2022-08-19T23:29:00Z",55.96,-162.99,NA,86,18.2,12.1,"150",24001,"8842150101",NA,"2022-08-19T23:26:00Z",55.96,55.96,NA,NA,NA,0,0,NA
"26","2022-08-19T23:29:00Z","20220308003","2022","0308","003","934083","Pollock","Gadus chalcogrammus","A1+",NA,2,525,"NETS156","06","Bering Sea",3,2022,"56-163","O","NETS Pelagic Trawl","2022-08-19T23:29:00Z",55.96,-162.99,"2022-08-19T23:29:00Z",55.96,-162.99,NA,86,18.2,12.1,"150",21740,"8791030701",NA,"2022-08-19T23:26:00Z",55.96,55.96,NA,NA,NA,0,0,NA
"27","2022-08-19T23:29:00Z","20220308003","2022","0308","003","934083","Pollock","Gadus chalcogrammus","U",NA,54968,49470.95,"NETS156","06","Bering Sea",3,2022,"56-163","O","NETS Pelagic Trawl","2022-08-19T23:29:00Z",55.96,-162.99,"2022-08-19T23:29:00Z",55.96,-162.99,NA,86,18.2,12.1,"150",21740,"8791030701",NA,"2022-08-19T23:26:00Z",55.96,55.96,NA,NA,NA,0,0,NA
"28","2022-08-20T18:50:00Z","20220308005","2022","0308","005","50513","Staurophora mertensi","Staurophora mertensi","U",NA,0,19149.04,"NETS156","05","Bering Sea",5,2022,"56.5-162","O","NETS Pelagic Trawl","2022-08-20T18:50:00Z",56.5,-161.96,"2022-08-20T18:50:00Z",56.5,-161.96,NA,69,NA,NA,NA,NA,"40562",NA,"2022-08-20T18:50:00Z",56.5,56.5,NA,NA,NA,0,0,NA
"29","2022-08-20T18:50:00Z","20220308005","2022","0308","005","50623","Aequorea  sp.","Aequorea sp.","U",NA,0,28691.11,"NETS156","05","Bering Sea",5,2022,"56.5-162","O","NETS Pelagic Trawl","2022-08-20T18:50:00Z",56.5,-161.96,"2022-08-20T18:50:00Z",56.5,-161.96,NA,69,NA,NA,NA,40506,NA,NA,"2022-08-20T18:50:00Z",56.5,56.5,NA,NA,NA,0,0,NA
"30","2022-08-20T18:50:00Z","20220308005","2022","0308","005","51641","Northern Sea Nettle","Chrysaora melanaster","U",NA,538,426991.25,"NETS156","05","Bering Sea",5,2022,"56.5-162","O","NETS Pelagic Trawl","2022-08-20T18:50:00Z",56.5,-161.96,"2022-08-20T18:50:00Z",56.5,-161.96,NA,69,NA,NA,NA,40504,NA,NA,"2022-08-20T18:50:00Z",56.5,56.5,NA,NA,NA,0,0,NA
"31","2022-08-20T18:50:00Z","20220308005","2022","0308","005","51671","Cyanea capillata","Cyanea capillata","U",NA,6,460.87,"NETS156","05","Bering Sea",5,2022,"56.5-162","O","NETS Pelagic Trawl","2022-08-20T18:50:00Z",56.5,-161.96,"2022-08-20T18:50:00Z",56.5,-161.96,NA,69,NA,NA,NA,40561,NA,NA,"2022-08-20T18:50:00Z",56.5,56.5,NA,NA,NA,0,0,NA
"32","2022-08-20T18:50:00Z","20220308005","2022","0308","005","161979","Sockeye Salmon","Oncorhynchus nerka","J",NA,1,26,"NETS156","05","Bering Sea",5,2022,"56.5-162","O","NETS Pelagic Trawl","2022-08-20T18:50:00Z",56.5,-161.96,"2022-08-20T18:50:00Z",56.5,-161.96,NA,69,NA,NA,NA,23240,"8755010205",NA,"2022-08-20T18:50:00Z",56.5,56.5,NA,NA,NA,0,0,NA
"33","2022-08-20T18:50:00Z","20220308005","2022","0308","005","164711","Pacific Cod","Gadus macrocephalus","A0",NA,39,136.31,"NETS156","05","Bering Sea",5,2022,"56.5-162","O","NETS Pelagic Trawl","2022-08-20T18:50:00Z",56.5,-161.96,"2022-08-20T18:50:00Z",56.5,-161.96,NA,69,NA,NA,NA,21720,"8791030401",NA,"2022-08-20T18:50:00Z",56.5,56.5,NA,NA,NA,0,0,NA
"34","2022-08-20T18:50:00Z","20220308005","2022","0308","005","171659","Prowfish","Zaprora silenus","U",NA,2,103,"NETS156","05","Bering Sea",5,2022,"56.5-162","O","NETS Pelagic Trawl","2022-08-20T18:50:00Z",56.5,-161.96,"2022-08-20T18:50:00Z",56.5,-161.96,NA,69,NA,NA,NA,24001,"8842150101",NA,"2022-08-20T18:50:00Z",56.5,56.5,NA,NA,NA,0,0,NA
"35","2022-08-20T18:50:00Z","20220308005","2022","0308","005","171672","Arctic Sand Lance","Ammodytes hexapterus","U",NA,6,6.49,"NETS156","05","Bering Sea",5,2022,"56.5-162","O","NETS Pelagic Trawl","2022-08-20T18:50:00Z",56.5,-161.96,"2022-08-20T18:50:00Z",56.5,-161.96,NA,69,NA,NA,NA,20203,"8845010101",NA,"2022-08-20T18:50:00Z",56.5,56.5,NA,NA,NA,0,0,NA
"36","2022-09-04T19:32:00Z","20220308023","2022","0308","023","50623","Aequorea  sp.","Aequorea sp.","U",NA,1,10,"400601","08","Bering Sea",23,2022,"57-169","S","Can Trawl 400 headrope, 601 sidewalls","2022-09-04T19:02:00Z",57.02,-169,"2022-09-04T19:32:00Z",57.04,-168.96,NA,80,55.5,23.32,"189.7",40506,NA,NA,"2022-09-04T18:56:00Z",57.01,57.01,NA,NA,NA,0,0,NA
"37","2022-09-04T19:32:00Z","20220308023","2022","0308","023","51641","Northern Sea Nettle","Chrysaora melanaster","U",NA,37,35820,"400601","08","Bering Sea",23,2022,"57-169","S","Can Trawl 400 headrope, 601 sidewalls","2022-09-04T19:02:00Z",57.02,-169,"2022-09-04T19:32:00Z",57.04,-168.96,NA,80,55.5,23.32,"189.7",40504,NA,NA,"2022-09-04T18:56:00Z",57.01,57.01,NA,NA,NA,0,0,NA
"38","2022-09-04T19:32:00Z","20220308023","2022","0308","023","51669","Cyanea sp.","Cyanea sp.","U",NA,3,1350,"400601","08","Bering Sea",23,2022,"57-169","S","Can Trawl 400 headrope, 601 sidewalls","2022-09-04T19:02:00Z",57.02,-169,"2022-09-04T19:32:00Z",57.04,-168.96,NA,80,55.5,23.32,"189.7",40560,NA,NA,"2022-09-04T18:56:00Z",57.01,57.01,NA,NA,NA,0,0,NA
"39","2022-09-04T19:32:00Z","20220308023","2022","0308","023","161976","Chum Salmon","Oncorhynchus keta","IM",NA,3,2850,"400601","08","Bering Sea",23,2022,"57-169","S","Can Trawl 400 headrope, 601 sidewalls","2022-09-04T19:02:00Z",57.02,-169,"2022-09-04T19:32:00Z",57.04,-168.96,NA,80,55.5,23.32,"189.7",23235,"8755010202",NA,"2022-09-04T18:56:00Z",57.01,57.01,NA,NA,NA,0,0,NA
"40","2022-09-04T19:32:00Z","20220308023","2022","0308","023","161979","Sockeye Salmon","Oncorhynchus nerka","J",NA,2,460,"400601","08","Bering Sea",23,2022,"57-169","S","Can Trawl 400 headrope, 601 sidewalls","2022-09-04T19:02:00Z",57.02,-169,"2022-09-04T19:32:00Z",57.04,-168.96,NA,80,55.5,23.32,"189.7",23240,"8755010205",NA,"2022-09-04T18:56:00Z",57.01,57.01,NA,NA,NA,0,0,NA
"41","2022-09-04T19:32:00Z","20220308023","2022","0308","023","166365","Threespine stickleback","Gasterosteus aculeatus","U",NA,2,6,"400601","08","Bering Sea",23,2022,"57-169","S","Can Trawl 400 headrope, 601 sidewalls","2022-09-04T19:02:00Z",57.02,-169,"2022-09-04T19:32:00Z",57.04,-168.96,NA,80,55.5,23.32,"189.7",21752,"8818010101",NA,"2022-09-04T18:56:00Z",57.01,57.01,NA,NA,NA,0,0,NA
"42","2022-09-04T19:32:00Z","20220308023","2022","0308","023","167120","Atka Mackerel","Pleurogrammus monopterygius","U",NA,55,4920,"400601","08","Bering Sea",23,2022,"57-169","S","Can Trawl 400 headrope, 601 sidewalls","2022-09-04T19:02:00Z",57.02,-169,"2022-09-04T19:32:00Z",57.04,-168.96,NA,80,55.5,23.32,"189.7",21921,"8827010501",NA,"2022-09-04T18:56:00Z",57.01,57.01,NA,NA,NA,0,0,NA
"43","2022-09-04T19:32:00Z","20220308023","2022","0308","023","167221","Silverspotted sculpin","Blepsias cirrhosus","U",NA,2,10,"400601","08","Bering Sea",23,2022,"57-169","S","Can Trawl 400 headrope, 601 sidewalls","2022-09-04T19:02:00Z",57.02,-169,"2022-09-04T19:32:00Z",57.04,-168.96,NA,80,55.5,23.32,"189.7",NA,"21398",NA,"2022-09-04T18:56:00Z",57.01,57.01,NA,NA,NA,0,0,NA
"44","2022-09-04T19:32:00Z","20220308023","2022","0308","023","551209","Pacific Herring","Clupea pallasi","U",NA,39,4010,"400601","08","Bering Sea",23,2022,"57-169","S","Can Trawl 400 headrope, 601 sidewalls","2022-09-04T19:02:00Z",57.02,-169,"2022-09-04T19:32:00Z",57.04,-168.96,NA,80,55.5,23.32,"189.7",21110,"8747010201",NA,"2022-09-04T18:56:00Z",57.01,57.01,NA,NA,NA,0,0,NA
"45","2022-09-04T19:32:00Z","20220308023","2022","0308","023","934083","Pollock","Gadus chalcogrammus","U",NA,1593,1343,"400601","08","Bering Sea",23,2022,"57-169","S","Can Trawl 400 headrope, 601 sidewalls","2022-09-04T19:02:00Z",57.02,-169,"2022-09-04T19:32:00Z",57.04,-168.96,NA,80,55.5,23.32,"189.7",21740,"8791030701",NA,"2022-09-04T18:56:00Z",57.01,57.01,NA,NA,NA,0,0,NA
"46","2022-09-05T00:46:00Z","20220308024","2022","0308","024","159910","Salmon Shark","Lamna ditropis","U",NA,1,3e+05,"400601","01","Bering Sea",24,2022,"57.5-168","S","Can Trawl 400 headrope, 601 sidewalls","2022-09-05T00:15:00Z",57.49,-168.03,"2022-09-05T00:46:00Z",57.47,-168.07,NA,73,55.5,24.1,"181.29",232,"8707040301",NA,"2022-09-05T00:07:00Z",57.49,57.49,NA,NA,NA,0,0,NA
"47","2022-09-05T03:21:00Z","20220308024","2022","0308","024","50513","Staurophora mertensi","Staurophora mertensi","U",NA,0,320,"NETS156","02","Bering Sea",24,2022,"57.5-168","O","NETS Pelagic Trawl","2022-09-05T03:21:00Z",57.48,-168.04,"2022-09-05T03:21:00Z",57.48,-168.04,NA,72,16,11,"163",NA,"40562",NA,"2022-09-05T03:12:00Z",57.48,57.48,NA,NA,NA,0,0,NA
"48","2022-09-05T03:21:00Z","20220308024","2022","0308","024","51641","Northern Sea Nettle","Chrysaora melanaster","U",NA,50,53452,"NETS156","02","Bering Sea",24,2022,"57.5-168","O","NETS Pelagic Trawl","2022-09-05T03:21:00Z",57.48,-168.04,"2022-09-05T03:21:00Z",57.48,-168.04,NA,72,16,11,"163",40504,NA,NA,"2022-09-05T03:12:00Z",57.48,57.48,NA,NA,NA,0,0,NA
"49","2022-09-05T03:21:00Z","20220308024","2022","0308","024","51700","Aurelia sp.","Aurelia sp.","U",NA,15,551,"NETS156","02","Bering Sea",24,2022,"57.5-168","O","NETS Pelagic Trawl","2022-09-05T03:21:00Z",57.48,-168.04,"2022-09-05T03:21:00Z",57.48,-168.04,NA,72,16,11,"163",40511,NA,NA,"2022-09-05T03:12:00Z",57.48,57.48,NA,NA,NA,0,0,NA
"50","2022-09-05T03:21:00Z","20220308024","2022","0308","024","164711","Pacific Cod","Gadus macrocephalus","A0",NA,53,283,"NETS156","02","Bering Sea",24,2022,"57.5-168","O","NETS Pelagic Trawl","2022-09-05T03:21:00Z",57.48,-168.04,"2022-09-05T03:21:00Z",57.48,-168.04,NA,72,16,11,"163",21720,"8791030401",NA,"2022-09-05T03:12:00Z",57.48,57.48,NA,NA,NA,0,0,NA
"51","2022-09-05T03:21:00Z","20220308024","2022","0308","024","934083","Pollock","Gadus chalcogrammus","A1+",NA,1,1030,"NETS156","02","Bering Sea",24,2022,"57.5-168","O","NETS Pelagic Trawl","2022-09-05T03:21:00Z",57.48,-168.04,"2022-09-05T03:21:00Z",57.48,-168.04,NA,72,16,11,"163",21740,"8791030701",NA,"2022-09-05T03:12:00Z",57.48,57.48,NA,NA,NA,0,0,NA
"52","2022-09-05T03:21:00Z","20220308024","2022","0308","024","934083","Pollock","Gadus chalcogrammus","U",NA,32053,23078,"NETS156","02","Bering Sea",24,2022,"57.5-168","O","NETS Pelagic Trawl","2022-09-05T03:21:00Z",57.48,-168.04,"2022-09-05T03:21:00Z",57.48,-168.04,NA,72,16,11,"163",21740,"8791030701",NA,"2022-09-05T03:12:00Z",57.48,57.48,NA,NA,NA,0,0,NA
"53","2022-09-05T17:27:00Z","20220308026","2022","0308","026","50513","Staurophora mertensi","Staurophora mertensi","U",NA,0,11067.9,"NETS156","05","Bering Sea",26,2022,"58-167","O","NETS Pelagic Trawl","2022-09-05T17:20:00Z",57.99,-167.01,"2022-09-05T17:27:00Z",57.99,-167.02,NA,63,13.22,8.87,"73.87",NA,"40562",NA,"2022-09-05T17:14:00Z",58,58,NA,NA,NA,0,0,NA
"54","2022-09-05T17:27:00Z","20220308026","2022","0308","026","51641","Northern Sea Nettle","Chrysaora melanaster","U",NA,5,4140,"NETS156","05","Bering Sea",26,2022,"58-167","O","NETS Pelagic Trawl","2022-09-05T17:20:00Z",57.99,-167.01,"2022-09-05T17:27:00Z",57.99,-167.02,NA,63,13.22,8.87,"73.87",40504,NA,NA,"2022-09-05T17:14:00Z",58,58,NA,NA,NA,0,0,NA
"55","2022-09-05T17:27:00Z","20220308026","2022","0308","026","51700","Aurelia sp.","Aurelia sp.","U",NA,0,16,"NETS156","05","Bering Sea",26,2022,"58-167","O","NETS Pelagic Trawl","2022-09-05T17:20:00Z",57.99,-167.01,"2022-09-05T17:27:00Z",57.99,-167.02,NA,63,13.22,8.87,"73.87",40511,NA,NA,"2022-09-05T17:14:00Z",58,58,NA,NA,NA,0,0,NA
"56","2022-09-05T17:27:00Z","20220308026","2022","0308","026","162035","Capelin","Mallotus villosus","U",NA,24,68,"NETS156","05","Bering Sea",26,2022,"58-167","O","NETS Pelagic Trawl","2022-09-05T17:20:00Z",57.99,-167.01,"2022-09-05T17:27:00Z",57.99,-167.02,NA,63,13.22,8.87,"73.87",23041,"8755030201",NA,"2022-09-05T17:14:00Z",58,58,NA,NA,NA,0,0,NA
"57","2022-09-05T17:27:00Z","20220308026","2022","0308","026","164711","Pacific Cod","Gadus macrocephalus","A0",NA,55,69,"NETS156","05","Bering Sea",26,2022,"58-167","O","NETS Pelagic Trawl","2022-09-05T17:20:00Z",57.99,-167.01,"2022-09-05T17:27:00Z",57.99,-167.02,NA,63,13.22,8.87,"73.87",21720,"8791030401",NA,"2022-09-05T17:14:00Z",58,58,NA,NA,NA,0,0,NA
"58","2022-09-05T17:27:00Z","20220308026","2022","0308","026","934083","Pollock","Gadus chalcogrammus","A1+",NA,1,1750,"NETS156","05","Bering Sea",26,2022,"58-167","O","NETS Pelagic Trawl","2022-09-05T17:20:00Z",57.99,-167.01,"2022-09-05T17:27:00Z",57.99,-167.02,NA,63,13.22,8.87,"73.87",21740,"8791030701",NA,"2022-09-05T17:14:00Z",58,58,NA,NA,NA,0,0,NA
"59","2022-09-05T17:27:00Z","20220308026","2022","0308","026","934083","Pollock","Gadus chalcogrammus","U",NA,15524,15523.81,"NETS156","05","Bering Sea",26,2022,"58-167","O","NETS Pelagic Trawl","2022-09-05T17:20:00Z",57.99,-167.01,"2022-09-05T17:27:00Z",57.99,-167.02,NA,63,13.22,8.87,"73.87",21740,"8791030701",NA,"2022-09-05T17:14:00Z",58,58,NA,NA,NA,0,0,NA
"60","2022-09-06T00:48:00Z","20220308026","2022","0308","026","50513","Staurophora mertensi","Staurophora mertensi","U",NA,0,3978.1,"400601","06","Bering Sea",26,2022,"58-167","S","Can Trawl 400 headrope, 601 sidewalls","2022-09-06T00:18:00Z",57.98,-167.08,"2022-09-06T00:48:00Z",57.96,-167.13,NA,66,55.5,24.49,"179.44",NA,"40562",NA,"2022-09-06T00:09:00Z",57.98,57.98,NA,NA,NA,0,0,NA
"61","2022-09-06T00:48:00Z","20220308026","2022","0308","026","51641","Northern Sea Nettle","Chrysaora melanaster","U",NA,1,1410,"400601","06","Bering Sea",26,2022,"58-167","S","Can Trawl 400 headrope, 601 sidewalls","2022-09-06T00:18:00Z",57.98,-167.08,"2022-09-06T00:48:00Z",57.96,-167.13,NA,66,55.5,24.49,"179.44",40504,NA,NA,"2022-09-06T00:09:00Z",57.98,57.98,NA,NA,NA,0,0,NA
"62","2022-09-06T00:48:00Z","20220308026","2022","0308","026","51700","Aurelia sp.","Aurelia sp.","U",NA,0,150,"400601","06","Bering Sea",26,2022,"58-167","S","Can Trawl 400 headrope, 601 sidewalls","2022-09-06T00:18:00Z",57.98,-167.08,"2022-09-06T00:48:00Z",57.96,-167.13,NA,66,55.5,24.49,"179.44",40511,NA,NA,"2022-09-06T00:09:00Z",57.98,57.98,NA,NA,NA,0,0,NA
"63","2022-09-06T00:48:00Z","20220308026","2022","0308","026","161976","Chum Salmon","Oncorhynchus keta","IM",NA,1,2650,"400601","06","Bering Sea",26,2022,"58-167","S","Can Trawl 400 headrope, 601 sidewalls","2022-09-06T00:18:00Z",57.98,-167.08,"2022-09-06T00:48:00Z",57.96,-167.13,NA,66,55.5,24.49,"179.44",23235,"8755010202",NA,"2022-09-06T00:09:00Z",57.98,57.98,NA,NA,NA,0,0,NA
"64","2022-09-06T00:48:00Z","20220308026","2022","0308","026","161979","Sockeye Salmon","Oncorhynchus nerka","IM",NA,1,680,"400601","06","Bering Sea",26,2022,"58-167","S","Can Trawl 400 headrope, 601 sidewalls","2022-09-06T00:18:00Z",57.98,-167.08,"2022-09-06T00:48:00Z",57.96,-167.13,NA,66,55.5,24.49,"179.44",23240,"8755010205",NA,"2022-09-06T00:09:00Z",57.98,57.98,NA,NA,NA,0,0,NA
"65","2022-09-06T00:48:00Z","20220308026","2022","0308","026","161979","Sockeye Salmon","Oncorhynchus nerka","J",NA,29,2938,"400601","06","Bering Sea",26,2022,"58-167","S","Can Trawl 400 headrope, 601 sidewalls","2022-09-06T00:18:00Z",57.98,-167.08,"2022-09-06T00:48:00Z",57.96,-167.13,NA,66,55.5,24.49,"179.44",23240,"8755010205",NA,"2022-09-06T00:09:00Z",57.98,57.98,NA,NA,NA,0,0,NA
"66","2022-09-06T00:48:00Z","20220308026","2022","0308","026","162035","Capelin","Mallotus villosus","U",NA,4,12,"400601","06","Bering Sea",26,2022,"58-167","S","Can Trawl 400 headrope, 601 sidewalls","2022-09-06T00:18:00Z",57.98,-167.08,"2022-09-06T00:48:00Z",57.96,-167.13,NA,66,55.5,24.49,"179.44",23041,"8755030201",NA,"2022-09-06T00:09:00Z",57.98,57.98,NA,NA,NA,0,0,NA
"67","2022-09-06T00:48:00Z","20220308026","2022","0308","026","164711","Pacific Cod","Gadus macrocephalus","A0",NA,13,81,"400601","06","Bering Sea",26,2022,"58-167","S","Can Trawl 400 headrope, 601 sidewalls","2022-09-06T00:18:00Z",57.98,-167.08,"2022-09-06T00:48:00Z",57.96,-167.13,NA,66,55.5,24.49,"179.44",21720,"8791030401",NA,"2022-09-06T00:09:00Z",57.98,57.98,NA,NA,NA,0,0,NA
"68","2022-09-06T00:48:00Z","20220308026","2022","0308","026","167481","Sturgeon Poacher","Podothecus acipenserinus","U",NA,1,53,"400601","06","Bering Sea",26,2022,"58-167","S","Can Trawl 400 headrope, 601 sidewalls","2022-09-06T00:18:00Z",57.98,-167.08,"2022-09-06T00:48:00Z",57.96,-167.13,NA,66,55.5,24.49,"179.44",20040,"8831081901",NA,"2022-09-06T00:09:00Z",57.98,57.98,NA,NA,NA,0,0,NA
"69","2022-09-06T00:48:00Z","20220308026","2022","0308","026","551209","Pacific Herring","Clupea pallasi","U",NA,1,85,"400601","06","Bering Sea",26,2022,"58-167","S","Can Trawl 400 headrope, 601 sidewalls","2022-09-06T00:18:00Z",57.98,-167.08,"2022-09-06T00:48:00Z",57.96,-167.13,NA,66,55.5,24.49,"179.44",21110,"8747010201",NA,"2022-09-06T00:09:00Z",57.98,57.98,NA,NA,NA,0,0,NA
"70","2022-09-06T00:48:00Z","20220308026","2022","0308","026","622287","Arctic Lamprey","Lethenteron camtschaticum","U",NA,1,56,"400601","06","Bering Sea",26,2022,"58-167","S","Can Trawl 400 headrope, 601 sidewalls","2022-09-06T00:18:00Z",57.98,-167.08,"2022-09-06T00:48:00Z",57.96,-167.13,NA,66,55.5,24.49,"179.44",NA,"8603010201",NA,"2022-09-06T00:09:00Z",57.98,57.98,NA,NA,NA,0,0,NA
"71","2022-09-06T00:48:00Z","20220308026","2022","0308","026","934083","Pollock","Gadus chalcogrammus","U",NA,311,6887.09,"400601","06","Bering Sea",26,2022,"58-167","S","Can Trawl 400 headrope, 601 sidewalls","2022-09-06T00:18:00Z",57.98,-167.08,"2022-09-06T00:48:00Z",57.96,-167.13,NA,66,55.5,24.49,"179.44",21740,"8791030701",NA,"2022-09-06T00:09:00Z",57.98,57.98,NA,NA,NA,0,0,NA
"72","2022-09-06T16:44:00Z","20220308028","2022","0308","028","50513","Staurophora mertensi","Staurophora mertensi","U",NA,0,1674.84,"NETS156","05","Bering Sea",28,2022,"58.5-168","O","NETS Pelagic Trawl","2022-09-06T16:44:00Z",58.48,-168.02,"2022-09-06T16:44:00Z",58.48,-168.02,NA,55,15,8,"110",NA,"40562",NA,"2022-09-06T16:37:00Z",58.49,58.49,NA,NA,NA,0,0,NA
"73","2022-09-06T16:44:00Z","20220308028","2022","0308","028","51641","Northern Sea Nettle","Chrysaora melanaster","U",NA,6,186,"NETS156","05","Bering Sea",28,2022,"58.5-168","O","NETS Pelagic Trawl","2022-09-06T16:44:00Z",58.48,-168.02,"2022-09-06T16:44:00Z",58.48,-168.02,NA,55,15,8,"110",40504,NA,NA,"2022-09-06T16:37:00Z",58.49,58.49,NA,NA,NA,0,0,NA
"74","2022-09-06T16:44:00Z","20220308028","2022","0308","028","51700","Aurelia sp.","Aurelia sp.","U",NA,2,24,"NETS156","05","Bering Sea",28,2022,"58.5-168","O","NETS Pelagic Trawl","2022-09-06T16:44:00Z",58.48,-168.02,"2022-09-06T16:44:00Z",58.48,-168.02,NA,55,15,8,"110",40511,NA,NA,"2022-09-06T16:37:00Z",58.49,58.49,NA,NA,NA,0,0,NA
"75","2022-09-06T16:44:00Z","20220308028","2022","0308","028","162035","Capelin","Mallotus villosus","U",NA,1,8,"NETS156","05","Bering Sea",28,2022,"58.5-168","O","NETS Pelagic Trawl","2022-09-06T16:44:00Z",58.48,-168.02,"2022-09-06T16:44:00Z",58.48,-168.02,NA,55,15,8,"110",23041,"8755030201",NA,"2022-09-06T16:37:00Z",58.49,58.49,NA,NA,NA,0,0,NA
"76","2022-09-06T16:44:00Z","20220308028","2022","0308","028","164711","Pacific Cod","Gadus macrocephalus","A0",NA,10,30,"NETS156","05","Bering Sea",28,2022,"58.5-168","O","NETS Pelagic Trawl","2022-09-06T16:44:00Z",58.48,-168.02,"2022-09-06T16:44:00Z",58.48,-168.02,NA,55,15,8,"110",21720,"8791030401",NA,"2022-09-06T16:37:00Z",58.49,58.49,NA,NA,NA,0,0,NA
"77","2022-09-06T16:44:00Z","20220308028","2022","0308","028","172702","Flatfish, unident.","Pleuronectiformes","L",NA,1,1,"NETS156","05","Bering Sea",28,2022,"58.5-168","O","NETS Pelagic Trawl","2022-09-06T16:44:00Z",58.48,-168.02,"2022-09-06T16:44:00Z",58.48,-168.02,NA,55,15,8,"110",10001,NA,NA,"2022-09-06T16:37:00Z",58.49,58.49,NA,NA,NA,0,0,NA
"78","2022-09-06T16:44:00Z","20220308028","2022","0308","028","172907","Yellowfin Sole","Limanda aspera","U",NA,2,386,"NETS156","05","Bering Sea",28,2022,"58.5-168","O","NETS Pelagic Trawl","2022-09-06T16:44:00Z",58.48,-168.02,"2022-09-06T16:44:00Z",58.48,-168.02,NA,55,15,8,"110",10210,"8857041505",NA,"2022-09-06T16:37:00Z",58.49,58.49,NA,NA,NA,0,0,NA
"79","2022-09-06T16:44:00Z","20220308028","2022","0308","028","934083","Pollock","Gadus chalcogrammus","A1+",NA,1,1025,"NETS156","05","Bering Sea",28,2022,"58.5-168","O","NETS Pelagic Trawl","2022-09-06T16:44:00Z",58.48,-168.02,"2022-09-06T16:44:00Z",58.48,-168.02,NA,55,15,8,"110",21740,"8791030701",NA,"2022-09-06T16:37:00Z",58.49,58.49,NA,NA,NA,0,0,NA
"80","2022-09-06T16:44:00Z","20220308028","2022","0308","028","934083","Pollock","Gadus chalcogrammus","U",NA,41315,39662.42,"NETS156","05","Bering Sea",28,2022,"58.5-168","O","NETS Pelagic Trawl","2022-09-06T16:44:00Z",58.48,-168.02,"2022-09-06T16:44:00Z",58.48,-168.02,NA,55,15,8,"110",21740,"8791030701",NA,"2022-09-06T16:37:00Z",58.49,58.49,NA,NA,NA,0,0,NA
"81","2022-09-06T18:52:00Z","20220308028","2022","0308","028","50513","Staurophora mertensi","Staurophora mertensi","U",NA,0,255,"400601","06","Bering Sea",28,2022,"58.5-168","S","Can Trawl 400 headrope, 601 sidewalls","2022-09-06T18:22:00Z",58.48,-168.03,"2022-09-06T18:52:00Z",58.46,-168.1,NA,54,55.5,24.48,"179.69",NA,"40562",NA,"2022-09-06T18:14:00Z",58.49,58.49,NA,NA,NA,0,0,NA
"82","2022-09-06T18:52:00Z","20220308028","2022","0308","028","51641","Northern Sea Nettle","Chrysaora melanaster","U",NA,2,346,"400601","06","Bering Sea",28,2022,"58.5-168","S","Can Trawl 400 headrope, 601 sidewalls","2022-09-06T18:22:00Z",58.48,-168.03,"2022-09-06T18:52:00Z",58.46,-168.1,NA,54,55.5,24.48,"179.69",40504,NA,NA,"2022-09-06T18:14:00Z",58.49,58.49,NA,NA,NA,0,0,NA
"83","2022-09-06T18:52:00Z","20220308028","2022","0308","028","161979","Sockeye Salmon","Oncorhynchus nerka","J",NA,2,270,"400601","06","Bering Sea",28,2022,"58.5-168","S","Can Trawl 400 headrope, 601 sidewalls","2022-09-06T18:22:00Z",58.48,-168.03,"2022-09-06T18:52:00Z",58.46,-168.1,NA,54,55.5,24.48,"179.69",23240,"8755010205",NA,"2022-09-06T18:14:00Z",58.49,58.49,NA,NA,NA,0,0,NA
"84","2022-09-06T18:52:00Z","20220308028","2022","0308","028","161980","Chinook Salmon","Oncorhynchus tshawytscha","IM",NA,1,2530,"400601","06","Bering Sea",28,2022,"58.5-168","S","Can Trawl 400 headrope, 601 sidewalls","2022-09-06T18:22:00Z",58.48,-168.03,"2022-09-06T18:52:00Z",58.46,-168.1,NA,54,55.5,24.48,"179.69",23220,"8755010206",NA,"2022-09-06T18:14:00Z",58.49,58.49,NA,NA,NA,0,0,NA
"85","2022-09-06T18:52:00Z","20220308028","2022","0308","028","162035","Capelin","Mallotus villosus","U",NA,4,24,"400601","06","Bering Sea",28,2022,"58.5-168","S","Can Trawl 400 headrope, 601 sidewalls","2022-09-06T18:22:00Z",58.48,-168.03,"2022-09-06T18:52:00Z",58.46,-168.1,NA,54,55.5,24.48,"179.69",23041,"8755030201",NA,"2022-09-06T18:14:00Z",58.49,58.49,NA,NA,NA,0,0,NA
"86","2022-09-06T18:52:00Z","20220308028","2022","0308","028","164711","Pacific Cod","Gadus macrocephalus","A0",NA,10,37,"400601","06","Bering Sea",28,2022,"58.5-168","S","Can Trawl 400 headrope, 601 sidewalls","2022-09-06T18:22:00Z",58.48,-168.03,"2022-09-06T18:52:00Z",58.46,-168.1,NA,54,55.5,24.48,"179.69",21720,"8791030401",NA,"2022-09-06T18:14:00Z",58.49,58.49,NA,NA,NA,0,0,NA
"87","2022-09-06T18:52:00Z","20220308028","2022","0308","028","172907","Yellowfin Sole","Limanda aspera","U",NA,1,370,"400601","06","Bering Sea",28,2022,"58.5-168","S","Can Trawl 400 headrope, 601 sidewalls","2022-09-06T18:22:00Z",58.48,-168.03,"2022-09-06T18:52:00Z",58.46,-168.1,NA,54,55.5,24.48,"179.69",10210,"8857041505",NA,"2022-09-06T18:14:00Z",58.49,58.49,NA,NA,NA,0,0,NA
"88","2022-09-06T18:52:00Z","20220308028","2022","0308","028","551209","Pacific Herring","Clupea pallasi","U",NA,1,370,"400601","06","Bering Sea",28,2022,"58.5-168","S","Can Trawl 400 headrope, 601 sidewalls","2022-09-06T18:22:00Z",58.48,-168.03,"2022-09-06T18:52:00Z",58.46,-168.1,NA,54,55.5,24.48,"179.69",21110,"8747010201",NA,"2022-09-06T18:14:00Z",58.49,58.49,NA,NA,NA,0,0,NA
"89","2022-09-06T18:52:00Z","20220308028","2022","0308","028","644362","Veteran Poacher","Podothecus veternus","U",NA,2,132,"400601","06","Bering Sea",28,2022,"58.5-168","S","Can Trawl 400 headrope, 601 sidewalls","2022-09-06T18:22:00Z",58.48,-168.03,"2022-09-06T18:52:00Z",58.46,-168.1,NA,54,55.5,24.48,"179.69",NA,NA,NA,"2022-09-06T18:14:00Z",58.49,58.49,NA,NA,NA,0,0,NA
"90","2022-09-06T18:52:00Z","20220308028","2022","0308","028","934083","Pollock","Gadus chalcogrammus","U",NA,10707,11564,"400601","06","Bering Sea",28,2022,"58.5-168","S","Can Trawl 400 headrope, 601 sidewalls","2022-09-06T18:22:00Z",58.48,-168.03,"2022-09-06T18:52:00Z",58.46,-168.1,NA,54,55.5,24.48,"179.69",21740,"8791030701",NA,"2022-09-06T18:14:00Z",58.49,58.49,NA,NA,NA,0,0,NA
"91","2022-09-06T23:50:00Z","20220308029","2022","0308","029","51641","Northern Sea Nettle","Chrysaora melanaster","U",NA,253,9900,"400601","01","Bering Sea",29,2022,"58-169","S","Can Trawl 400 headrope, 601 sidewalls","2022-09-06T23:20:00Z",58,-168.97,"2022-09-06T23:50:00Z",57.98,-169,NA,72,55.5,23.58,"194.11",40504,NA,NA,"2022-09-06T23:15:00Z",58.01,58.01,NA,NA,NA,0,0,NA
"92","2022-09-06T23:50:00Z","20220308029","2022","0308","029","161105","Fish, unident.","Teleost","U",NA,1,1,"400601","01","Bering Sea",29,2022,"58-169","S","Can Trawl 400 headrope, 601 sidewalls","2022-09-06T23:20:00Z",58,-168.97,"2022-09-06T23:50:00Z",57.98,-169,NA,72,55.5,23.58,"194.11",NA,NA,NA,"2022-09-06T23:15:00Z",58.01,58.01,NA,NA,NA,0,0,NA
"93","2022-09-06T23:50:00Z","20220308029","2022","0308","029","161976","Chum Salmon","Oncorhynchus keta","IM",NA,1,1710,"400601","01","Bering Sea",29,2022,"58-169","S","Can Trawl 400 headrope, 601 sidewalls","2022-09-06T23:20:00Z",58,-168.97,"2022-09-06T23:50:00Z",57.98,-169,NA,72,55.5,23.58,"194.11",23235,"8755010202",NA,"2022-09-06T23:15:00Z",58.01,58.01,NA,NA,NA,0,0,NA
"94","2022-09-06T23:50:00Z","20220308029","2022","0308","029","161980","Chinook Salmon","Oncorhynchus tshawytscha","IM",NA,2,4960,"400601","01","Bering Sea",29,2022,"58-169","S","Can Trawl 400 headrope, 601 sidewalls","2022-09-06T23:20:00Z",58,-168.97,"2022-09-06T23:50:00Z",57.98,-169,NA,72,55.5,23.58,"194.11",23220,"8755010206",NA,"2022-09-06T23:15:00Z",58.01,58.01,NA,NA,NA,0,0,NA
"95","2022-09-06T23:50:00Z","20220308029","2022","0308","029","164711","Pacific Cod","Gadus macrocephalus","A0",NA,3,3,"400601","01","Bering Sea",29,2022,"58-169","S","Can Trawl 400 headrope, 601 sidewalls","2022-09-06T23:20:00Z",58,-168.97,"2022-09-06T23:50:00Z",57.98,-169,NA,72,55.5,23.58,"194.11",21720,"8791030401",NA,"2022-09-06T23:15:00Z",58.01,58.01,NA,NA,NA,0,0,NA
"96","2022-09-06T23:50:00Z","20220308029","2022","0308","029","166365","Threespine stickleback","Gasterosteus aculeatus","U",NA,1,4,"400601","01","Bering Sea",29,2022,"58-169","S","Can Trawl 400 headrope, 601 sidewalls","2022-09-06T23:20:00Z",58,-168.97,"2022-09-06T23:50:00Z",57.98,-169,NA,72,55.5,23.58,"194.11",21752,"8818010101",NA,"2022-09-06T23:15:00Z",58.01,58.01,NA,NA,NA,0,0,NA
"97","2022-09-06T23:50:00Z","20220308029","2022","0308","029","934083","Pollock","Gadus chalcogrammus","U",NA,3126,2996,"400601","01","Bering Sea",29,2022,"58-169","S","Can Trawl 400 headrope, 601 sidewalls","2022-09-06T23:20:00Z",58,-168.97,"2022-09-06T23:50:00Z",57.98,-169,NA,72,55.5,23.58,"194.11",21740,"8791030701",NA,"2022-09-06T23:15:00Z",58.01,58.01,NA,NA,NA,0,0,NA
"98","2022-09-07T04:09:00Z","20220308029","2022","0308","029","51641","Northern Sea Nettle","Chrysaora melanaster","U",NA,178,172362.95,"NETS156","03","Bering Sea",29,2022,"58-169","O","NETS Pelagic Trawl","2022-09-07T04:09:00Z",57.99,-169,"2022-09-07T04:09:00Z",57.99,-169,NA,72,17,8,"240",40504,NA,NA,"2022-09-07T03:57:00Z",58,58,NA,NA,NA,0,0,NA
"99","2022-09-15T17:30:00Z","20220202038","2022","0202","038","161980","Chinook Salmon","Oncorhynchus tshawytscha","J",NA,5,337,"400601","03",NA,38,2022,NA,"S","Can Trawl 400 headrope, 601 sidewalls","2022-09-15T17:00:00Z",64.09,-162.5,"2022-09-15T17:30:00Z",64.09,-162.59,NA,20,49.41,19.07,"330",23220,"8755010206",NA,NA,0,0,NA,NA,NA,0,0,NA
"100","2022-09-15T17:30:00Z","20220202038","2022","0202","038","162041","Rainbow Smelt","Osmerus mordax dentex","U",NA,666.41,4442.7,"400601","03",NA,38,2022,NA,"S","Can Trawl 400 headrope, 601 sidewalls","2022-09-15T17:00:00Z",64.09,-162.5,"2022-09-15T17:30:00Z",64.09,-162.59,NA,20,49.41,19.07,"330",23055,"8755030302",NA,NA,0,0,NA,NA,NA,0,0,NA
"101","2022-09-15T17:30:00Z","20220202038","2022","0202","038","164708","Saffron Cod","Eleginus gracilis","A0",NA,44.42,355.4,"400601","03",NA,38,2022,NA,"S","Can Trawl 400 headrope, 601 sidewalls","2022-09-15T17:00:00Z",64.09,-162.5,"2022-09-15T17:30:00Z",64.09,-162.59,NA,20,49.41,19.07,"330",21735,"8791030301",NA,NA,0,0,NA,NA,NA,0,0,NA
"102","2022-09-15T17:30:00Z","20220202038","2022","0202","038","172893","Starry Flounder","Platichthys stellatus","U",NA,4,1730,"400601","03",NA,38,2022,NA,"S","Can Trawl 400 headrope, 601 sidewalls","2022-09-15T17:00:00Z",64.09,-162.5,"2022-09-15T17:30:00Z",64.09,-162.59,NA,20,49.41,19.07,"330",10220,"8857041401",NA,NA,0,0,NA,NA,NA,0,0,NA
"103","2022-09-15T17:30:00Z","20220202038","2022","0202","038","551209","Pacific Herring","Clupea pallasi","A0",NA,13204.65,39096.1,"400601","03",NA,38,2022,NA,"S","Can Trawl 400 headrope, 601 sidewalls","2022-09-15T17:00:00Z",64.09,-162.5,"2022-09-15T17:30:00Z",64.09,-162.59,NA,20,49.41,19.07,"330",21110,"8747010201",NA,NA,0,0,NA,NA,NA,0,0,NA
"104","2022-09-15T17:30:00Z","20220202038","2022","0202","038","551209","Pacific Herring","Clupea pallasi","A1+",NA,93.58,3223,"400601","03",NA,38,2022,NA,"S","Can Trawl 400 headrope, 601 sidewalls","2022-09-15T17:00:00Z",64.09,-162.5,"2022-09-15T17:30:00Z",64.09,-162.59,NA,20,49.41,19.07,"330",21110,"8747010201",NA,NA,0,0,NA,NA,NA,0,0,NA
"105","2022-09-15T21:30:00Z","20220202039","2022","0202","039","51671","Cyanea capillata","Cyanea capillata","U",NA,0,1183.71,"400601","03",NA,39,2022,NA,"S","Can Trawl 400 headrope, 601 sidewalls","2022-09-15T21:00:00Z",64.09,-163.49,"2022-09-15T21:30:00Z",64.09,-163.56,NA,24,53.43,19.04,"330",40561,NA,NA,NA,0,0,NA,NA,NA,0,0,NA
"106","2022-09-15T21:30:00Z","20220202039","2022","0202","039","51700","Aurelia sp.","Aurelia sp.","U",NA,0,4637.56,"400601","03",NA,39,2022,NA,"S","Can Trawl 400 headrope, 601 sidewalls","2022-09-15T21:00:00Z",64.09,-163.49,"2022-09-15T21:30:00Z",64.09,-163.56,NA,24,53.43,19.04,"330",40511,NA,NA,NA,0,0,NA,NA,NA,0,0,NA
"107","2022-09-15T21:30:00Z","20220202039","2022","0202","039","97110","Sevenspine bay shrimp","Crangon septemspinosa","U",NA,178.36,129.7,"400601","03",NA,39,2022,NA,"S","Can Trawl 400 headrope, 601 sidewalls","2022-09-15T21:00:00Z",64.09,-163.49,"2022-09-15T21:30:00Z",64.09,-163.56,NA,24,53.43,19.04,"330",NA,"66548",NA,NA,0,0,NA,NA,NA,0,0,NA
"108","2022-09-15T21:30:00Z","20220202039","2022","0202","039","161975","Pink Salmon","Oncorhynchus gorbuscha","J",NA,3,92,"400601","03",NA,39,2022,NA,"S","Can Trawl 400 headrope, 601 sidewalls","2022-09-15T21:00:00Z",64.09,-163.49,"2022-09-15T21:30:00Z",64.09,-163.56,NA,24,53.43,19.04,"330",23230,"8755010201",NA,NA,0,0,NA,NA,NA,0,0,NA
"109","2022-09-15T21:30:00Z","20220202039","2022","0202","039","161976","Chum Salmon","Oncorhynchus keta","J",NA,27,1298,"400601","03",NA,39,2022,NA,"S","Can Trawl 400 headrope, 601 sidewalls","2022-09-15T21:00:00Z",64.09,-163.49,"2022-09-15T21:30:00Z",64.09,-163.56,NA,24,53.43,19.04,"330",23235,"8755010202","WASHDOWN ",NA,0,0,NA,NA,NA,0,0,NA
"110","2022-09-15T21:30:00Z","20220202039","2022","0202","039","161977","Coho Salmon","Oncorhynchus kisutch","J",NA,32,7250,"400601","03",NA,39,2022,NA,"S","Can Trawl 400 headrope, 601 sidewalls","2022-09-15T21:00:00Z",64.09,-163.49,"2022-09-15T21:30:00Z",64.09,-163.56,NA,24,53.43,19.04,"330",23225,"8755010203","WASHDOWN ",NA,0,0,NA,NA,NA,0,0,NA
"111","2022-09-15T21:30:00Z","20220202039","2022","0202","039","161980","Chinook Salmon","Oncorhynchus tshawytscha","J",NA,58,6310,"400601","03",NA,39,2022,NA,"S","Can Trawl 400 headrope, 601 sidewalls","2022-09-15T21:00:00Z",64.09,-163.49,"2022-09-15T21:30:00Z",64.09,-163.56,NA,24,53.43,19.04,"330",23220,"8755010206",NA,NA,0,0,NA,NA,NA,0,0,NA
"112","2022-09-15T21:30:00Z","20220202039","2022","0202","039","162041","Rainbow Smelt","Osmerus mordax dentex","U",NA,81.07,2335,"400601","03",NA,39,2022,NA,"S","Can Trawl 400 headrope, 601 sidewalls","2022-09-15T21:00:00Z",64.09,-163.49,"2022-09-15T21:30:00Z",64.09,-163.56,NA,24,53.43,19.04,"330",23055,"8755030302",NA,NA,0,0,NA,NA,NA,0,0,NA
"113","2022-09-15T21:30:00Z","20220202039","2022","0202","039","164708","Saffron Cod","Eleginus gracilis","A1+",NA,3,178,"400601","03",NA,39,2022,NA,"S","Can Trawl 400 headrope, 601 sidewalls","2022-09-15T21:00:00Z",64.09,-163.49,"2022-09-15T21:30:00Z",64.09,-163.56,NA,24,53.43,19.04,"330",21735,"8791030301",NA,NA,0,0,NA,NA,NA,0,0,NA
"114","2022-09-15T21:30:00Z","20220202039","2022","0202","039","551209","Pacific Herring","Clupea pallasi","A0",NA,24346.5,50153.8,"400601","03",NA,39,2022,NA,"S","Can Trawl 400 headrope, 601 sidewalls","2022-09-15T21:00:00Z",64.09,-163.49,"2022-09-15T21:30:00Z",64.09,-163.56,NA,24,53.43,19.04,"330",21110,"8747010201","NONSUB FOR GLASS GENETICS ",NA,0,0,NA,NA,NA,0,0,NA
"115","2022-09-15T21:30:00Z","20220202039","2022","0202","039","551209","Pacific Herring","Clupea pallasi","A1+",NA,20,1640,"400601","03",NA,39,2022,NA,"S","Can Trawl 400 headrope, 601 sidewalls","2022-09-15T21:00:00Z",64.09,-163.49,"2022-09-15T21:30:00Z",64.09,-163.56,NA,24,53.43,19.04,"330",21110,"8747010201",NA,NA,0,0,NA,NA,NA,0,0,NA
"116","2022-09-16T01:27:00Z","20220202040","2022","0202","040","51641","Northern Sea Nettle","Chrysaora melanaster","U",NA,0,25540,"400601","03",NA,40,2022,NA,"S","Can Trawl 400 headrope, 601 sidewalls","2022-09-16T00:57:00Z",64.1,-164.5,"2022-09-16T01:27:00Z",64.1,-164.58,NA,21,50.66,17.75,"330",40504,NA,NA,NA,0,0,NA,NA,NA,0,0,NA
"117","2022-09-16T01:27:00Z","20220202040","2022","0202","040","51671","Cyanea capillata","Cyanea capillata","U",NA,0,2000,"400601","03",NA,40,2022,NA,"S","Can Trawl 400 headrope, 601 sidewalls","2022-09-16T00:57:00Z",64.1,-164.5,"2022-09-16T01:27:00Z",64.1,-164.58,NA,21,50.66,17.75,"330",40561,NA,NA,NA,0,0,NA,NA,NA,0,0,NA
"118","2022-09-16T01:27:00Z","20220202040","2022","0202","040","97110","Sevenspine bay shrimp","Crangon septemspinosa","U",NA,96.43,96.4,"400601","03",NA,40,2022,NA,"S","Can Trawl 400 headrope, 601 sidewalls","2022-09-16T00:57:00Z",64.1,-164.5,"2022-09-16T01:27:00Z",64.1,-164.58,NA,21,50.66,17.75,"330",NA,"66548",NA,NA,0,0,NA,NA,NA,0,0,NA
"119","2022-09-16T01:27:00Z","20220202040","2022","0202","040","162041","Rainbow Smelt","Osmerus mordax dentex","U",NA,24.1,289.3,"400601","03",NA,40,2022,NA,"S","Can Trawl 400 headrope, 601 sidewalls","2022-09-16T00:57:00Z",64.1,-164.5,"2022-09-16T01:27:00Z",64.1,-164.58,NA,21,50.66,17.75,"330",23055,"8755030302",NA,NA,0,0,NA,NA,NA,0,0,NA
"120","2022-09-16T01:27:00Z","20220202040","2022","0202","040","164708","Saffron Cod","Eleginus gracilis","A1+",NA,3,165,"400601","03",NA,40,2022,NA,"S","Can Trawl 400 headrope, 601 sidewalls","2022-09-16T00:57:00Z",64.1,-164.5,"2022-09-16T01:27:00Z",64.1,-164.58,NA,21,50.66,17.75,"330",21735,"8791030301",NA,NA,0,0,NA,NA,NA,0,0,NA
"121","2022-09-16T01:27:00Z","20220202040","2022","0202","040","166365","Threespine stickleback","Gasterosteus aculeatus","U",NA,192.87,217,"400601","03",NA,40,2022,NA,"S","Can Trawl 400 headrope, 601 sidewalls","2022-09-16T00:57:00Z",64.1,-164.5,"2022-09-16T01:27:00Z",64.1,-164.58,NA,21,50.66,17.75,"330",21752,"8818010101",NA,NA,0,0,NA,NA,NA,0,0,NA
"122","2022-09-16T01:27:00Z","20220202040","2022","0202","040","167220","Crested Sculpin","Blepsias bilobus","U",NA,1,10,"400601","03",NA,40,2022,NA,"S","Can Trawl 400 headrope, 601 sidewalls","2022-09-16T00:57:00Z",64.1,-164.5,"2022-09-16T01:27:00Z",64.1,-164.58,NA,21,50.66,17.75,"330",21397,"8831020601",NA,NA,0,0,NA,NA,NA,0,0,NA
"123","2022-09-16T01:27:00Z","20220202040","2022","0202","040","172893","Starry Flounder","Platichthys stellatus","U",NA,5,1890,"400601","03",NA,40,2022,NA,"S","Can Trawl 400 headrope, 601 sidewalls","2022-09-16T00:57:00Z",64.1,-164.5,"2022-09-16T01:27:00Z",64.1,-164.58,NA,21,50.66,17.75,"330",10220,"8857041401",NA,NA,0,0,NA,NA,NA,0,0,NA
"124","2022-09-16T01:27:00Z","20220202040","2022","0202","040","172911","Longhead Dab","Limanda proboscidea","L",NA,24.1,24.1,"400601","03",NA,40,2022,NA,"S","Can Trawl 400 headrope, 601 sidewalls","2022-09-16T00:57:00Z",64.1,-164.5,"2022-09-16T01:27:00Z",64.1,-164.58,NA,21,50.66,17.75,"330",10211,"8857041507",NA,NA,0,0,NA,NA,NA,0,0,NA
"125","2022-09-16T01:27:00Z","20220202040","2022","0202","040","551209","Pacific Herring","Clupea pallasi","A0",NA,19464.27,79414.3,"400601","03",NA,40,2022,NA,"S","Can Trawl 400 headrope, 601 sidewalls","2022-09-16T00:57:00Z",64.1,-164.5,"2022-09-16T01:27:00Z",64.1,-164.58,NA,21,50.66,17.75,"330",21110,"8747010201",NA,NA,0,0,NA,NA,NA,0,0,NA
"126","2022-09-16T01:27:00Z","20220202040","2022","0202","040","551209","Pacific Herring","Clupea pallasi","A1+",NA,30,2025,"400601","03",NA,40,2022,NA,"S","Can Trawl 400 headrope, 601 sidewalls","2022-09-16T00:57:00Z",64.1,-164.5,"2022-09-16T01:27:00Z",64.1,-164.58,NA,21,50.66,17.75,"330",21110,"8747010201",NA,NA,0,0,NA,NA,NA,0,0,NA
"127","2022-09-16T01:27:00Z","20220202040","2022","0202","040","934083","Pollock","Gadus chalcogrammus","A1+",NA,1,28,"400601","03",NA,40,2022,NA,"S","Can Trawl 400 headrope, 601 sidewalls","2022-09-16T00:57:00Z",64.1,-164.5,"2022-09-16T01:27:00Z",64.1,-164.58,NA,21,50.66,17.75,"330",21740,"8791030701",NA,NA,0,0,NA,NA,NA,0,0,NA
"128","2022-08-19T02:17:00Z","20220308001","2022","0308","001","50513","Staurophora mertensi","Staurophora mertensi","U",NA,0,6890,"400601","06","Bering Sea",1,2022,"55.5-163.75","S","Can Trawl 400 headrope, 601 sidewalls","2022-08-19T01:47:00Z",55.52,-163.8,"2022-08-19T02:17:00Z",55.5,-163.76,NA,86,55.5,23.55,"197.92",NA,"40562",NA,"2022-08-19T01:42:00Z",55.53,55.53,NA,NA,NA,0,0,NA
"129","2022-08-19T02:17:00Z","20220308001","2022","0308","001","50623","Aequorea  sp.","Aequorea sp.","U",NA,0,9360,"400601","06","Bering Sea",1,2022,"55.5-163.75","S","Can Trawl 400 headrope, 601 sidewalls","2022-08-19T01:47:00Z",55.52,-163.8,"2022-08-19T02:17:00Z",55.5,-163.76,NA,86,55.5,23.55,"197.92",40506,NA,NA,"2022-08-19T01:42:00Z",55.53,55.53,NA,NA,NA,0,0,NA
"130","2022-08-19T02:17:00Z","20220308001","2022","0308","001","51641","Northern Sea Nettle","Chrysaora melanaster","U",NA,61,26480,"400601","06","Bering Sea",1,2022,"55.5-163.75","S","Can Trawl 400 headrope, 601 sidewalls","2022-08-19T01:47:00Z",55.52,-163.8,"2022-08-19T02:17:00Z",55.5,-163.76,NA,86,55.5,23.55,"197.92",40504,NA,NA,"2022-08-19T01:42:00Z",55.53,55.53,NA,NA,NA,0,0,NA
"131","2022-08-19T02:17:00Z","20220308001","2022","0308","001","51671","Cyanea capillata","Cyanea capillata","U",NA,32,12700,"400601","06","Bering Sea",1,2022,"55.5-163.75","S","Can Trawl 400 headrope, 601 sidewalls","2022-08-19T01:47:00Z",55.52,-163.8,"2022-08-19T02:17:00Z",55.5,-163.76,NA,86,55.5,23.55,"197.92",40561,NA,NA,"2022-08-19T01:42:00Z",55.53,55.53,NA,NA,NA,0,0,NA
"132","2022-08-19T02:17:00Z","20220308001","2022","0308","001","161975","Pink Salmon","Oncorhynchus gorbuscha","J",NA,6,97,"400601","06","Bering Sea",1,2022,"55.5-163.75","S","Can Trawl 400 headrope, 601 sidewalls","2022-08-19T01:47:00Z",55.52,-163.8,"2022-08-19T02:17:00Z",55.5,-163.76,NA,86,55.5,23.55,"197.92",23230,"8755010201",NA,"2022-08-19T01:42:00Z",55.53,55.53,NA,NA,NA,0,0,NA
"133","2022-08-19T02:17:00Z","20220308001","2022","0308","001","161976","Chum Salmon","Oncorhynchus keta","J",NA,74,2107,"400601","06","Bering Sea",1,2022,"55.5-163.75","S","Can Trawl 400 headrope, 601 sidewalls","2022-08-19T01:47:00Z",55.52,-163.8,"2022-08-19T02:17:00Z",55.5,-163.76,NA,86,55.5,23.55,"197.92",23235,"8755010202",NA,"2022-08-19T01:42:00Z",55.53,55.53,NA,NA,NA,0,0,NA
"134","2022-08-19T02:17:00Z","20220308001","2022","0308","001","161979","Sockeye Salmon","Oncorhynchus nerka","J",NA,270,6393,"400601","06","Bering Sea",1,2022,"55.5-163.75","S","Can Trawl 400 headrope, 601 sidewalls","2022-08-19T01:47:00Z",55.52,-163.8,"2022-08-19T02:17:00Z",55.5,-163.76,NA,86,55.5,23.55,"197.92",23240,"8755010205",NA,"2022-08-19T01:42:00Z",55.53,55.53,NA,NA,NA,0,0,NA
"135","2022-08-19T02:17:00Z","20220308001","2022","0308","001","164711","Pacific Cod","Gadus macrocephalus","A0",NA,62,112,"400601","06","Bering Sea",1,2022,"55.5-163.75","S","Can Trawl 400 headrope, 601 sidewalls","2022-08-19T01:47:00Z",55.52,-163.8,"2022-08-19T02:17:00Z",55.5,-163.76,NA,86,55.5,23.55,"197.92",21720,"8791030401",NA,"2022-08-19T01:42:00Z",55.53,55.53,NA,NA,NA,0,0,NA
"136","2022-08-19T02:17:00Z","20220308001","2022","0308","001","167220","Crested Sculpin","Blepsias bilobus","U",NA,2,28,"400601","06","Bering Sea",1,2022,"55.5-163.75","S","Can Trawl 400 headrope, 601 sidewalls","2022-08-19T01:47:00Z",55.52,-163.8,"2022-08-19T02:17:00Z",55.5,-163.76,NA,86,55.5,23.55,"197.92",21397,"8831020601",NA,"2022-08-19T01:42:00Z",55.53,55.53,NA,NA,NA,0,0,NA
"137","2022-08-19T02:17:00Z","20220308001","2022","0308","001","171337","Bering Wolffish","Anarhichas orientalis","U",NA,2,156,"400601","06","Bering Sea",1,2022,"55.5-163.75","S","Can Trawl 400 headrope, 601 sidewalls","2022-08-19T01:47:00Z",55.52,-163.8,"2022-08-19T02:17:00Z",55.5,-163.76,NA,86,55.5,23.55,"197.92",20322,"8842020101",NA,"2022-08-19T01:42:00Z",55.53,55.53,NA,NA,NA,0,0,NA
"138","2022-08-19T02:17:00Z","20220308001","2022","0308","001","171659","Prowfish","Zaprora silenus","U",NA,8,130,"400601","06","Bering Sea",1,2022,"55.5-163.75","S","Can Trawl 400 headrope, 601 sidewalls","2022-08-19T01:47:00Z",55.52,-163.8,"2022-08-19T02:17:00Z",55.5,-163.76,NA,86,55.5,23.55,"197.92",24001,"8842150101",NA,"2022-08-19T01:42:00Z",55.53,55.53,NA,NA,NA,0,0,NA
"139","2021-09-06T22:01:00Z","20210201023","2021","0201","023","162035","Capelin","Mallotus villosus","A0",NA,1,2,"400601","05","Bering Sea",23,2021,NA,"S","Can Trawl 400 headrope, 601 sidewalls","2021-09-06T21:31:00Z",61.99,-170.02,"2021-09-06T22:01:00Z",61.97,-170.08,NA,44,50.02,22.94,"330",23041,"8755030201",NA,NA,0,0,NA,NA,NA,0,0,NA
"140","2021-09-06T22:01:00Z","20210201023","2021","0201","023","166387","Nine-spine Stickleback","Pungitius pungitius","A0",NA,6,17,"400601","05","Bering Sea",23,2021,NA,"S","Can Trawl 400 headrope, 601 sidewalls","2021-09-06T21:31:00Z",61.99,-170.02,"2021-09-06T22:01:00Z",61.97,-170.08,NA,44,50.02,22.94,"330",21753,"8818010201",NA,NA,0,0,NA,NA,NA,0,0,NA
"141","2021-09-06T22:01:00Z","20210201023","2021","0201","023","171672","Arctic Sand Lance","Ammodytes hexapterus","U",NA,30,20,"400601","05","Bering Sea",23,2021,NA,"S","Can Trawl 400 headrope, 601 sidewalls","2021-09-06T21:31:00Z",61.99,-170.02,"2021-09-06T22:01:00Z",61.97,-170.08,NA,44,50.02,22.94,"330",20203,"8845010101",NA,NA,0,0,NA,NA,NA,0,0,NA
"142","2021-09-06T22:01:00Z","20210201023","2021","0201","023","622287","Arctic Lamprey","Lethenteron camtschaticum","U",NA,4,390,"400601","05","Bering Sea",23,2021,NA,"S","Can Trawl 400 headrope, 601 sidewalls","2021-09-06T21:31:00Z",61.99,-170.02,"2021-09-06T22:01:00Z",61.97,-170.08,NA,44,50.02,22.94,"330",NA,"8603010201",NA,NA,0,0,NA,NA,NA,0,0,NA
"143","2021-09-06T22:01:00Z","20210201023","2021","0201","023","934083","Pollock","Gadus chalcogrammus","A",NA,4,3200,"400601","05","Bering Sea",23,2021,NA,"S","Can Trawl 400 headrope, 601 sidewalls","2021-09-06T21:31:00Z",61.99,-170.02,"2021-09-06T22:01:00Z",61.97,-170.08,NA,44,50.02,22.94,"330",21740,"8791030701",NA,NA,0,0,NA,NA,NA,0,0,NA
"144","2021-09-06T22:01:00Z","20210201023","2021","0201","023","934083","Pollock","Gadus chalcogrammus","A0",NA,4502.21,3228,"400601","05","Bering Sea",23,2021,NA,"S","Can Trawl 400 headrope, 601 sidewalls","2021-09-06T21:31:00Z",61.99,-170.02,"2021-09-06T22:01:00Z",61.97,-170.08,NA,44,50.02,22.94,"330",21740,"8791030701",NA,NA,0,0,NA,NA,NA,0,0,NA
"145","2021-09-06T22:01:00Z","20210201023","2021","0201","023","934083","Pollock","Gadus chalcogrammus","A1+",NA,47,1770,"400601","05","Bering Sea",23,2021,NA,"S","Can Trawl 400 headrope, 601 sidewalls","2021-09-06T21:31:00Z",61.99,-170.02,"2021-09-06T22:01:00Z",61.97,-170.08,NA,44,50.02,22.94,"330",21740,"8791030701",NA,NA,0,0,NA,NA,NA,0,0,NA
"146","2021-09-07T02:32:00Z","20210201024","2021","0201","024","51641","Northern Sea Nettle","Chrysaora melanaster","U",NA,0,5850,"400601","04","Bering Sea",24,2021,NA,"S","Can Trawl 400 headrope, 601 sidewalls","2021-09-07T02:02:00Z",62,-170.99,"2021-09-07T02:32:00Z",62.04,-170.97,NA,49,50.81,20.86,"330",40504,NA,NA,NA,0,0,NA,NA,NA,0,0,NA
"147","2021-09-07T02:32:00Z","20210201024","2021","0201","024","166387","Nine-spine Stickleback","Pungitius pungitius","A0",NA,6,15,"400601","04","Bering Sea",24,2021,NA,"S","Can Trawl 400 headrope, 601 sidewalls","2021-09-07T02:02:00Z",62,-170.99,"2021-09-07T02:32:00Z",62.04,-170.97,NA,49,50.81,20.86,"330",21753,"8818010201",NA,NA,0,0,NA,NA,NA,0,0,NA
"148","2021-09-07T02:32:00Z","20210201024","2021","0201","024","622287","Arctic Lamprey","Lethenteron camtschaticum","U",NA,2,190,"400601","04","Bering Sea",24,2021,NA,"S","Can Trawl 400 headrope, 601 sidewalls","2021-09-07T02:02:00Z",62,-170.99,"2021-09-07T02:32:00Z",62.04,-170.97,NA,49,50.81,20.86,"330",NA,"8603010201",NA,NA,0,0,NA,NA,NA,0,0,NA
"149","2021-09-07T02:32:00Z","20210201024","2021","0201","024","934083","Pollock","Gadus chalcogrammus","A0",NA,8174.51,7323,"400601","04","Bering Sea",24,2021,NA,"S","Can Trawl 400 headrope, 601 sidewalls","2021-09-07T02:02:00Z",62,-170.99,"2021-09-07T02:32:00Z",62.04,-170.97,NA,49,50.81,20.86,"330",21740,"8791030701",NA,NA,0,0,NA,NA,NA,0,0,NA
"150","2021-09-07T02:32:00Z","20210201024","2021","0201","024","934083","Pollock","Gadus chalcogrammus","A1+",NA,1,810,"400601","04","Bering Sea",24,2021,NA,"S","Can Trawl 400 headrope, 601 sidewalls","2021-09-07T02:02:00Z",62,-170.99,"2021-09-07T02:32:00Z",62.04,-170.97,NA,49,50.81,20.86,"330",21740,"8791030701",NA,NA,0,0,NA,NA,NA,0,0,NA
"151","2021-09-07T17:26:00Z","20210201025","2021","0201","025","51641","Northern Sea Nettle","Chrysaora melanaster","U",NA,0,186470,"400601","04","Bering Sea",25,2021,NA,"S","Can Trawl 400 headrope, 601 sidewalls","2021-09-07T16:56:00Z",62.51,-170.99,"2021-09-07T17:26:00Z",62.53,-170.92,NA,44,45.1,20.68,"330",40504,NA,NA,NA,0,0,NA,NA,NA,0,0,NA
"152","2021-09-07T17:26:00Z","20210201025","2021","0201","025","161980","Chinook Salmon","Oncorhynchus tshawytscha","IM",NA,1,520,"400601","04","Bering Sea",25,2021,NA,"S","Can Trawl 400 headrope, 601 sidewalls","2021-09-07T16:56:00Z",62.51,-170.99,"2021-09-07T17:26:00Z",62.53,-170.92,NA,44,45.1,20.68,"330",23220,"8755010206",NA,NA,0,0,NA,NA,NA,0,0,NA
"153","2021-09-07T17:26:00Z","20210201025","2021","0201","025","551209","Pacific Herring","Clupea pallasi","A1+",NA,3,40,"400601","04","Bering Sea",25,2021,NA,"S","Can Trawl 400 headrope, 601 sidewalls","2021-09-07T16:56:00Z",62.51,-170.99,"2021-09-07T17:26:00Z",62.53,-170.92,NA,44,45.1,20.68,"330",21110,"8747010201",NA,NA,0,0,NA,NA,NA,0,0,NA
"154","2021-09-07T17:26:00Z","20210201025","2021","0201","025","934083","Pollock","Gadus chalcogrammus","A0",NA,1887,2590,"400601","04","Bering Sea",25,2021,NA,"S","Can Trawl 400 headrope, 601 sidewalls","2021-09-07T16:56:00Z",62.51,-170.99,"2021-09-07T17:26:00Z",62.53,-170.92,NA,44,45.1,20.68,"330",21740,"8791030701",NA,NA,0,0,NA,NA,NA,0,0,NA
"155","2022-09-05T17:32:00Z","20220202011","2022","0202","011","172930","Greenland Halibut","Reinhardtius hippoglossoides","L",NA,1,1,"400601","03",NA,11,2022,NA,"S","Can Trawl 400 headrope, 601 sidewalls","2022-09-05T17:02:00Z",61,-169.99,"2022-09-05T17:32:00Z",61.03,-169.98,NA,47,51.08,22.21,"330",10115,"8857041801",NA,NA,0,0,NA,NA,NA,0,0,NA
"156","2022-09-05T17:32:00Z","20220202011","2022","0202","011","934083","Pollock","Gadus chalcogrammus","A0",NA,4015.55,1390,"400601","03",NA,11,2022,NA,"S","Can Trawl 400 headrope, 601 sidewalls","2022-09-05T17:02:00Z",61,-169.99,"2022-09-05T17:32:00Z",61.03,-169.98,NA,47,51.08,22.21,"330",21740,"8791030701",NA,NA,0,0,NA,NA,NA,0,0,NA
"157","2022-09-05T22:03:00Z","20220202012","2022","0202","012","51641","Northern Sea Nettle","Chrysaora melanaster","U",NA,0,23630,"400601","03",NA,12,2022,NA,"S","Can Trawl 400 headrope, 601 sidewalls","2022-09-05T21:33:00Z",61.49,-169.97,"2022-09-05T22:03:00Z",61.51,-169.91,NA,47,49.49,21.7,"330",40504,NA,NA,NA,0,0,NA,NA,NA,0,0,NA
"158","2022-09-05T22:03:00Z","20220202012","2022","0202","012","51671","Cyanea capillata","Cyanea capillata","U",NA,1,170,"400601","03",NA,12,2022,NA,"S","Can Trawl 400 headrope, 601 sidewalls","2022-09-05T21:33:00Z",61.49,-169.97,"2022-09-05T22:03:00Z",61.51,-169.91,NA,47,49.49,21.7,"330",40561,NA,NA,NA,0,0,NA,NA,NA,0,0,NA
"159","2022-09-05T22:03:00Z","20220202012","2022","0202","012","161976","Chum Salmon","Oncorhynchus keta","IM",NA,1,2720,"400601","03",NA,12,2022,NA,"S","Can Trawl 400 headrope, 601 sidewalls","2022-09-05T21:33:00Z",61.49,-169.97,"2022-09-05T22:03:00Z",61.51,-169.91,NA,47,49.49,21.7,"330",23235,"8755010202",NA,NA,0,0,NA,NA,NA,0,0,NA
"160","2022-09-05T22:03:00Z","20220202012","2022","0202","012","172907","Yellowfin Sole","Limanda aspera","U",NA,1,980,"400601","03",NA,12,2022,NA,"S","Can Trawl 400 headrope, 601 sidewalls","2022-09-05T21:33:00Z",61.49,-169.97,"2022-09-05T22:03:00Z",61.51,-169.91,NA,47,49.49,21.7,"330",10210,"8857041505",NA,NA,0,0,NA,NA,NA,0,0,NA
"161","2022-09-05T22:03:00Z","20220202012","2022","0202","012","934083","Pollock","Gadus chalcogrammus","A0",NA,104.21,44,"400601","03",NA,12,2022,NA,"S","Can Trawl 400 headrope, 601 sidewalls","2022-09-05T21:33:00Z",61.49,-169.97,"2022-09-05T22:03:00Z",61.51,-169.91,NA,47,49.49,21.7,"330",21740,"8791030701",NA,NA,0,0,NA,NA,NA,0,0,NA
"162","2022-09-05T22:03:00Z","20220202012","2022","0202","012","934083","Pollock","Gadus chalcogrammus","A1+",NA,2,880,"400601","03",NA,12,2022,NA,"S","Can Trawl 400 headrope, 601 sidewalls","2022-09-05T21:33:00Z",61.49,-169.97,"2022-09-05T22:03:00Z",61.51,-169.91,NA,47,49.49,21.7,"330",21740,"8791030701",NA,NA,0,0,NA,NA,NA,0,0,NA
"163","2022-09-06T02:15:00Z","20220202013","2022","0202","013","51641","Northern Sea Nettle","Chrysaora melanaster","U",NA,5,201,"400601","03",NA,13,2022,NA,"S","Can Trawl 400 headrope, 601 sidewalls","2022-09-06T01:45:00Z",61.5,-168.95,"2022-09-06T02:15:00Z",61.52,-168.88,NA,36,52.26,22.94,"330",40504,NA,NA,NA,0,0,NA,NA,NA,0,0,NA
"164","2022-09-06T02:15:00Z","20220202013","2022","0202","013","51671","Cyanea capillata","Cyanea capillata","U",NA,1,39,"400601","03",NA,13,2022,NA,"S","Can Trawl 400 headrope, 601 sidewalls","2022-09-06T01:45:00Z",61.5,-168.95,"2022-09-06T02:15:00Z",61.52,-168.88,NA,36,52.26,22.94,"330",40561,NA,NA,NA,0,0,NA,NA,NA,0,0,NA
"165","2022-09-06T02:15:00Z","20220202013","2022","0202","013","97113","Ridged crangon","Crangon dalli","U",NA,5,8,"400601","03",NA,13,2022,NA,"S","Can Trawl 400 headrope, 601 sidewalls","2022-09-06T01:45:00Z",61.5,-168.95,"2022-09-06T02:15:00Z",61.52,-168.88,NA,36,52.26,22.94,"330",66530,NA,NA,NA,0,0,NA,NA,NA,0,0,NA
"166","2022-09-06T02:15:00Z","20220202013","2022","0202","013","97160","Argis sp.","Argis sp.","U",NA,2,3,"400601","03",NA,13,2022,NA,"S","Can Trawl 400 headrope, 601 sidewalls","2022-09-06T01:45:00Z",61.5,-168.95,"2022-09-06T02:15:00Z",61.52,-168.88,NA,36,52.26,22.94,"330",66570,NA,NA,NA,0,0,NA,NA,NA,0,0,NA
"167","2022-09-06T02:15:00Z","20220202013","2022","0202","013","162035","Capelin","Mallotus villosus","U",NA,7,29,"400601","03",NA,13,2022,NA,"S","Can Trawl 400 headrope, 601 sidewalls","2022-09-06T01:45:00Z",61.5,-168.95,"2022-09-06T02:15:00Z",61.52,-168.88,NA,36,52.26,22.94,"330",23041,"8755030201",NA,NA,0,0,NA,NA,NA,0,0,NA
"168","2022-09-06T02:15:00Z","20220202013","2022","0202","013","171672","Arctic Sand Lance","Ammodytes hexapterus","A0",NA,50,50,"400601","03",NA,13,2022,NA,"S","Can Trawl 400 headrope, 601 sidewalls","2022-09-06T01:45:00Z",61.5,-168.95,"2022-09-06T02:15:00Z",61.52,-168.88,NA,36,52.26,22.94,"330",20203,"8845010101",NA,NA,0,0,NA,NA,NA,0,0,NA
"169","2022-09-06T02:15:00Z","20220202013","2022","0202","013","172893","Starry Flounder","Platichthys stellatus","U",NA,2,730,"400601","03",NA,13,2022,NA,"S","Can Trawl 400 headrope, 601 sidewalls","2022-09-06T01:45:00Z",61.5,-168.95,"2022-09-06T02:15:00Z",61.52,-168.88,NA,36,52.26,22.94,"330",10220,"8857041401",NA,NA,0,0,NA,NA,NA,0,0,NA
"170","2022-09-06T02:15:00Z","20220202013","2022","0202","013","172907","Yellowfin Sole","Limanda aspera","U",NA,11,1870,"400601","03",NA,13,2022,NA,"S","Can Trawl 400 headrope, 601 sidewalls","2022-09-06T01:45:00Z",61.5,-168.95,"2022-09-06T02:15:00Z",61.52,-168.88,NA,36,52.26,22.94,"330",10210,"8857041505",NA,NA,0,0,NA,NA,NA,0,0,NA
"171","2022-09-06T02:15:00Z","20220202013","2022","0202","013","172911","Longhead Dab","Limanda proboscidea","L",NA,18,8,"400601","03",NA,13,2022,NA,"S","Can Trawl 400 headrope, 601 sidewalls","2022-09-06T01:45:00Z",61.5,-168.95,"2022-09-06T02:15:00Z",61.52,-168.88,NA,36,52.26,22.94,"330",10211,"8857041507",NA,NA,0,0,NA,NA,NA,0,0,NA
"172","2022-09-06T02:15:00Z","20220202013","2022","0202","013","551209","Pacific Herring","Clupea pallasi","A1+",NA,1,91,"400601","03",NA,13,2022,NA,"S","Can Trawl 400 headrope, 601 sidewalls","2022-09-06T01:45:00Z",61.5,-168.95,"2022-09-06T02:15:00Z",61.52,-168.88,NA,36,52.26,22.94,"330",21110,"8747010201",NA,NA,0,0,NA,NA,NA,0,0,NA
"173","2022-09-06T02:15:00Z","20220202013","2022","0202","013","622287","Arctic Lamprey","Lethenteron camtschaticum","U",NA,1,43,"400601","03",NA,13,2022,NA,"S","Can Trawl 400 headrope, 601 sidewalls","2022-09-06T01:45:00Z",61.5,-168.95,"2022-09-06T02:15:00Z",61.52,-168.88,NA,36,52.26,22.94,"330",NA,"8603010201",NA,NA,0,0,NA,NA,NA,0,0,NA
"174","2022-09-06T02:15:00Z","20220202013","2022","0202","013","934083","Pollock","Gadus chalcogrammus","A0",NA,756.89,439,"400601","03",NA,13,2022,NA,"S","Can Trawl 400 headrope, 601 sidewalls","2022-09-06T01:45:00Z",61.5,-168.95,"2022-09-06T02:15:00Z",61.52,-168.88,NA,36,52.26,22.94,"330",21740,"8791030701",NA,NA,0,0,NA,NA,NA,0,0,NA
"175","2022-09-06T17:37:00Z","20220202014","2022","0202","014","97110","Sevenspine bay shrimp","Crangon septemspinosa","U",NA,2,1,"400601","03",NA,14,2022,NA,"S","Can Trawl 400 headrope, 601 sidewalls","2022-09-06T17:06:00Z",61.5,-167.99,"2022-09-06T17:37:00Z",61.52,-167.93,NA,29,51.29,20.6,"330",NA,"66548",NA,NA,0,0,NA,NA,NA,0,0,NA
"176","2022-09-06T17:37:00Z","20220202014","2022","0202","014","97113","Ridged crangon","Crangon dalli","U",NA,0,12,"400601","03",NA,14,2022,NA,"S","Can Trawl 400 headrope, 601 sidewalls","2022-09-06T17:06:00Z",61.5,-167.99,"2022-09-06T17:37:00Z",61.52,-167.93,NA,29,51.29,20.6,"330",66530,NA,NA,NA,0,0,NA,NA,NA,0,0,NA
"177","2022-09-06T17:37:00Z","20220202014","2022","0202","014","161979","Sockeye Salmon","Oncorhynchus nerka","IM",NA,1,2160,"400601","03",NA,14,2022,NA,"S","Can Trawl 400 headrope, 601 sidewalls","2022-09-06T17:06:00Z",61.5,-167.99,"2022-09-06T17:37:00Z",61.52,-167.93,NA,29,51.29,20.6,"330",23240,"8755010205",NA,NA,0,0,NA,NA,NA,0,0,NA
"178","2022-09-06T17:37:00Z","20220202014","2022","0202","014","162035","Capelin","Mallotus villosus","U",NA,70,353,"400601","03",NA,14,2022,NA,"S","Can Trawl 400 headrope, 601 sidewalls","2022-09-06T17:06:00Z",61.5,-167.99,"2022-09-06T17:37:00Z",61.52,-167.93,NA,29,51.29,20.6,"330",23041,"8755030201",NA,NA,0,0,NA,NA,NA,0,0,NA
"179","2022-09-06T17:37:00Z","20220202014","2022","0202","014","172893","Starry Flounder","Platichthys stellatus","U",NA,2,1020,"400601","03",NA,14,2022,NA,"S","Can Trawl 400 headrope, 601 sidewalls","2022-09-06T17:06:00Z",61.5,-167.99,"2022-09-06T17:37:00Z",61.52,-167.93,NA,29,51.29,20.6,"330",10220,"8857041401",NA,NA,0,0,NA,NA,NA,0,0,NA
"180","2022-09-06T17:37:00Z","20220202014","2022","0202","014","172907","Yellowfin Sole","Limanda aspera","U",NA,3,120,"400601","03",NA,14,2022,NA,"S","Can Trawl 400 headrope, 601 sidewalls","2022-09-06T17:06:00Z",61.5,-167.99,"2022-09-06T17:37:00Z",61.52,-167.93,NA,29,51.29,20.6,"330",10210,"8857041505",NA,NA,0,0,NA,NA,NA,0,0,NA
"181","2022-09-06T17:37:00Z","20220202014","2022","0202","014","172911","Longhead Dab","Limanda proboscidea","L",NA,7,1,"400601","03",NA,14,2022,NA,"S","Can Trawl 400 headrope, 601 sidewalls","2022-09-06T17:06:00Z",61.5,-167.99,"2022-09-06T17:37:00Z",61.52,-167.93,NA,29,51.29,20.6,"330",10211,"8857041507",NA,NA,0,0,NA,NA,NA,0,0,NA
"182","2022-09-06T17:37:00Z","20220202014","2022","0202","014","551209","Pacific Herring","Clupea pallasi","A1+",NA,64.69,1937,"400601","03",NA,14,2022,NA,"S","Can Trawl 400 headrope, 601 sidewalls","2022-09-06T17:06:00Z",61.5,-167.99,"2022-09-06T17:37:00Z",61.52,-167.93,NA,29,51.29,20.6,"330",21110,"8747010201",NA,NA,0,0,NA,NA,NA,0,0,NA
"183","2022-09-06T17:37:00Z","20220202014","2022","0202","014","934083","Pollock","Gadus chalcogrammus","A0",NA,301.36,195,"400601","03",NA,14,2022,NA,"S","Can Trawl 400 headrope, 601 sidewalls","2022-09-06T17:06:00Z",61.5,-167.99,"2022-09-06T17:37:00Z",61.52,-167.93,NA,29,51.29,20.6,"330",21740,"8791030701",NA,NA,0,0,NA,NA,NA,0,0,NA
"184","2022-09-06T17:37:00Z","20220202014","2022","0202","014","934083","Pollock","Gadus chalcogrammus","A1+",NA,1,660,"400601","03",NA,14,2022,NA,"S","Can Trawl 400 headrope, 601 sidewalls","2022-09-06T17:06:00Z",61.5,-167.99,"2022-09-06T17:37:00Z",61.52,-167.93,NA,29,51.29,20.6,"330",21740,"8791030701",NA,NA,0,0,NA,NA,NA,0,0,NA
"185","2022-09-06T22:05:00Z","20220202015","2022","0202","015","51671","Cyanea capillata","Cyanea capillata","U",NA,8,810,"400601","03",NA,15,2022,NA,"S","Can Trawl 400 headrope, 601 sidewalls","2022-09-06T21:34:00Z",61.51,-167,"2022-09-06T22:05:00Z",61.56,-166.99,NA,22,50.44,19.39,"330",40561,NA,NA,NA,0,0,NA,NA,NA,0,0,NA
"186","2022-09-06T22:05:00Z","20220202015","2022","0202","015","97110","Sevenspine bay shrimp","Crangon septemspinosa","U",NA,196,175,"400601","03",NA,15,2022,NA,"S","Can Trawl 400 headrope, 601 sidewalls","2022-09-06T21:34:00Z",61.51,-167,"2022-09-06T22:05:00Z",61.56,-166.99,NA,22,50.44,19.39,"330",NA,"66548",NA,NA,0,0,NA,NA,NA,0,0,NA
"187","2022-09-06T22:05:00Z","20220202015","2022","0202","015","161975","Pink Salmon","Oncorhynchus gorbuscha","IM",NA,1,720,"400601","03",NA,15,2022,NA,"S","Can Trawl 400 headrope, 601 sidewalls","2022-09-06T21:34:00Z",61.51,-167,"2022-09-06T22:05:00Z",61.56,-166.99,NA,22,50.44,19.39,"330",23230,"8755010201",NA,NA,0,0,NA,NA,NA,0,0,NA
"188","2022-09-06T22:05:00Z","20220202015","2022","0202","015","161975","Pink Salmon","Oncorhynchus gorbuscha","J",NA,2,156,"400601","03",NA,15,2022,NA,"S","Can Trawl 400 headrope, 601 sidewalls","2022-09-06T21:34:00Z",61.51,-167,"2022-09-06T22:05:00Z",61.56,-166.99,NA,22,50.44,19.39,"330",23230,"8755010201",NA,NA,0,0,NA,NA,NA,0,0,NA
"189","2022-09-06T22:05:00Z","20220202015","2022","0202","015","161976","Chum Salmon","Oncorhynchus keta","J",NA,71.49,5124,"400601","03",NA,15,2022,NA,"S","Can Trawl 400 headrope, 601 sidewalls","2022-09-06T21:34:00Z",61.51,-167,"2022-09-06T22:05:00Z",61.56,-166.99,NA,22,50.44,19.39,"330",23235,"8755010202",NA,NA,0,0,NA,NA,NA,0,0,NA
"190","2022-09-06T22:05:00Z","20220202015","2022","0202","015","161979","Sockeye Salmon","Oncorhynchus nerka","J",NA,5,441,"400601","03",NA,15,2022,NA,"S","Can Trawl 400 headrope, 601 sidewalls","2022-09-06T21:34:00Z",61.51,-167,"2022-09-06T22:05:00Z",61.56,-166.99,NA,22,50.44,19.39,"330",23240,"8755010205",NA,NA,0,0,NA,NA,NA,0,0,NA
"191","2022-09-06T22:05:00Z","20220202015","2022","0202","015","162035","Capelin","Mallotus villosus","U",NA,5,27,"400601","03",NA,15,2022,NA,"S","Can Trawl 400 headrope, 601 sidewalls","2022-09-06T21:34:00Z",61.51,-167,"2022-09-06T22:05:00Z",61.56,-166.99,NA,22,50.44,19.39,"330",23041,"8755030201",NA,NA,0,0,NA,NA,NA,0,0,NA
"192","2022-09-06T22:05:00Z","20220202015","2022","0202","015","162041","Rainbow Smelt","Osmerus mordax dentex","U",NA,7,370,"400601","03",NA,15,2022,NA,"S","Can Trawl 400 headrope, 601 sidewalls","2022-09-06T21:34:00Z",61.51,-167,"2022-09-06T22:05:00Z",61.56,-166.99,NA,22,50.44,19.39,"330",23055,"8755030302",NA,NA,0,0,NA,NA,NA,0,0,NA
"193","2022-09-06T22:05:00Z","20220202015","2022","0202","015","164708","Saffron Cod","Eleginus gracilis","A1+",NA,10,807,"400601","03",NA,15,2022,NA,"S","Can Trawl 400 headrope, 601 sidewalls","2022-09-06T21:34:00Z",61.51,-167,"2022-09-06T22:05:00Z",61.56,-166.99,NA,22,50.44,19.39,"330",21735,"8791030301",NA,NA,0,0,NA,NA,NA,0,0,NA
"194","2022-09-06T22:05:00Z","20220202015","2022","0202","015","166365","Threespine stickleback","Gasterosteus aculeatus","U",NA,2,9,"400601","03",NA,15,2022,NA,"S","Can Trawl 400 headrope, 601 sidewalls","2022-09-06T21:34:00Z",61.51,-167,"2022-09-06T22:05:00Z",61.56,-166.99,NA,22,50.44,19.39,"330",21752,"8818010101",NA,NA,0,0,NA,NA,NA,0,0,NA
"195","2022-09-06T22:05:00Z","20220202015","2022","0202","015","171337","Bering Wolffish","Anarhichas orientalis","U",NA,1,60,"400601","03",NA,15,2022,NA,"S","Can Trawl 400 headrope, 601 sidewalls","2022-09-06T21:34:00Z",61.51,-167,"2022-09-06T22:05:00Z",61.56,-166.99,NA,22,50.44,19.39,"330",20322,"8842020101",NA,NA,0,0,NA,NA,NA,0,0,NA
"196","2021-09-07T17:26:00Z","20210201025","2021","0201","025","934083","Pollock","Gadus chalcogrammus","A1+",NA,5,3270,"400601","04","Bering Sea",25,2021,NA,"S","Can Trawl 400 headrope, 601 sidewalls","2021-09-07T16:56:00Z",62.51,-170.99,"2021-09-07T17:26:00Z",62.53,-170.92,NA,44,45.1,20.68,"330",21740,"8791030701",NA,NA,0,0,NA,NA,NA,0,0,NA
"197","2021-09-07T21:45:00Z","20210201026","2021","0201","026","51641","Northern Sea Nettle","Chrysaora melanaster","U",NA,0,156807.89,"400601","04","Bering Sea",26,2021,NA,"S","Can Trawl 400 headrope, 601 sidewalls","2021-09-07T21:15:00Z",62.49,-169.91,"2021-09-07T21:45:00Z",62.5,-169.82,NA,36,45.89,20.8,"330",40504,NA,NA,NA,0,0,NA,NA,NA,0,0,NA
"198","2021-09-07T21:45:00Z","20210201026","2021","0201","026","161980","Chinook Salmon","Oncorhynchus tshawytscha","IM",NA,1,516,"400601","04","Bering Sea",26,2021,NA,"S","Can Trawl 400 headrope, 601 sidewalls","2021-09-07T21:15:00Z",62.49,-169.91,"2021-09-07T21:45:00Z",62.5,-169.82,NA,36,45.89,20.8,"330",23220,"8755010206",NA,NA,0,0,NA,NA,NA,0,0,NA
"199","2021-09-07T21:45:00Z","20210201026","2021","0201","026","161980","Chinook Salmon","Oncorhynchus tshawytscha","J",NA,1,302,"400601","04","Bering Sea",26,2021,NA,"S","Can Trawl 400 headrope, 601 sidewalls","2021-09-07T21:15:00Z",62.49,-169.91,"2021-09-07T21:45:00Z",62.5,-169.82,NA,36,45.89,20.8,"330",23220,"8755010206",NA,NA,0,0,NA,NA,NA,0,0,NA
"200","2021-09-07T21:45:00Z","20210201026","2021","0201","026","166387","Nine-spine Stickleback","Pungitius pungitius","A0",NA,6.82,40.9,"400601","04","Bering Sea",26,2021,NA,"S","Can Trawl 400 headrope, 601 sidewalls","2021-09-07T21:15:00Z",62.49,-169.91,"2021-09-07T21:45:00Z",62.5,-169.82,NA,36,45.89,20.8,"330",21753,"8818010201",NA,NA,0,0,NA,NA,NA,0,0,NA
"201","2021-09-07T21:45:00Z","20210201026","2021","0201","026","167485","Smooth Lumpsucker","Aptocyclus ventricosus","U",NA,1,2820,"400601","04","Bering Sea",26,2021,NA,"S","Can Trawl 400 headrope, 601 sidewalls","2021-09-07T21:15:00Z",62.49,-169.91,"2021-09-07T21:45:00Z",62.5,-169.82,NA,36,45.89,20.8,"330",22175,"8831090101",NA,NA,0,0,NA,NA,NA,0,0,NA
"202","2021-09-07T21:45:00Z","20210201026","2021","0201","026","171672","Arctic Sand Lance","Ammodytes hexapterus","U",NA,6.82,6.8,"400601","04","Bering Sea",26,2021,NA,"S","Can Trawl 400 headrope, 601 sidewalls","2021-09-07T21:15:00Z",62.49,-169.91,"2021-09-07T21:45:00Z",62.5,-169.82,NA,36,45.89,20.8,"330",20203,"8845010101",NA,NA,0,0,NA,NA,NA,0,0,NA
"203","2021-09-07T21:45:00Z","20210201026","2021","0201","026","934083","Pollock","Gadus chalcogrammus","A0",NA,2302.47,4740.4,"400601","04","Bering Sea",26,2021,NA,"S","Can Trawl 400 headrope, 601 sidewalls","2021-09-07T21:15:00Z",62.49,-169.91,"2021-09-07T21:45:00Z",62.5,-169.82,NA,36,45.89,20.8,"330",21740,"8791030701",NA,NA,0,0,NA,NA,NA,0,0,NA
"204","2021-09-07T21:45:00Z","20210201026","2021","0201","026","934083","Pollock","Gadus chalcogrammus","A1+",NA,1,442,"400601","04","Bering Sea",26,2021,NA,"S","Can Trawl 400 headrope, 601 sidewalls","2021-09-07T21:15:00Z",62.49,-169.91,"2021-09-07T21:45:00Z",62.5,-169.82,NA,36,45.89,20.8,"330",21740,"8791030701",NA,NA,0,0,NA,NA,NA,0,0,NA
"205","2021-09-08T01:36:00Z","20210201027","2021","0201","027","51641","Northern Sea Nettle","Chrysaora melanaster","U",NA,0,235445.8,"400601","04","Bering Sea",27,2021,NA,"S","Can Trawl 400 headrope, 601 sidewalls","2021-09-08T01:11:00Z",62.5,-168.97,"2021-09-08T01:36:00Z",62.5,-168.91,NA,31,46.14,21.05,"330",40504,NA,NA,NA,0,0,NA,NA,NA,0,0,NA
"206","2021-09-08T01:36:00Z","20210201027","2021","0201","027","166387","Nine-spine Stickleback","Pungitius pungitius","A0",NA,4,16,"400601","04","Bering Sea",27,2021,NA,"S","Can Trawl 400 headrope, 601 sidewalls","2021-09-08T01:11:00Z",62.5,-168.97,"2021-09-08T01:36:00Z",62.5,-168.91,NA,31,46.14,21.05,"330",21753,"8818010201",NA,NA,0,0,NA,NA,NA,0,0,NA
"207","2021-09-08T01:36:00Z","20210201027","2021","0201","027","171672","Arctic Sand Lance","Ammodytes hexapterus","U",NA,30,23,"400601","04","Bering Sea",27,2021,NA,"S","Can Trawl 400 headrope, 601 sidewalls","2021-09-08T01:11:00Z",62.5,-168.97,"2021-09-08T01:36:00Z",62.5,-168.91,NA,31,46.14,21.05,"330",20203,"8845010101",NA,NA,0,0,NA,NA,NA,0,0,NA
"208","2021-09-08T01:36:00Z","20210201027","2021","0201","027","934083","Pollock","Gadus chalcogrammus","A0",NA,1100.52,3411.6,"400601","04","Bering Sea",27,2021,NA,"S","Can Trawl 400 headrope, 601 sidewalls","2021-09-08T01:11:00Z",62.5,-168.97,"2021-09-08T01:36:00Z",62.5,-168.91,NA,31,46.14,21.05,"330",21740,"8791030701",NA,NA,0,0,NA,NA,NA,0,0,NA
"209","2021-09-08T17:23:00Z","20210201028","2021","0201","028","51641","Northern Sea Nettle","Chrysaora melanaster","U",NA,0,275540,"400601","04","Bering Sea",28,2021,NA,"S","Can Trawl 400 headrope, 601 sidewalls","2021-09-08T16:52:00Z",62.49,-167.95,"2021-09-08T17:23:00Z",62.49,-167.88,NA,29,42.4,17.7,"330",40504,NA,NA,NA,0,0,NA,NA,NA,0,0,NA
"210","2021-09-08T17:23:00Z","20210201028","2021","0201","028","161980","Chinook Salmon","Oncorhynchus tshawytscha","IM",NA,1,4650,"400601","04","Bering Sea",28,2021,NA,"S","Can Trawl 400 headrope, 601 sidewalls","2021-09-08T16:52:00Z",62.49,-167.95,"2021-09-08T17:23:00Z",62.49,-167.88,NA,29,42.4,17.7,"330",23220,"8755010206",NA,NA,0,0,NA,NA,NA,0,0,NA
"211","2021-09-08T17:23:00Z","20210201028","2021","0201","028","166387","Nine-spine Stickleback","Pungitius pungitius","A0",NA,1,2,"400601","04","Bering Sea",28,2021,NA,"S","Can Trawl 400 headrope, 601 sidewalls","2021-09-08T16:52:00Z",62.49,-167.95,"2021-09-08T17:23:00Z",62.49,-167.88,NA,29,42.4,17.7,"330",21753,"8818010201",NA,NA,0,0,NA,NA,NA,0,0,NA
"212","2021-09-08T17:23:00Z","20210201028","2021","0201","028","171672","Arctic Sand Lance","Ammodytes hexapterus","U",NA,4,3,"400601","04","Bering Sea",28,2021,NA,"S","Can Trawl 400 headrope, 601 sidewalls","2021-09-08T16:52:00Z",62.49,-167.95,"2021-09-08T17:23:00Z",62.49,-167.88,NA,29,42.4,17.7,"330",20203,"8845010101",NA,NA,0,0,NA,NA,NA,0,0,NA
"213","2021-09-08T17:23:00Z","20210201028","2021","0201","028","551209","Pacific Herring","Clupea pallasi","A1+",NA,1,93,"400601","04","Bering Sea",28,2021,NA,"S","Can Trawl 400 headrope, 601 sidewalls","2021-09-08T16:52:00Z",62.49,-167.95,"2021-09-08T17:23:00Z",62.49,-167.88,NA,29,42.4,17.7,"330",21110,"8747010201",NA,NA,0,0,NA,NA,NA,0,0,NA
"214","2021-09-08T17:23:00Z","20210201028","2021","0201","028","934083","Pollock","Gadus chalcogrammus","A0",NA,10,10,"400601","04","Bering Sea",28,2021,NA,"S","Can Trawl 400 headrope, 601 sidewalls","2021-09-08T16:52:00Z",62.49,-167.95,"2021-09-08T17:23:00Z",62.49,-167.88,NA,29,42.4,17.7,"330",21740,"8791030701",NA,NA,0,0,NA,NA,NA,0,0,NA
"215","2021-09-08T21:35:00Z","20210201029","2021","0201","029","51641","Northern Sea Nettle","Chrysaora melanaster","U",NA,0,4030,"400601","04","Bering Sea",29,2021,NA,"S","Can Trawl 400 headrope, 601 sidewalls","2021-09-08T21:04:00Z",62.5,-166.99,"2021-09-08T21:35:00Z",62.54,-166.99,NA,33,50.55,18.25,"330",40504,NA,NA,NA,0,0,NA,NA,NA,0,0,NA
"216","2021-09-08T21:35:00Z","20210201029","2021","0201","029","161975","Pink Salmon","Oncorhynchus gorbuscha","J",NA,128.37,5110,"400601","04","Bering Sea",29,2021,NA,"S","Can Trawl 400 headrope, 601 sidewalls","2021-09-08T21:04:00Z",62.5,-166.99,"2021-09-08T21:35:00Z",62.54,-166.99,NA,33,50.55,18.25,"330",23230,"8755010201",NA,NA,0,0,NA,NA,NA,0,0,NA
"217","2021-09-08T21:35:00Z","20210201029","2021","0201","029","161976","Chum Salmon","Oncorhynchus keta","J",NA,42,1750,"400601","04","Bering Sea",29,2021,NA,"S","Can Trawl 400 headrope, 601 sidewalls","2021-09-08T21:04:00Z",62.5,-166.99,"2021-09-08T21:35:00Z",62.54,-166.99,NA,33,50.55,18.25,"330",23235,"8755010202",NA,NA,0,0,NA,NA,NA,0,0,NA
"218","2021-09-08T21:35:00Z","20210201029","2021","0201","029","161977","Coho Salmon","Oncorhynchus kisutch","J",NA,17,3168,"400601","04","Bering Sea",29,2021,NA,"S","Can Trawl 400 headrope, 601 sidewalls","2021-09-08T21:04:00Z",62.5,-166.99,"2021-09-08T21:35:00Z",62.54,-166.99,NA,33,50.55,18.25,"330",23225,"8755010203",NA,NA,0,0,NA,NA,NA,0,0,NA
"219","2021-09-08T21:35:00Z","20210201029","2021","0201","029","161980","Chinook Salmon","Oncorhynchus tshawytscha","J",NA,19,1857,"400601","04","Bering Sea",29,2021,NA,"S","Can Trawl 400 headrope, 601 sidewalls","2021-09-08T21:04:00Z",62.5,-166.99,"2021-09-08T21:35:00Z",62.54,-166.99,NA,33,50.55,18.25,"330",23220,"8755010206",NA,NA,0,0,NA,NA,NA,0,0,NA
"220","2021-09-08T21:35:00Z","20210201029","2021","0201","029","166365","Threespine stickleback","Gasterosteus aculeatus","U",NA,38,174,"400601","04","Bering Sea",29,2021,NA,"S","Can Trawl 400 headrope, 601 sidewalls","2021-09-08T21:04:00Z",62.5,-166.99,"2021-09-08T21:35:00Z",62.54,-166.99,NA,33,50.55,18.25,"330",21752,"8818010101",NA,NA,0,0,NA,NA,NA,0,0,NA
"221","2021-09-08T21:35:00Z","20210201029","2021","0201","029","171672","Arctic Sand Lance","Ammodytes hexapterus","U",NA,7,5,"400601","04","Bering Sea",29,2021,NA,"S","Can Trawl 400 headrope, 601 sidewalls","2021-09-08T21:04:00Z",62.5,-166.99,"2021-09-08T21:35:00Z",62.54,-166.99,NA,33,50.55,18.25,"330",20203,"8845010101",NA,NA,0,0,NA,NA,NA,0,0,NA
"222","2021-09-08T21:35:00Z","20210201029","2021","0201","029","551209","Pacific Herring","Clupea pallasi","A1+",NA,2,192,"400601","04","Bering Sea",29,2021,NA,"S","Can Trawl 400 headrope, 601 sidewalls","2021-09-08T21:04:00Z",62.5,-166.99,"2021-09-08T21:35:00Z",62.54,-166.99,NA,33,50.55,18.25,"330",21110,"8747010201",NA,NA,0,0,NA,NA,NA,0,0,NA
"223","2021-09-08T21:35:00Z","20210201029","2021","0201","029","622287","Arctic Lamprey","Lethenteron camtschaticum","U",NA,4,196,"400601","04","Bering Sea",29,2021,NA,"S","Can Trawl 400 headrope, 601 sidewalls","2021-09-08T21:04:00Z",62.5,-166.99,"2021-09-08T21:35:00Z",62.54,-166.99,NA,33,50.55,18.25,"330",NA,"8603010201",NA,NA,0,0,NA,NA,NA,0,0,NA
"224","2021-09-09T01:57:00Z","20210201030","2021","0201","030","51641","Northern Sea Nettle","Chrysaora melanaster","U",NA,0,682,"400601","04","Bering Sea",30,2021,NA,"S","Can Trawl 400 headrope, 601 sidewalls","2021-09-09T01:27:00Z",63,-166.97,"2021-09-09T01:57:00Z",63,-166.89,NA,30,51.39,16.91,"330",40504,NA,NA,NA,0,0,NA,NA,NA,0,0,NA
"225","2021-09-09T01:57:00Z","20210201030","2021","0201","030","161975","Pink Salmon","Oncorhynchus gorbuscha","J",NA,27,1293,"400601","04","Bering Sea",30,2021,NA,"S","Can Trawl 400 headrope, 601 sidewalls","2021-09-09T01:27:00Z",63,-166.97,"2021-09-09T01:57:00Z",63,-166.89,NA,30,51.39,16.91,"330",23230,"8755010201",NA,NA,0,0,NA,NA,NA,0,0,NA
"226","2021-09-09T01:57:00Z","20210201030","2021","0201","030","161976","Chum Salmon","Oncorhynchus keta","J",NA,4,238,"400601","04","Bering Sea",30,2021,NA,"S","Can Trawl 400 headrope, 601 sidewalls","2021-09-09T01:27:00Z",63,-166.97,"2021-09-09T01:57:00Z",63,-166.89,NA,30,51.39,16.91,"330",23235,"8755010202",NA,NA,0,0,NA,NA,NA,0,0,NA
"227","2021-09-09T01:57:00Z","20210201030","2021","0201","030","161977","Coho Salmon","Oncorhynchus kisutch","J",NA,8,1992,"400601","04","Bering Sea",30,2021,NA,"S","Can Trawl 400 headrope, 601 sidewalls","2021-09-09T01:27:00Z",63,-166.97,"2021-09-09T01:57:00Z",63,-166.89,NA,30,51.39,16.91,"330",23225,"8755010203",NA,NA,0,0,NA,NA,NA,0,0,NA
"228","2021-09-09T01:57:00Z","20210201030","2021","0201","030","161980","Chinook Salmon","Oncorhynchus tshawytscha","IM",NA,1,286,"400601","04","Bering Sea",30,2021,NA,"S","Can Trawl 400 headrope, 601 sidewalls","2021-09-09T01:27:00Z",63,-166.97,"2021-09-09T01:57:00Z",63,-166.89,NA,30,51.39,16.91,"330",23220,"8755010206",NA,NA,0,0,NA,NA,NA,0,0,NA
"229","2021-09-09T01:57:00Z","20210201030","2021","0201","030","161980","Chinook Salmon","Oncorhynchus tshawytscha","J",NA,2,217,"400601","04","Bering Sea",30,2021,NA,"S","Can Trawl 400 headrope, 601 sidewalls","2021-09-09T01:27:00Z",63,-166.97,"2021-09-09T01:57:00Z",63,-166.89,NA,30,51.39,16.91,"330",23220,"8755010206",NA,NA,0,0,NA,NA,NA,0,0,NA
"230","2021-09-09T01:57:00Z","20210201030","2021","0201","030","166365","Threespine stickleback","Gasterosteus aculeatus","U",NA,55,295,"400601","04","Bering Sea",30,2021,NA,"S","Can Trawl 400 headrope, 601 sidewalls","2021-09-09T01:27:00Z",63,-166.97,"2021-09-09T01:57:00Z",63,-166.89,NA,30,51.39,16.91,"330",21752,"8818010101",NA,NA,0,0,NA,NA,NA,0,0,NA
"231","2021-09-09T01:57:00Z","20210201030","2021","0201","030","166387","Nine-spine Stickleback","Pungitius pungitius","U",NA,2,4,"400601","04","Bering Sea",30,2021,NA,"S","Can Trawl 400 headrope, 601 sidewalls","2021-09-09T01:27:00Z",63,-166.97,"2021-09-09T01:57:00Z",63,-166.89,NA,30,51.39,16.91,"330",21753,"8818010201",NA,NA,0,0,NA,NA,NA,0,0,NA
"232","2021-09-09T01:57:00Z","20210201030","2021","0201","030","171672","Arctic Sand Lance","Ammodytes hexapterus","U",NA,1,1,"400601","04","Bering Sea",30,2021,NA,"S","Can Trawl 400 headrope, 601 sidewalls","2021-09-09T01:27:00Z",63,-166.97,"2021-09-09T01:57:00Z",63,-166.89,NA,30,51.39,16.91,"330",20203,"8845010101",NA,NA,0,0,NA,NA,NA,0,0,NA
"233","2021-09-09T01:57:00Z","20210201030","2021","0201","030","551209","Pacific Herring","Clupea pallasi","A1+",NA,1,129,"400601","04","Bering Sea",30,2021,NA,"S","Can Trawl 400 headrope, 601 sidewalls","2021-09-09T01:27:00Z",63,-166.97,"2021-09-09T01:57:00Z",63,-166.89,NA,30,51.39,16.91,"330",21110,"8747010201",NA,NA,0,0,NA,NA,NA,0,0,NA
"234","2021-09-09T01:57:00Z","20210201030","2021","0201","030","622287","Arctic Lamprey","Lethenteron camtschaticum","U",NA,3,266,"400601","04","Bering Sea",30,2021,NA,"S","Can Trawl 400 headrope, 601 sidewalls","2021-09-09T01:27:00Z",63,-166.97,"2021-09-09T01:57:00Z",63,-166.89,NA,30,51.39,16.91,"330",NA,"8603010201",NA,NA,0,0,NA,NA,NA,0,0,NA
"235","2021-09-09T17:21:00Z","20210201031","2021","0201","031","51669","Cyanea sp.","Cyanea sp.","U",NA,0,340,"400601","04","Bering Sea",31,2021,NA,"S","Can Trawl 400 headrope, 601 sidewalls","2021-09-09T16:50:00Z",63.01,-166,"2021-09-09T17:21:00Z",63.05,-166,NA,21,52.13,16.46,"330",40560,NA,NA,NA,0,0,NA,NA,NA,0,0,NA
"236","2021-09-09T17:21:00Z","20210201031","2021","0201","031","161976","Chum Salmon","Oncorhynchus keta","J",NA,3,110,"400601","04","Bering Sea",31,2021,NA,"S","Can Trawl 400 headrope, 601 sidewalls","2021-09-09T16:50:00Z",63.01,-166,"2021-09-09T17:21:00Z",63.05,-166,NA,21,52.13,16.46,"330",23235,"8755010202",NA,NA,0,0,NA,NA,NA,0,0,NA
"237","2021-09-09T17:21:00Z","20210201031","2021","0201","031","161977","Coho Salmon","Oncorhynchus kisutch","J",NA,15,2270,"400601","04","Bering Sea",31,2021,NA,"S","Can Trawl 400 headrope, 601 sidewalls","2021-09-09T16:50:00Z",63.01,-166,"2021-09-09T17:21:00Z",63.05,-166,NA,21,52.13,16.46,"330",23225,"8755010203",NA,NA,0,0,NA,NA,NA,0,0,NA
"238","2021-09-09T17:21:00Z","20210201031","2021","0201","031","161980","Chinook Salmon","Oncorhynchus tshawytscha","J",NA,1,80,"400601","04","Bering Sea",31,2021,NA,"S","Can Trawl 400 headrope, 601 sidewalls","2021-09-09T16:50:00Z",63.01,-166,"2021-09-09T17:21:00Z",63.05,-166,NA,21,52.13,16.46,"330",23220,"8755010206",NA,NA,0,0,NA,NA,NA,0,0,NA
"239","2021-09-09T17:21:00Z","20210201031","2021","0201","031","162041","Rainbow Smelt","Osmerus mordax dentex","U",NA,223.84,2910,"400601","04","Bering Sea",31,2021,NA,"S","Can Trawl 400 headrope, 601 sidewalls","2021-09-09T16:50:00Z",63.01,-166,"2021-09-09T17:21:00Z",63.05,-166,NA,21,52.13,16.46,"330",23055,"8755030302",NA,NA,0,0,NA,NA,NA,0,0,NA
"240","2021-09-09T17:21:00Z","20210201031","2021","0201","031","166387","Nine-spine Stickleback","Pungitius pungitius","U",NA,111.49,155,"400601","04","Bering Sea",31,2021,NA,"S","Can Trawl 400 headrope, 601 sidewalls","2021-09-09T16:50:00Z",63.01,-166,"2021-09-09T17:21:00Z",63.05,-166,NA,21,52.13,16.46,"330",21753,"8818010201",NA,NA,0,0,NA,NA,NA,0,0,NA
"241","2021-09-09T17:21:00Z","20210201031","2021","0201","031","167220","Crested Sculpin","Blepsias bilobus","U",NA,1,9,"400601","04","Bering Sea",31,2021,NA,"S","Can Trawl 400 headrope, 601 sidewalls","2021-09-09T16:50:00Z",63.01,-166,"2021-09-09T17:21:00Z",63.05,-166,NA,21,52.13,16.46,"330",21397,"8831020601",NA,NA,0,0,NA,NA,NA,0,0,NA
"242","2021-09-09T17:21:00Z","20210201031","2021","0201","031","171672","Arctic Sand Lance","Ammodytes hexapterus","U",NA,3,15,"400601","04","Bering Sea",31,2021,NA,"S","Can Trawl 400 headrope, 601 sidewalls","2021-09-09T16:50:00Z",63.01,-166,"2021-09-09T17:21:00Z",63.05,-166,NA,21,52.13,16.46,"330",20203,"8845010101",NA,NA,0,0,NA,NA,NA,0,0,NA
"243","2021-09-09T17:21:00Z","20210201031","2021","0201","031","172911","Longhead Dab","Limanda proboscidea","U",NA,1,1,"400601","04","Bering Sea",31,2021,NA,"S","Can Trawl 400 headrope, 601 sidewalls","2021-09-09T16:50:00Z",63.01,-166,"2021-09-09T17:21:00Z",63.05,-166,NA,21,52.13,16.46,"330",10211,"8857041507","VOUCHER ",NA,0,0,NA,NA,NA,0,0,NA
"244","2021-09-09T17:21:00Z","20210201031","2021","0201","031","172930","Greenland Halibut","Reinhardtius hippoglossoides","U",NA,1,3,"400601","04","Bering Sea",31,2021,NA,"S","Can Trawl 400 headrope, 601 sidewalls","2021-09-09T16:50:00Z",63.01,-166,"2021-09-09T17:21:00Z",63.05,-166,NA,21,52.13,16.46,"330",10115,"8857041801","VOUCHER FOR BUSBY ",NA,0,0,NA,NA,NA,0,0,NA
"245","2021-09-09T17:21:00Z","20210201031","2021","0201","031","551209","Pacific Herring","Clupea pallasi","A0",NA,3300.85,17734,"400601","04","Bering Sea",31,2021,NA,"S","Can Trawl 400 headrope, 601 sidewalls","2021-09-09T16:50:00Z",63.01,-166,"2021-09-09T17:21:00Z",63.05,-166,NA,21,52.13,16.46,"330",21110,"8747010201",NA,NA,0,0,NA,NA,NA,0,0,NA
"246","2021-09-09T17:21:00Z","20210201031","2021","0201","031","551209","Pacific Herring","Clupea pallasi","A1+",NA,166.41,5415,"400601","04","Bering Sea",31,2021,NA,"S","Can Trawl 400 headrope, 601 sidewalls","2021-09-09T16:50:00Z",63.01,-166,"2021-09-09T17:21:00Z",63.05,-166,NA,21,52.13,16.46,"330",21110,"8747010201",NA,NA,0,0,NA,NA,NA,0,0,NA
"247","2021-09-09T17:21:00Z","20210201031","2021","0201","031","622287","Arctic Lamprey","Lethenteron camtschaticum","U",NA,1,50,"400601","04","Bering Sea",31,2021,NA,"S","Can Trawl 400 headrope, 601 sidewalls","2021-09-09T16:50:00Z",63.01,-166,"2021-09-09T17:21:00Z",63.05,-166,NA,21,52.13,16.46,"330",NA,"8603010201",NA,NA,0,0,NA,NA,NA,0,0,NA
"248","2021-09-09T21:40:00Z","20210201032","2021","0201","032","51641","Northern Sea Nettle","Chrysaora melanaster","U",NA,0,33000,"400601","04","Bering Sea",32,2021,NA,"S","Can Trawl 400 headrope, 601 sidewalls","2021-09-09T21:09:00Z",63.49,-166.03,"2021-09-09T21:40:00Z",63.49,-166.11,NA,24,51.8,18.65,"330",40504,NA,NA,NA,0,0,NA,NA,NA,0,0,NA
"249","2021-09-09T21:40:00Z","20210201032","2021","0201","032","51669","Cyanea sp.","Cyanea sp.","U",NA,0,400,"400601","04","Bering Sea",32,2021,NA,"S","Can Trawl 400 headrope, 601 sidewalls","2021-09-09T21:09:00Z",63.49,-166.03,"2021-09-09T21:40:00Z",63.49,-166.11,NA,24,51.8,18.65,"330",40560,NA,NA,NA,0,0,NA,NA,NA,0,0,NA
"250","2021-09-09T21:40:00Z","20210201032","2021","0201","032","161975","Pink Salmon","Oncorhynchus gorbuscha","J",NA,58,1870,"400601","04","Bering Sea",32,2021,NA,"S","Can Trawl 400 headrope, 601 sidewalls","2021-09-09T21:09:00Z",63.49,-166.03,"2021-09-09T21:40:00Z",63.49,-166.11,NA,24,51.8,18.65,"330",23230,"8755010201",NA,NA,0,0,NA,NA,NA,0,0,NA
"251","2021-09-09T21:40:00Z","20210201032","2021","0201","032","161976","Chum Salmon","Oncorhynchus keta","J",NA,7,320,"400601","04","Bering Sea",32,2021,NA,"S","Can Trawl 400 headrope, 601 sidewalls","2021-09-09T21:09:00Z",63.49,-166.03,"2021-09-09T21:40:00Z",63.49,-166.11,NA,24,51.8,18.65,"330",23235,"8755010202",NA,NA,0,0,NA,NA,NA,0,0,NA
"252","2021-09-09T21:40:00Z","20210201032","2021","0201","032","161977","Coho Salmon","Oncorhynchus kisutch","J",NA,123,25140,"400601","04","Bering Sea",32,2021,NA,"S","Can Trawl 400 headrope, 601 sidewalls","2021-09-09T21:09:00Z",63.49,-166.03,"2021-09-09T21:40:00Z",63.49,-166.11,NA,24,51.8,18.65,"330",23225,"8755010203","7 WASHDOWN COHO ",NA,0,0,NA,NA,NA,0,0,NA
"253","2023-09-07T04:28:00Z","20230201022","2023","0201","022","622287","Arctic Lamprey","Lethenteron camtschaticum","U","TC",2,144,"400601","05","Bering Sea",22,2023,"62-169","S","Can Trawl 400 headrope, 601 sidewalls","2023-09-07T03:58:00Z",61.99,-169,"2023-09-07T04:28:00Z",61.98,-169.07,NA,32,53.85,23.72,"330",NA,"8603010201",NA,NA,0,0,NA,NA,NA,0,0,NA
"254","2023-09-07T04:28:00Z","20230201022","2023","0201","022","934083","Pollock","Gadus chalcogrammus","A0","SC",3110.68,7956.2,"400601","05","Bering Sea",22,2023,"62-169","S","Can Trawl 400 headrope, 601 sidewalls","2023-09-07T03:58:00Z",61.99,-169,"2023-09-07T04:28:00Z",61.98,-169.07,NA,32,53.85,23.72,"330",21740,"8791030701",NA,NA,0,0,NA,NA,NA,0,0,NA
"255","2023-09-07T04:28:00Z","20230201022","2023","0201","022","934083","Pollock","Gadus chalcogrammus","A1","SC",266.25,7622.2,"400601","05","Bering Sea",22,2023,"62-169","S","Can Trawl 400 headrope, 601 sidewalls","2023-09-07T03:58:00Z",61.99,-169,"2023-09-07T04:28:00Z",61.98,-169.07,NA,32,53.85,23.72,"330",21740,"8791030701",NA,NA,0,0,NA,NA,NA,0,0,NA
"256","2023-09-07T04:28:00Z","20230201022","2023","0201","022","934083","Pollock","Gadus chalcogrammus","A1+","TC",6,3020,"400601","05","Bering Sea",22,2023,"62-169","S","Can Trawl 400 headrope, 601 sidewalls","2023-09-07T03:58:00Z",61.99,-169,"2023-09-07T04:28:00Z",61.98,-169.07,NA,32,53.85,23.72,"330",21740,"8791030701",NA,NA,0,0,NA,NA,NA,0,0,NA
"257","2023-09-07T17:42:00Z","20230201023","2023","0201","023","51641","Northern Sea Nettle","Chrysaora melanaster","U","TC",20.56,12770,"400601","05","Bering Sea",23,2023,"62-170","S","Can Trawl 400 headrope, 601 sidewalls","2023-09-07T17:12:00Z",61.99,-170.02,"2023-09-07T17:42:00Z",61.98,-170.1,NA,39,54.31,22.89,"330",40504,NA,NA,NA,0,0,NA,NA,NA,0,0,NA
"258","2023-09-07T17:42:00Z","20230201023","2023","0201","023","82418","Gonatus Squid, unident.","Gonatus","U","TC",2,27,"400601","05","Bering Sea",23,2023,"62-170","S","Can Trawl 400 headrope, 601 sidewalls","2023-09-07T17:12:00Z",61.99,-170.02,"2023-09-07T17:42:00Z",61.98,-170.1,NA,39,54.31,22.89,"330",79200,NA,NA,NA,0,0,NA,NA,NA,0,0,NA
"259","2023-09-07T17:42:00Z","20230201023","2023","0201","023","161975","Pink Salmon","Oncorhynchus gorbuscha","J","TC",2,120,"400601","05","Bering Sea",23,2023,"62-170","S","Can Trawl 400 headrope, 601 sidewalls","2023-09-07T17:12:00Z",61.99,-170.02,"2023-09-07T17:42:00Z",61.98,-170.1,NA,39,54.31,22.89,"330",23230,"8755010201",NA,NA,0,0,NA,NA,NA,0,0,NA
"260","2023-09-07T17:42:00Z","20230201023","2023","0201","023","161976","Chum Salmon","Oncorhynchus keta","IM","TC",2,5910,"400601","05","Bering Sea",23,2023,"62-170","S","Can Trawl 400 headrope, 601 sidewalls","2023-09-07T17:12:00Z",61.99,-170.02,"2023-09-07T17:42:00Z",61.98,-170.1,NA,39,54.31,22.89,"330",23235,"8755010202",NA,NA,0,0,NA,NA,NA,0,0,NA
"261","2023-09-07T17:42:00Z","20230201023","2023","0201","023","161979","Sockeye Salmon","Oncorhynchus nerka","IM","TC",1,360,"400601","05","Bering Sea",23,2023,"62-170","S","Can Trawl 400 headrope, 601 sidewalls","2023-09-07T17:12:00Z",61.99,-170.02,"2023-09-07T17:42:00Z",61.98,-170.1,NA,39,54.31,22.89,"330",23240,"8755010205",NA,NA,0,0,NA,NA,NA,0,0,NA
"262","2023-09-07T17:42:00Z","20230201023","2023","0201","023","161980","Chinook Salmon","Oncorhynchus tshawytscha","IM","TC",2,5570,"400601","05","Bering Sea",23,2023,"62-170","S","Can Trawl 400 headrope, 601 sidewalls","2023-09-07T17:12:00Z",61.99,-170.02,"2023-09-07T17:42:00Z",61.98,-170.1,NA,39,54.31,22.89,"330",23220,"8755010206",NA,NA,0,0,NA,NA,NA,0,0,NA
"263","2023-09-07T17:42:00Z","20230201023","2023","0201","023","162035","Capelin","Mallotus villosus","U","TC",42,512,"400601","05","Bering Sea",23,2023,"62-170","S","Can Trawl 400 headrope, 601 sidewalls","2023-09-07T17:12:00Z",61.99,-170.02,"2023-09-07T17:42:00Z",61.98,-170.1,NA,39,54.31,22.89,"330",23041,"8755030201",NA,NA,0,0,NA,NA,NA,0,0,NA
"264","2023-09-07T17:42:00Z","20230201023","2023","0201","023","164711","Pacific Cod","Gadus macrocephalus","A0","TC",2,4,"400601","05","Bering Sea",23,2023,"62-170","S","Can Trawl 400 headrope, 601 sidewalls","2023-09-07T17:12:00Z",61.99,-170.02,"2023-09-07T17:42:00Z",61.98,-170.1,NA,39,54.31,22.89,"330",21720,"8791030401",NA,NA,0,0,NA,NA,NA,0,0,NA
"265","2023-09-07T17:42:00Z","20230201023","2023","0201","023","551209","Pacific Herring","Clupea pallasi","A1+","TC",24,2183,"400601","05","Bering Sea",23,2023,"62-170","S","Can Trawl 400 headrope, 601 sidewalls","2023-09-07T17:12:00Z",61.99,-170.02,"2023-09-07T17:42:00Z",61.98,-170.1,NA,39,54.31,22.89,"330",21110,"8747010201",NA,NA,0,0,NA,NA,NA,0,0,NA
"266","2023-09-07T17:42:00Z","20230201023","2023","0201","023","622287","Arctic Lamprey","Lethenteron camtschaticum","U","TC",2,213,"400601","05","Bering Sea",23,2023,"62-170","S","Can Trawl 400 headrope, 601 sidewalls","2023-09-07T17:12:00Z",61.99,-170.02,"2023-09-07T17:42:00Z",61.98,-170.1,NA,39,54.31,22.89,"330",NA,"8603010201",NA,NA,0,0,NA,NA,NA,0,0,NA
"267","2023-09-07T17:42:00Z","20230201023","2023","0201","023","934083","Pollock","Gadus chalcogrammus","A0","TC",223.61,570,"400601","05","Bering Sea",23,2023,"62-170","S","Can Trawl 400 headrope, 601 sidewalls","2023-09-07T17:12:00Z",61.99,-170.02,"2023-09-07T17:42:00Z",61.98,-170.1,NA,39,54.31,22.89,"330",21740,"8791030701",NA,NA,0,0,NA,NA,NA,0,0,NA
"268","2022-09-06T22:05:00Z","20220202015","2022","0202","015","172893","Starry Flounder","Platichthys stellatus","U",NA,7,1890,"400601","03",NA,15,2022,NA,"S","Can Trawl 400 headrope, 601 sidewalls","2022-09-06T21:34:00Z",61.51,-167,"2022-09-06T22:05:00Z",61.56,-166.99,NA,22,50.44,19.39,"330",10220,"8857041401",NA,NA,0,0,NA,NA,NA,0,0,NA
"269","2022-09-06T22:05:00Z","20220202015","2022","0202","015","172911","Longhead Dab","Limanda proboscidea","L",NA,8,1,"400601","03",NA,15,2022,NA,"S","Can Trawl 400 headrope, 601 sidewalls","2022-09-06T21:34:00Z",61.51,-167,"2022-09-06T22:05:00Z",61.56,-166.99,NA,22,50.44,19.39,"330",10211,"8857041507",NA,NA,0,0,NA,NA,NA,0,0,NA
"270","2022-09-06T22:05:00Z","20220202015","2022","0202","015","551209","Pacific Herring","Clupea pallasi","A0",NA,8753.68,17325,"400601","03",NA,15,2022,NA,"S","Can Trawl 400 headrope, 601 sidewalls","2022-09-06T21:34:00Z",61.51,-167,"2022-09-06T22:05:00Z",61.56,-166.99,NA,22,50.44,19.39,"330",21110,"8747010201",NA,NA,0,0,NA,NA,NA,0,0,NA
"271","2022-09-06T22:05:00Z","20220202015","2022","0202","015","551209","Pacific Herring","Clupea pallasi","A1+",NA,211.23,6168,"400601","03",NA,15,2022,NA,"S","Can Trawl 400 headrope, 601 sidewalls","2022-09-06T21:34:00Z",61.51,-167,"2022-09-06T22:05:00Z",61.56,-166.99,NA,22,50.44,19.39,"330",21110,"8747010201",NA,NA,0,0,NA,NA,NA,0,0,NA
"272","2022-09-06T22:05:00Z","20220202015","2022","0202","015","934083","Pollock","Gadus chalcogrammus","A0",NA,41,51,"400601","03",NA,15,2022,NA,"S","Can Trawl 400 headrope, 601 sidewalls","2022-09-06T21:34:00Z",61.51,-167,"2022-09-06T22:05:00Z",61.56,-166.99,NA,22,50.44,19.39,"330",21740,"8791030701",NA,NA,0,0,NA,NA,NA,0,0,NA
"273","2022-09-06T22:05:00Z","20220202015","2022","0202","015","934083","Pollock","Gadus chalcogrammus","A1+",NA,6,170,"400601","03",NA,15,2022,NA,"S","Can Trawl 400 headrope, 601 sidewalls","2022-09-06T21:34:00Z",61.51,-167,"2022-09-06T22:05:00Z",61.56,-166.99,NA,22,50.44,19.39,"330",21740,"8791030701",NA,NA,0,0,NA,NA,NA,0,0,NA
"274","2022-09-07T02:13:00Z","20220202016","2022","0202","016","51641","Northern Sea Nettle","Chrysaora melanaster","U",NA,8,710,"400601","03",NA,16,2022,NA,"S","Can Trawl 400 headrope, 601 sidewalls","2022-09-07T01:43:00Z",62,-167.01,"2022-09-07T02:13:00Z",62,-167.08,NA,30,49.94,21.41,"330",40504,NA,NA,NA,0,0,NA,NA,NA,0,0,NA
"275","2022-09-07T02:13:00Z","20220202016","2022","0202","016","51671","Cyanea capillata","Cyanea capillata","U",NA,2,40,"400601","03",NA,16,2022,NA,"S","Can Trawl 400 headrope, 601 sidewalls","2022-09-07T01:43:00Z",62,-167.01,"2022-09-07T02:13:00Z",62,-167.08,NA,30,49.94,21.41,"330",40561,NA,NA,NA,0,0,NA,NA,NA,0,0,NA
"276","2022-09-07T02:13:00Z","20220202016","2022","0202","016","97110","Sevenspine bay shrimp","Crangon septemspinosa","U",NA,62.03,62,"400601","03",NA,16,2022,NA,"S","Can Trawl 400 headrope, 601 sidewalls","2022-09-07T01:43:00Z",62,-167.01,"2022-09-07T02:13:00Z",62,-167.08,NA,30,49.94,21.41,"330",NA,"66548",NA,NA,0,0,NA,NA,NA,0,0,NA
"277","2022-09-07T02:13:00Z","20220202016","2022","0202","016","161976","Chum Salmon","Oncorhynchus keta","J",NA,2,135,"400601","03",NA,16,2022,NA,"S","Can Trawl 400 headrope, 601 sidewalls","2022-09-07T01:43:00Z",62,-167.01,"2022-09-07T02:13:00Z",62,-167.08,NA,30,49.94,21.41,"330",23235,"8755010202",NA,NA,0,0,NA,NA,NA,0,0,NA
"278","2022-09-07T02:13:00Z","20220202016","2022","0202","016","161980","Chinook Salmon","Oncorhynchus tshawytscha","J",NA,5,680,"400601","03",NA,16,2022,NA,"S","Can Trawl 400 headrope, 601 sidewalls","2022-09-07T01:43:00Z",62,-167.01,"2022-09-07T02:13:00Z",62,-167.08,NA,30,49.94,21.41,"330",23220,"8755010206",NA,NA,0,0,NA,NA,NA,0,0,NA
"279","2022-09-07T02:13:00Z","20220202016","2022","0202","016","162035","Capelin","Mallotus villosus","U",NA,3,14,"400601","03",NA,16,2022,NA,"S","Can Trawl 400 headrope, 601 sidewalls","2022-09-07T01:43:00Z",62,-167.01,"2022-09-07T02:13:00Z",62,-167.08,NA,30,49.94,21.41,"330",23041,"8755030201",NA,NA,0,0,NA,NA,NA,0,0,NA
"280","2022-09-07T02:13:00Z","20220202016","2022","0202","016","164708","Saffron Cod","Eleginus gracilis","A1+",NA,1,112,"400601","03",NA,16,2022,NA,"S","Can Trawl 400 headrope, 601 sidewalls","2022-09-07T01:43:00Z",62,-167.01,"2022-09-07T02:13:00Z",62,-167.08,NA,30,49.94,21.41,"330",21735,"8791030301",NA,NA,0,0,NA,NA,NA,0,0,NA
"281","2022-09-07T02:13:00Z","20220202016","2022","0202","016","166365","Threespine stickleback","Gasterosteus aculeatus","U",NA,3,15,"400601","03",NA,16,2022,NA,"S","Can Trawl 400 headrope, 601 sidewalls","2022-09-07T01:43:00Z",62,-167.01,"2022-09-07T02:13:00Z",62,-167.08,NA,30,49.94,21.41,"330",21752,"8818010101",NA,NA,0,0,NA,NA,NA,0,0,NA
"282","2022-09-07T02:13:00Z","20220202016","2022","0202","016","167113","Whitespotted Greenling","Hexagrammos stelleri","U",NA,1,4,"400601","03",NA,16,2022,NA,"S","Can Trawl 400 headrope, 601 sidewalls","2022-09-07T01:43:00Z",62,-167.01,"2022-09-07T02:13:00Z",62,-167.08,NA,30,49.94,21.41,"330",21932,"8827010104",NA,NA,0,0,NA,NA,NA,0,0,NA
"283","2022-09-07T02:13:00Z","20220202016","2022","0202","016","171672","Arctic Sand Lance","Ammodytes hexapterus","A0",NA,4,3,"400601","03",NA,16,2022,NA,"S","Can Trawl 400 headrope, 601 sidewalls","2022-09-07T01:43:00Z",62,-167.01,"2022-09-07T02:13:00Z",62,-167.08,NA,30,49.94,21.41,"330",20203,"8845010101",NA,NA,0,0,NA,NA,NA,0,0,NA
"284","2022-09-07T02:13:00Z","20220202016","2022","0202","016","172893","Starry Flounder","Platichthys stellatus","U",NA,3,700,"400601","03",NA,16,2022,NA,"S","Can Trawl 400 headrope, 601 sidewalls","2022-09-07T01:43:00Z",62,-167.01,"2022-09-07T02:13:00Z",62,-167.08,NA,30,49.94,21.41,"330",10220,"8857041401",NA,NA,0,0,NA,NA,NA,0,0,NA
"285","2022-09-07T02:13:00Z","20220202016","2022","0202","016","172907","Yellowfin Sole","Limanda aspera","U",NA,2,180,"400601","03",NA,16,2022,NA,"S","Can Trawl 400 headrope, 601 sidewalls","2022-09-07T01:43:00Z",62,-167.01,"2022-09-07T02:13:00Z",62,-167.08,NA,30,49.94,21.41,"330",10210,"8857041505",NA,NA,0,0,NA,NA,NA,0,0,NA
"286","2022-09-07T02:13:00Z","20220202016","2022","0202","016","551209","Pacific Herring","Clupea pallasi","A0",NA,6903.89,8762.6,"400601","03",NA,16,2022,NA,"S","Can Trawl 400 headrope, 601 sidewalls","2022-09-07T01:43:00Z",62,-167.01,"2022-09-07T02:13:00Z",62,-167.08,NA,30,49.94,21.41,"330",21110,"8747010201",NA,NA,0,0,NA,NA,NA,0,0,NA
"287","2022-09-07T02:13:00Z","20220202016","2022","0202","016","551209","Pacific Herring","Clupea pallasi","A1+",NA,17,414,"400601","03",NA,16,2022,NA,"S","Can Trawl 400 headrope, 601 sidewalls","2022-09-07T01:43:00Z",62,-167.01,"2022-09-07T02:13:00Z",62,-167.08,NA,30,49.94,21.41,"330",21110,"8747010201",NA,NA,0,0,NA,NA,NA,0,0,NA
"288","2022-09-07T02:13:00Z","20220202016","2022","0202","016","934083","Pollock","Gadus chalcogrammus","A0",NA,15,11,"400601","03",NA,16,2022,NA,"S","Can Trawl 400 headrope, 601 sidewalls","2022-09-07T01:43:00Z",62,-167.01,"2022-09-07T02:13:00Z",62,-167.08,NA,30,49.94,21.41,"330",21740,"8791030701",NA,NA,0,0,NA,NA,NA,0,0,NA
"289","2022-09-07T02:13:00Z","20220202016","2022","0202","016","934083","Pollock","Gadus chalcogrammus","A1+",NA,1,1340,"400601","03",NA,16,2022,NA,"S","Can Trawl 400 headrope, 601 sidewalls","2022-09-07T01:43:00Z",62,-167.01,"2022-09-07T02:13:00Z",62,-167.08,NA,30,49.94,21.41,"330",21740,"8791030701",NA,NA,0,0,NA,NA,NA,0,0,NA
"290","2022-09-07T17:17:00Z","20220202017","2022","0202","017","51641","Northern Sea Nettle","Chrysaora melanaster","U",NA,0,45310,"400601","03",NA,17,2022,NA,"S","Can Trawl 400 headrope, 601 sidewalls","2022-09-07T16:46:00Z",61.99,-168,"2022-09-07T17:17:00Z",61.99,-168.07,NA,28,49.22,23.44,"330",40504,NA,NA,NA,0,0,NA,NA,NA,0,0,NA
"291","2022-09-07T17:17:00Z","20220202017","2022","0202","017","161975","Pink Salmon","Oncorhynchus gorbuscha","J",NA,2.14,116,"400601","03",NA,17,2022,NA,"S","Can Trawl 400 headrope, 601 sidewalls","2022-09-07T16:46:00Z",61.99,-168,"2022-09-07T17:17:00Z",61.99,-168.07,NA,28,49.22,23.44,"330",23230,"8755010201",NA,NA,0,0,NA,NA,NA,0,0,NA
"292","2022-09-07T17:17:00Z","20220202017","2022","0202","017","161977","Coho Salmon","Oncorhynchus kisutch","J",NA,1,295,"400601","03",NA,17,2022,NA,"S","Can Trawl 400 headrope, 601 sidewalls","2022-09-07T16:46:00Z",61.99,-168,"2022-09-07T17:17:00Z",61.99,-168.07,NA,28,49.22,23.44,"330",23225,"8755010203",NA,NA,0,0,NA,NA,NA,0,0,NA
"293","2022-09-07T17:17:00Z","20220202017","2022","0202","017","161980","Chinook Salmon","Oncorhynchus tshawytscha","J",NA,2,247,"400601","03",NA,17,2022,NA,"S","Can Trawl 400 headrope, 601 sidewalls","2022-09-07T16:46:00Z",61.99,-168,"2022-09-07T17:17:00Z",61.99,-168.07,NA,28,49.22,23.44,"330",23220,"8755010206",NA,NA,0,0,NA,NA,NA,0,0,NA
"294","2022-09-07T17:17:00Z","20220202017","2022","0202","017","162035","Capelin","Mallotus villosus","U",NA,63.53,291,"400601","03",NA,17,2022,NA,"S","Can Trawl 400 headrope, 601 sidewalls","2022-09-07T16:46:00Z",61.99,-168,"2022-09-07T17:17:00Z",61.99,-168.07,NA,28,49.22,23.44,"330",23041,"8755030201",NA,NA,0,0,NA,NA,NA,0,0,NA
"295","2022-09-07T17:17:00Z","20220202017","2022","0202","017","162041","Rainbow Smelt","Osmerus mordax dentex","U",NA,1,71,"400601","03",NA,17,2022,NA,"S","Can Trawl 400 headrope, 601 sidewalls","2022-09-07T16:46:00Z",61.99,-168,"2022-09-07T17:17:00Z",61.99,-168.07,NA,28,49.22,23.44,"330",23055,"8755030302",NA,NA,0,0,NA,NA,NA,0,0,NA
"296","2022-09-07T17:17:00Z","20220202017","2022","0202","017","172893","Starry Flounder","Platichthys stellatus","U",NA,1,240,"400601","03",NA,17,2022,NA,"S","Can Trawl 400 headrope, 601 sidewalls","2022-09-07T16:46:00Z",61.99,-168,"2022-09-07T17:17:00Z",61.99,-168.07,NA,28,49.22,23.44,"330",10220,"8857041401",NA,NA,0,0,NA,NA,NA,0,0,NA
"297","2022-09-07T17:17:00Z","20220202017","2022","0202","017","172907","Yellowfin Sole","Limanda aspera","U",NA,1,810,"400601","03",NA,17,2022,NA,"S","Can Trawl 400 headrope, 601 sidewalls","2022-09-07T16:46:00Z",61.99,-168,"2022-09-07T17:17:00Z",61.99,-168.07,NA,28,49.22,23.44,"330",10210,"8857041505",NA,NA,0,0,NA,NA,NA,0,0,NA
"298","2022-09-07T17:17:00Z","20220202017","2022","0202","017","172911","Longhead Dab","Limanda proboscidea","L",NA,5,1,"400601","03",NA,17,2022,NA,"S","Can Trawl 400 headrope, 601 sidewalls","2022-09-07T16:46:00Z",61.99,-168,"2022-09-07T17:17:00Z",61.99,-168.07,NA,28,49.22,23.44,"330",10211,"8857041507",NA,NA,0,0,NA,NA,NA,0,0,NA
"299","2022-09-07T17:17:00Z","20220202017","2022","0202","017","551209","Pacific Herring","Clupea pallasi","A1+",NA,29,1076,"400601","03",NA,17,2022,NA,"S","Can Trawl 400 headrope, 601 sidewalls","2022-09-07T16:46:00Z",61.99,-168,"2022-09-07T17:17:00Z",61.99,-168.07,NA,28,49.22,23.44,"330",21110,"8747010201",NA,NA,0,0,NA,NA,NA,0,0,NA
"300","2023-09-12T17:38:00Z","20230201035","2023","0201","035","172893","Starry Flounder","Platichthys stellatus","U","TC",2,591,"400601","05","Bering Sea",35,2023,"64-167","S","Can Trawl 400 headrope, 601 sidewalls","2023-09-12T17:08:00Z",63.99,-167.01,"2023-09-12T17:38:00Z",63.99,-167.09,NA,28,49.85,21.65,"330",10220,"8857041401",NA,NA,0,0,NA,NA,NA,0,0,NA
"301","2023-09-12T17:38:00Z","20230201035","2023","0201","035","551209","Pacific Herring","Clupea pallasi","A1+","TC",12,910,"400601","05","Bering Sea",35,2023,"64-167","S","Can Trawl 400 headrope, 601 sidewalls","2023-09-12T17:08:00Z",63.99,-167.01,"2023-09-12T17:38:00Z",63.99,-167.09,NA,28,49.85,21.65,"330",21110,"8747010201",NA,NA,0,0,NA,NA,NA,0,0,NA
"302","2023-09-12T17:38:00Z","20230201035","2023","0201","035","934083","Pollock","Gadus chalcogrammus","A0","TC",272.52,496,"400601","05","Bering Sea",35,2023,"64-167","S","Can Trawl 400 headrope, 601 sidewalls","2023-09-12T17:08:00Z",63.99,-167.01,"2023-09-12T17:38:00Z",63.99,-167.09,NA,28,49.85,21.65,"330",21740,"8791030701",NA,NA,0,0,NA,NA,NA,0,0,NA
"303","2023-09-12T17:38:00Z","20230201035","2023","0201","035","934083","Pollock","Gadus chalcogrammus","A1","TC",1,12,"400601","05","Bering Sea",35,2023,"64-167","S","Can Trawl 400 headrope, 601 sidewalls","2023-09-12T17:08:00Z",63.99,-167.01,"2023-09-12T17:38:00Z",63.99,-167.09,NA,28,49.85,21.65,"330",21740,"8791030701",NA,NA,0,0,NA,NA,NA,0,0,NA
"304","2023-09-12T21:46:00Z","20230201036","2023","0201","036","50623","Aequorea  sp.","Aequorea sp.","U","TC",0,160,"400601","05","Bering Sea",36,2023,"64-168","S","Can Trawl 400 headrope, 601 sidewalls","2023-09-12T21:16:00Z",63.99,-168.02,"2023-09-12T21:46:00Z",63.99,-168.1,NA,31,50.53,19.97,"330",40506,NA,NA,NA,0,0,NA,NA,NA,0,0,NA
"305","2023-09-12T21:46:00Z","20230201036","2023","0201","036","51641","Northern Sea Nettle","Chrysaora melanaster","U","TC",56.81,33960,"400601","05","Bering Sea",36,2023,"64-168","S","Can Trawl 400 headrope, 601 sidewalls","2023-09-12T21:16:00Z",63.99,-168.02,"2023-09-12T21:46:00Z",63.99,-168.1,NA,31,50.53,19.97,"330",40504,NA,NA,NA,0,0,NA,NA,NA,0,0,NA
"306","2023-09-12T21:46:00Z","20230201036","2023","0201","036","51669","Cyanea sp.","Cyanea sp.","U","TC",1,60,"400601","05","Bering Sea",36,2023,"64-168","S","Can Trawl 400 headrope, 601 sidewalls","2023-09-12T21:16:00Z",63.99,-168.02,"2023-09-12T21:46:00Z",63.99,-168.1,NA,31,50.53,19.97,"330",40560,NA,NA,NA,0,0,NA,NA,NA,0,0,NA
"307","2023-09-12T21:46:00Z","20230201036","2023","0201","036","161975","Pink Salmon","Oncorhynchus gorbuscha","J","TC",23,2194,"400601","05","Bering Sea",36,2023,"64-168","S","Can Trawl 400 headrope, 601 sidewalls","2023-09-12T21:16:00Z",63.99,-168.02,"2023-09-12T21:46:00Z",63.99,-168.1,NA,31,50.53,19.97,"330",23230,"8755010201",NA,NA,0,0,NA,NA,NA,0,0,NA
"308","2023-09-12T21:46:00Z","20230201036","2023","0201","036","161976","Chum Salmon","Oncorhynchus keta","J","TC",7,720,"400601","05","Bering Sea",36,2023,"64-168","S","Can Trawl 400 headrope, 601 sidewalls","2023-09-12T21:16:00Z",63.99,-168.02,"2023-09-12T21:46:00Z",63.99,-168.1,NA,31,50.53,19.97,"330",23235,"8755010202",NA,NA,0,0,NA,NA,NA,0,0,NA
"309","2023-09-12T21:46:00Z","20230201036","2023","0201","036","161977","Coho Salmon","Oncorhynchus kisutch","J","TC",1,369,"400601","05","Bering Sea",36,2023,"64-168","S","Can Trawl 400 headrope, 601 sidewalls","2023-09-12T21:16:00Z",63.99,-168.02,"2023-09-12T21:46:00Z",63.99,-168.1,NA,31,50.53,19.97,"330",23225,"8755010203",NA,NA,0,0,NA,NA,NA,0,0,NA
"310","2023-09-12T21:46:00Z","20230201036","2023","0201","036","161979","Sockeye Salmon","Oncorhynchus nerka","J","TC",3,321,"400601","05","Bering Sea",36,2023,"64-168","S","Can Trawl 400 headrope, 601 sidewalls","2023-09-12T21:16:00Z",63.99,-168.02,"2023-09-12T21:46:00Z",63.99,-168.1,NA,31,50.53,19.97,"330",23240,"8755010205",NA,NA,0,0,NA,NA,NA,0,0,NA
"311","2023-09-12T21:46:00Z","20230201036","2023","0201","036","622287","Arctic Lamprey","Lethenteron camtschaticum","U","TC",2,142,"400601","05","Bering Sea",36,2023,"64-168","S","Can Trawl 400 headrope, 601 sidewalls","2023-09-12T21:16:00Z",63.99,-168.02,"2023-09-12T21:46:00Z",63.99,-168.1,NA,31,50.53,19.97,"330",NA,"8603010201",NA,NA,0,0,NA,NA,NA,0,0,NA
"312","2023-09-12T21:46:00Z","20230201036","2023","0201","036","630414","Ammodytes personatus","Ammodytes personatus","U","TC",18,202,"400601","05","Bering Sea",36,2023,"64-168","S","Can Trawl 400 headrope, 601 sidewalls","2023-09-12T21:16:00Z",63.99,-168.02,"2023-09-12T21:46:00Z",63.99,-168.1,NA,31,50.53,19.97,"330",NA,NA,NA,NA,0,0,NA,NA,NA,0,0,NA
"313","2023-09-12T21:46:00Z","20230201036","2023","0201","036","934083","Pollock","Gadus chalcogrammus","A0","TC",418.67,769,"400601","05","Bering Sea",36,2023,"64-168","S","Can Trawl 400 headrope, 601 sidewalls","2023-09-12T21:16:00Z",63.99,-168.02,"2023-09-12T21:46:00Z",63.99,-168.1,NA,31,50.53,19.97,"330",21740,"8791030701",NA,NA,0,0,NA,NA,NA,0,0,NA
"314","2023-09-13T01:36:00Z","20230201037","2023","0201","037","50623","Aequorea  sp.","Aequorea sp.","U","SC",0,15441.61,"400601","05","Bering Sea",37,2023,"64-169","S","Can Trawl 400 headrope, 601 sidewalls","2023-09-13T01:21:00Z",64,-168.99,"2023-09-13T01:36:00Z",64.01,-168.98,NA,30,44,22.5,"330",40506,NA,NA,NA,0,0,NA,NA,NA,0,0,NA
"315","2023-09-13T01:36:00Z","20230201037","2023","0201","037","51641","Northern Sea Nettle","Chrysaora melanaster","U","SC",1927.38,1019588.6,"400601","05","Bering Sea",37,2023,"64-169","S","Can Trawl 400 headrope, 601 sidewalls","2023-09-13T01:21:00Z",64,-168.99,"2023-09-13T01:36:00Z",64.01,-168.98,NA,30,44,22.5,"330",40504,NA,NA,NA,0,0,NA,NA,NA,0,0,NA
"316","2023-09-13T01:36:00Z","20230201037","2023","0201","037","161979","Sockeye Salmon","Oncorhynchus nerka","J","TC",2,170,"400601","05","Bering Sea",37,2023,"64-169","S","Can Trawl 400 headrope, 601 sidewalls","2023-09-13T01:21:00Z",64,-168.99,"2023-09-13T01:36:00Z",64.01,-168.98,NA,30,44,22.5,"330",23240,"8755010205",NA,NA,0,0,NA,NA,NA,0,0,NA
"317","2023-09-13T01:36:00Z","20230201037","2023","0201","037","556311","Long Fin Squid","Gonatus kamtschaticus","U","SC",44.11,132.4,"400601","05","Bering Sea",37,2023,"64-169","S","Can Trawl 400 headrope, 601 sidewalls","2023-09-13T01:21:00Z",64,-168.99,"2023-09-13T01:36:00Z",64.01,-168.98,NA,30,44,22.5,"330",79206,NA,NA,NA,0,0,NA,NA,NA,0,0,NA
"318","2023-09-13T01:36:00Z","20230201037","2023","0201","037","622287","Arctic Lamprey","Lethenteron camtschaticum","U","TC",1,85,"400601","05","Bering Sea",37,2023,"64-169","S","Can Trawl 400 headrope, 601 sidewalls","2023-09-13T01:21:00Z",64,-168.99,"2023-09-13T01:36:00Z",64.01,-168.98,NA,30,44,22.5,"330",NA,"8603010201",NA,NA,0,0,NA,NA,NA,0,0,NA
"319","2023-09-13T01:36:00Z","20230201037","2023","0201","037","934083","Pollock","Gadus chalcogrammus","A0","SC",57662.6,122385.9,"400601","05","Bering Sea",37,2023,"64-169","S","Can Trawl 400 headrope, 601 sidewalls","2023-09-13T01:21:00Z",64,-168.99,"2023-09-13T01:36:00Z",64.01,-168.98,NA,30,44,22.5,"330",21740,"8791030701",NA,NA,0,0,NA,NA,NA,0,0,NA
"320","2023-09-13T17:27:00Z","20230201038","2023","0201","038","51641","Northern Sea Nettle","Chrysaora melanaster","U","TC",151.34,99700,"400601","05","Bering Sea",38,2023,"64.5-169","S","Can Trawl 400 headrope, 601 sidewalls","2023-09-13T16:57:00Z",64.49,-168.97,"2023-09-13T17:27:00Z",64.49,-168.89,NA,37,48.87,22,"330",40504,NA,NA,NA,0,0,NA,NA,NA,0,0,NA
"321","2023-09-13T17:27:00Z","20230201038","2023","0201","038","51669","Cyanea sp.","Cyanea sp.","U","TC",0,880,"400601","05","Bering Sea",38,2023,"64.5-169","S","Can Trawl 400 headrope, 601 sidewalls","2023-09-13T16:57:00Z",64.49,-168.97,"2023-09-13T17:27:00Z",64.49,-168.89,NA,37,48.87,22,"330",40560,NA,NA,NA,0,0,NA,NA,NA,0,0,NA
"322","2023-09-13T17:27:00Z","20230201038","2023","0201","038","161976","Chum Salmon","Oncorhynchus keta","IM","TC",2,5680,"400601","05","Bering Sea",38,2023,"64.5-169","S","Can Trawl 400 headrope, 601 sidewalls","2023-09-13T16:57:00Z",64.49,-168.97,"2023-09-13T17:27:00Z",64.49,-168.89,NA,37,48.87,22,"330",23235,"8755010202",NA,NA,0,0,NA,NA,NA,0,0,NA
"323","2023-09-13T17:27:00Z","20230201038","2023","0201","038","167318","Shorthorn sculpin","Myoxocephalus scorpius","U","TC",1,164,"400601","05","Bering Sea",38,2023,"64.5-169","S","Can Trawl 400 headrope, 601 sidewalls","2023-09-13T16:57:00Z",64.49,-168.97,"2023-09-13T17:27:00Z",64.49,-168.89,NA,37,48.87,22,"330",21368,"8831022207",NA,NA,0,0,NA,NA,NA,0,0,NA
"324","2023-09-13T17:27:00Z","20230201038","2023","0201","038","171672","Arctic Sand Lance","Ammodytes hexapterus","U","TC",1,26,"400601","05","Bering Sea",38,2023,"64.5-169","S","Can Trawl 400 headrope, 601 sidewalls","2023-09-13T16:57:00Z",64.49,-168.97,"2023-09-13T17:27:00Z",64.49,-168.89,NA,37,48.87,22,"330",20203,"8845010101",NA,NA,0,0,NA,NA,NA,0,0,NA
"325","2023-09-13T17:27:00Z","20230201038","2023","0201","038","622287","Arctic Lamprey","Lethenteron camtschaticum","U","TC",1,46,"400601","05","Bering Sea",38,2023,"64.5-169","S","Can Trawl 400 headrope, 601 sidewalls","2023-09-13T16:57:00Z",64.49,-168.97,"2023-09-13T17:27:00Z",64.49,-168.89,NA,37,48.87,22,"330",NA,"8603010201",NA,NA,0,0,NA,NA,NA,0,0,NA
"326","2023-09-13T21:23:00Z","20230201039","2023","0201","039","50623","Aequorea  sp.","Aequorea sp.","U","TC",0,490,"400601","05","Bering Sea",39,2023,"64.5-168","S","Can Trawl 400 headrope, 601 sidewalls","2023-09-13T20:53:00Z",64.5,-167.99,"2023-09-13T21:23:00Z",64.52,-167.93,NA,31,42.69,19.9,"330",40506,NA,NA,NA,0,0,NA,NA,NA,0,0,NA
"327","2023-09-13T21:23:00Z","20230201039","2023","0201","039","51641","Northern Sea Nettle","Chrysaora melanaster","U","TC",1318.9,503820,"400601","05","Bering Sea",39,2023,"64.5-168","S","Can Trawl 400 headrope, 601 sidewalls","2023-09-13T20:53:00Z",64.5,-167.99,"2023-09-13T21:23:00Z",64.52,-167.93,NA,31,42.69,19.9,"330",40504,NA,NA,NA,0,0,NA,NA,NA,0,0,NA
"328","2023-09-13T21:23:00Z","20230201039","2023","0201","039","161975","Pink Salmon","Oncorhynchus gorbuscha","J","TC",63.59,5390,"400601","05","Bering Sea",39,2023,"64.5-168","S","Can Trawl 400 headrope, 601 sidewalls","2023-09-13T20:53:00Z",64.5,-167.99,"2023-09-13T21:23:00Z",64.52,-167.93,NA,31,42.69,19.9,"330",23230,"8755010201",NA,NA,0,0,NA,NA,NA,0,0,NA
"329","2023-09-13T21:23:00Z","20230201039","2023","0201","039","161976","Chum Salmon","Oncorhynchus keta","J","TC",16,1500,"400601","05","Bering Sea",39,2023,"64.5-168","S","Can Trawl 400 headrope, 601 sidewalls","2023-09-13T20:53:00Z",64.5,-167.99,"2023-09-13T21:23:00Z",64.52,-167.93,NA,31,42.69,19.9,"330",23235,"8755010202",NA,NA,0,0,NA,NA,NA,0,0,NA
"330","2023-09-13T21:23:00Z","20230201039","2023","0201","039","161979","Sockeye Salmon","Oncorhynchus nerka","IM","TC",1,1236,"400601","05","Bering Sea",39,2023,"64.5-168","S","Can Trawl 400 headrope, 601 sidewalls","2023-09-13T20:53:00Z",64.5,-167.99,"2023-09-13T21:23:00Z",64.52,-167.93,NA,31,42.69,19.9,"330",23240,"8755010205","FORGOT GENETICS SAMPLE- LH ",NA,0,0,NA,NA,NA,0,0,NA
"331","2023-09-13T21:23:00Z","20230201039","2023","0201","039","161979","Sockeye Salmon","Oncorhynchus nerka","J","TC",6,658,"400601","05","Bering Sea",39,2023,"64.5-168","S","Can Trawl 400 headrope, 601 sidewalls","2023-09-13T20:53:00Z",64.5,-167.99,"2023-09-13T21:23:00Z",64.52,-167.93,NA,31,42.69,19.9,"330",23240,"8755010205",NA,NA,0,0,NA,NA,NA,0,0,NA
"332","2023-09-13T21:23:00Z","20230201039","2023","0201","039","172893","Starry Flounder","Platichthys stellatus","U","TC",1,560,"400601","05","Bering Sea",39,2023,"64.5-168","S","Can Trawl 400 headrope, 601 sidewalls","2023-09-13T20:53:00Z",64.5,-167.99,"2023-09-13T21:23:00Z",64.52,-167.93,NA,31,42.69,19.9,"330",10220,"8857041401",NA,NA,0,0,NA,NA,NA,0,0,NA
"333","2023-09-13T21:23:00Z","20230201039","2023","0201","039","551209","Pacific Herring","Clupea pallasi","A1+","TC",3,356,"400601","05","Bering Sea",39,2023,"64.5-168","S","Can Trawl 400 headrope, 601 sidewalls","2023-09-13T20:53:00Z",64.5,-167.99,"2023-09-13T21:23:00Z",64.52,-167.93,NA,31,42.69,19.9,"330",21110,"8747010201",NA,NA,0,0,NA,NA,NA,0,0,NA
"334","2023-09-13T21:23:00Z","20230201039","2023","0201","039","622287","Arctic Lamprey","Lethenteron camtschaticum","U","TC",1,55,"400601","05","Bering Sea",39,2023,"64.5-168","S","Can Trawl 400 headrope, 601 sidewalls","2023-09-13T20:53:00Z",64.5,-167.99,"2023-09-13T21:23:00Z",64.52,-167.93,NA,31,42.69,19.9,"330",NA,"8603010201",NA,NA,0,0,NA,NA,NA,0,0,NA
"335","2023-09-13T21:23:00Z","20230201039","2023","0201","039","934083","Pollock","Gadus chalcogrammus","A0","TC",292.26,491,"400601","05","Bering Sea",39,2023,"64.5-168","S","Can Trawl 400 headrope, 601 sidewalls","2023-09-13T20:53:00Z",64.5,-167.99,"2023-09-13T21:23:00Z",64.52,-167.93,NA,31,42.69,19.9,"330",21740,"8791030701",NA,NA,0,0,NA,NA,NA,0,0,NA
"336","2023-09-13T21:23:00Z","20230201039","2023","0201","039","934083","Pollock","Gadus chalcogrammus","A1+","TC",2,1950,"400601","05","Bering Sea",39,2023,"64.5-168","S","Can Trawl 400 headrope, 601 sidewalls","2023-09-13T20:53:00Z",64.5,-167.99,"2023-09-13T21:23:00Z",64.52,-167.93,NA,31,42.69,19.9,"330",21740,"8791030701",NA,NA,0,0,NA,NA,NA,0,0,NA
"337","2023-09-14T02:30:00Z","20230201040","2023","0201","040","50623","Aequorea  sp.","Aequorea sp.","U","TC",0,1910,"400601","05","Bering Sea",40,2023,"65-167.5","S","Can Trawl 400 headrope, 601 sidewalls","2023-09-14T02:00:00Z",64.97,-167.53,"2023-09-14T02:30:00Z",64.96,-167.61,NA,23,41.5,20.68,"330",40506,NA,NA,NA,0,0,NA,NA,NA,0,0,NA
"338","2023-09-14T02:30:00Z","20230201040","2023","0201","040","51641","Northern Sea Nettle","Chrysaora melanaster","U","TC",386.88,384950,"400601","05","Bering Sea",40,2023,"65-167.5","S","Can Trawl 400 headrope, 601 sidewalls","2023-09-14T02:00:00Z",64.97,-167.53,"2023-09-14T02:30:00Z",64.96,-167.61,NA,23,41.5,20.68,"330",40504,NA,NA,NA,0,0,NA,NA,NA,0,0,NA
"339","2023-09-14T02:30:00Z","20230201040","2023","0201","040","51669","Cyanea sp.","Cyanea sp.","U","TC",4,120,"400601","05","Bering Sea",40,2023,"65-167.5","S","Can Trawl 400 headrope, 601 sidewalls","2023-09-14T02:00:00Z",64.97,-167.53,"2023-09-14T02:30:00Z",64.96,-167.61,NA,23,41.5,20.68,"330",40560,NA,NA,NA,0,0,NA,NA,NA,0,0,NA
"340","2022-09-07T04:09:00Z","20220308029","2022","0308","029","164711","Pacific Cod","Gadus macrocephalus","A0",NA,1,4,"NETS156","03","Bering Sea",29,2022,"58-169","O","NETS Pelagic Trawl","2022-09-07T04:09:00Z",57.99,-169,"2022-09-07T04:09:00Z",57.99,-169,NA,72,17,8,"240",21720,"8791030401",NA,"2022-09-07T03:57:00Z",58,58,NA,NA,NA,0,0,NA
"341","2022-09-07T04:09:00Z","20220308029","2022","0308","029","934083","Pollock","Gadus chalcogrammus","A1+",NA,2,1980,"NETS156","03","Bering Sea",29,2022,"58-169","O","NETS Pelagic Trawl","2022-09-07T04:09:00Z",57.99,-169,"2022-09-07T04:09:00Z",57.99,-169,NA,72,17,8,"240",21740,"8791030701",NA,"2022-09-07T03:57:00Z",58,58,NA,NA,NA,0,0,NA
"342","2022-09-07T04:09:00Z","20220308029","2022","0308","029","934083","Pollock","Gadus chalcogrammus","U",NA,32962,24721.57,"NETS156","03","Bering Sea",29,2022,"58-169","O","NETS Pelagic Trawl","2022-09-07T04:09:00Z",57.99,-169,"2022-09-07T04:09:00Z",57.99,-169,NA,72,17,8,"240",21740,"8791030701",NA,"2022-09-07T03:57:00Z",58,58,NA,NA,NA,0,0,NA
"343","2022-09-07T17:45:00Z","20220308031","2022","0308","031","50623","Aequorea  sp.","Aequorea sp.","U",NA,688,29397.66,"NETS156","06","Bering Sea",31,2022,"57.5-170","O","NETS Pelagic Trawl","2022-09-07T17:45:00Z",57.51,-170.03,"2022-09-07T17:45:00Z",57.51,-170.03,NA,70,15,12,"150",40506,NA,NA,"2022-09-07T17:39:00Z",57.5,57.5,NA,NA,NA,0,0,NA
"344","2022-09-07T17:45:00Z","20220308031","2022","0308","031","51641","Northern Sea Nettle","Chrysaora melanaster","U",NA,104,98477.78,"NETS156","06","Bering Sea",31,2022,"57.5-170","O","NETS Pelagic Trawl","2022-09-07T17:45:00Z",57.51,-170.03,"2022-09-07T17:45:00Z",57.51,-170.03,NA,70,15,12,"150",40504,NA,NA,"2022-09-07T17:39:00Z",57.5,57.5,NA,NA,NA,0,0,NA
"345","2022-09-07T17:45:00Z","20220308031","2022","0308","031","51669","Cyanea sp.","Cyanea sp.","U",NA,18,6270,"NETS156","06","Bering Sea",31,2022,"57.5-170","O","NETS Pelagic Trawl","2022-09-07T17:45:00Z",57.51,-170.03,"2022-09-07T17:45:00Z",57.51,-170.03,NA,70,15,12,"150",40560,NA,NA,"2022-09-07T17:39:00Z",57.5,57.5,NA,NA,NA,0,0,NA
"346","2022-09-07T17:45:00Z","20220308031","2022","0308","031","82326","Squid, unident.","Cephalopoda","U",NA,1,9,"NETS156","06","Bering Sea",31,2022,"57.5-170","O","NETS Pelagic Trawl","2022-09-07T17:45:00Z",57.51,-170.03,"2022-09-07T17:45:00Z",57.51,-170.03,NA,70,15,12,"150",78000,"5700000000",NA,"2022-09-07T17:39:00Z",57.5,57.5,NA,NA,NA,0,0,NA
"347","2022-09-07T17:45:00Z","20220308031","2022","0308","031","164711","Pacific Cod","Gadus macrocephalus","A0",NA,9,22.07,"NETS156","06","Bering Sea",31,2022,"57.5-170","O","NETS Pelagic Trawl","2022-09-07T17:45:00Z",57.51,-170.03,"2022-09-07T17:45:00Z",57.51,-170.03,NA,70,15,12,"150",21720,"8791030401",NA,"2022-09-07T17:39:00Z",57.5,57.5,NA,NA,NA,0,0,NA
"348","2022-09-07T17:45:00Z","20220308031","2022","0308","031","171659","Prowfish","Zaprora silenus","U",NA,5,45,"NETS156","06","Bering Sea",31,2022,"57.5-170","O","NETS Pelagic Trawl","2022-09-07T17:45:00Z",57.51,-170.03,"2022-09-07T17:45:00Z",57.51,-170.03,NA,70,15,12,"150",24001,"8842150101",NA,"2022-09-07T17:39:00Z",57.5,57.5,NA,NA,NA,0,0,NA
"349","2022-09-07T17:45:00Z","20220308031","2022","0308","031","719327","Whitecross jellyfish","Staurophora mertensii","U",NA,0,340,"NETS156","06","Bering Sea",31,2022,"57.5-170","O","NETS Pelagic Trawl","2022-09-07T17:45:00Z",57.51,-170.03,"2022-09-07T17:45:00Z",57.51,-170.03,NA,70,15,12,"150",NA,NA,NA,"2022-09-07T17:39:00Z",57.5,57.5,NA,NA,NA,0,0,NA
"350","2022-09-07T17:45:00Z","20220308031","2022","0308","031","934083","Pollock","Gadus chalcogrammus","U",NA,46873,27186.22,"NETS156","06","Bering Sea",31,2022,"57.5-170","O","NETS Pelagic Trawl","2022-09-07T17:45:00Z",57.51,-170.03,"2022-09-07T17:45:00Z",57.51,-170.03,NA,70,15,12,"150",21740,"8791030701",NA,"2022-09-07T17:39:00Z",57.5,57.5,NA,NA,NA,0,0,NA
"351","2022-09-07T19:48:00Z","20220308031","2022","0308","031","50623","Aequorea  sp.","Aequorea sp.","U",NA,0,19029.07,"400601","07","Bering Sea",31,2022,"57.5-170","S","Can Trawl 400 headrope, 601 sidewalls","2022-09-07T19:18:00Z",57.5,-170.03,"2022-09-07T19:48:00Z",57.52,-170.09,NA,69,55.5,22.79,"189.53",40506,NA,NA,"2022-09-07T19:13:00Z",58.01,58.01,NA,NA,NA,0,0,NA
"352","2022-09-07T19:48:00Z","20220308031","2022","0308","031","51641","Northern Sea Nettle","Chrysaora melanaster","U",NA,133,22410,"400601","07","Bering Sea",31,2022,"57.5-170","S","Can Trawl 400 headrope, 601 sidewalls","2022-09-07T19:18:00Z",57.5,-170.03,"2022-09-07T19:48:00Z",57.52,-170.09,NA,69,55.5,22.79,"189.53",40504,NA,NA,"2022-09-07T19:13:00Z",58.01,58.01,NA,NA,NA,0,0,NA
"353","2022-09-07T19:48:00Z","20220308031","2022","0308","031","51669","Cyanea sp.","Cyanea sp.","U",NA,7,4060,"400601","07","Bering Sea",31,2022,"57.5-170","S","Can Trawl 400 headrope, 601 sidewalls","2022-09-07T19:18:00Z",57.5,-170.03,"2022-09-07T19:48:00Z",57.52,-170.09,NA,69,55.5,22.79,"189.53",40560,NA,NA,"2022-09-07T19:13:00Z",58.01,58.01,NA,NA,NA,0,0,NA
"354","2022-09-07T19:48:00Z","20220308031","2022","0308","031","161975","Pink Salmon","Oncorhynchus gorbuscha","J",NA,3,150,"400601","07","Bering Sea",31,2022,"57.5-170","S","Can Trawl 400 headrope, 601 sidewalls","2022-09-07T19:18:00Z",57.5,-170.03,"2022-09-07T19:48:00Z",57.52,-170.09,NA,69,55.5,22.79,"189.53",23230,"8755010201",NA,"2022-09-07T19:13:00Z",58.01,58.01,NA,NA,NA,0,0,NA
"355","2023-09-07T17:42:00Z","20230201023","2023","0201","023","934083","Pollock","Gadus chalcogrammus","A1","TC",1312.3,42025,"400601","05","Bering Sea",23,2023,"62-170","S","Can Trawl 400 headrope, 601 sidewalls","2023-09-07T17:12:00Z",61.99,-170.02,"2023-09-07T17:42:00Z",61.98,-170.1,NA,39,54.31,22.89,"330",21740,"8791030701",NA,NA,0,0,NA,NA,NA,0,0,NA
"356","2023-09-07T17:42:00Z","20230201023","2023","0201","023","934083","Pollock","Gadus chalcogrammus","A1+","TC",8,5140,"400601","05","Bering Sea",23,2023,"62-170","S","Can Trawl 400 headrope, 601 sidewalls","2023-09-07T17:12:00Z",61.99,-170.02,"2023-09-07T17:42:00Z",61.98,-170.1,NA,39,54.31,22.89,"330",21740,"8791030701",NA,NA,0,0,NA,NA,NA,0,0,NA
"357","2023-09-07T22:25:00Z","20230201024","2023","0201","024","51641","Northern Sea Nettle","Chrysaora melanaster","U","TC",692.63,407960,"400601","05","Bering Sea",24,2023,"62-171","S","Can Trawl 400 headrope, 601 sidewalls","2023-09-07T21:55:00Z",62.01,-170.99,"2023-09-07T22:25:00Z",62.04,-170.99,NA,45,51.22,23.3,"330",40504,NA,NA,NA,0,0,NA,NA,NA,0,0,NA
"358","2023-09-07T22:25:00Z","20230201024","2023","0201","024","162035","Capelin","Mallotus villosus","U","TC",10,113,"400601","05","Bering Sea",24,2023,"62-171","S","Can Trawl 400 headrope, 601 sidewalls","2023-09-07T21:55:00Z",62.01,-170.99,"2023-09-07T22:25:00Z",62.04,-170.99,NA,45,51.22,23.3,"330",23041,"8755030201",NA,NA,0,0,NA,NA,NA,0,0,NA
"359","2023-09-07T22:25:00Z","20230201024","2023","0201","024","164711","Pacific Cod","Gadus macrocephalus","A0","TC",4,11,"400601","05","Bering Sea",24,2023,"62-171","S","Can Trawl 400 headrope, 601 sidewalls","2023-09-07T21:55:00Z",62.01,-170.99,"2023-09-07T22:25:00Z",62.04,-170.99,NA,45,51.22,23.3,"330",21720,"8791030401",NA,NA,0,0,NA,NA,NA,0,0,NA
"360","2023-09-07T22:25:00Z","20230201024","2023","0201","024","551209","Pacific Herring","Clupea pallasi","A1+","TC",22,2196,"400601","05","Bering Sea",24,2023,"62-171","S","Can Trawl 400 headrope, 601 sidewalls","2023-09-07T21:55:00Z",62.01,-170.99,"2023-09-07T22:25:00Z",62.04,-170.99,NA,45,51.22,23.3,"330",21110,"8747010201",NA,NA,0,0,NA,NA,NA,0,0,NA
"361","2023-09-07T22:25:00Z","20230201024","2023","0201","024","622287","Arctic Lamprey","Lethenteron camtschaticum","U","TC",2,168,"400601","05","Bering Sea",24,2023,"62-171","S","Can Trawl 400 headrope, 601 sidewalls","2023-09-07T21:55:00Z",62.01,-170.99,"2023-09-07T22:25:00Z",62.04,-170.99,NA,45,51.22,23.3,"330",NA,"8603010201",NA,NA,0,0,NA,NA,NA,0,0,NA
"362","2023-09-07T22:25:00Z","20230201024","2023","0201","024","934083","Pollock","Gadus chalcogrammus","A0","TC",22,40,"400601","05","Bering Sea",24,2023,"62-171","S","Can Trawl 400 headrope, 601 sidewalls","2023-09-07T21:55:00Z",62.01,-170.99,"2023-09-07T22:25:00Z",62.04,-170.99,NA,45,51.22,23.3,"330",21740,"8791030701",NA,NA,0,0,NA,NA,NA,0,0,NA
"363","2023-09-07T22:25:00Z","20230201024","2023","0201","024","934083","Pollock","Gadus chalcogrammus","A1","TC",48,1376,"400601","05","Bering Sea",24,2023,"62-171","S","Can Trawl 400 headrope, 601 sidewalls","2023-09-07T21:55:00Z",62.01,-170.99,"2023-09-07T22:25:00Z",62.04,-170.99,NA,45,51.22,23.3,"330",21740,"8791030701",NA,NA,0,0,NA,NA,NA,0,0,NA
"364","2023-09-07T22:25:00Z","20230201024","2023","0201","024","934083","Pollock","Gadus chalcogrammus","A1+","TC",14,9780,"400601","05","Bering Sea",24,2023,"62-171","S","Can Trawl 400 headrope, 601 sidewalls","2023-09-07T21:55:00Z",62.01,-170.99,"2023-09-07T22:25:00Z",62.04,-170.99,NA,45,51.22,23.3,"330",21740,"8791030701",NA,NA,0,0,NA,NA,NA,0,0,NA
"365","2023-09-08T03:14:00Z","20230201025","2023","0201","025","51641","Northern Sea Nettle","Chrysaora melanaster","U","TC",350.17,227930,"400601","05","Bering Sea",25,2023,"62.5-171","S","Can Trawl 400 headrope, 601 sidewalls","2023-09-08T02:44:00Z",62.5,-170.98,"2023-09-08T03:14:00Z",62.5,-170.9,NA,38,51.53,22.57,"330",40504,NA,NA,NA,0,0,NA,NA,NA,0,0,NA
"366","2023-09-08T03:14:00Z","20230201025","2023","0201","025","82418","Gonatus Squid, unident.","Gonatus","U","TC",1,21,"400601","05","Bering Sea",25,2023,"62.5-171","S","Can Trawl 400 headrope, 601 sidewalls","2023-09-08T02:44:00Z",62.5,-170.98,"2023-09-08T03:14:00Z",62.5,-170.9,NA,38,51.53,22.57,"330",79200,NA,NA,NA,0,0,NA,NA,NA,0,0,NA
"367","2023-09-08T03:14:00Z","20230201025","2023","0201","025","161976","Chum Salmon","Oncorhynchus keta","IM","TC",2,5750,"400601","05","Bering Sea",25,2023,"62.5-171","S","Can Trawl 400 headrope, 601 sidewalls","2023-09-08T02:44:00Z",62.5,-170.98,"2023-09-08T03:14:00Z",62.5,-170.9,NA,38,51.53,22.57,"330",23235,"8755010202",NA,NA,0,0,NA,NA,NA,0,0,NA
"368","2023-09-08T03:14:00Z","20230201025","2023","0201","025","162035","Capelin","Mallotus villosus","U","TC",8,90,"400601","05","Bering Sea",25,2023,"62.5-171","S","Can Trawl 400 headrope, 601 sidewalls","2023-09-08T02:44:00Z",62.5,-170.98,"2023-09-08T03:14:00Z",62.5,-170.9,NA,38,51.53,22.57,"330",23041,"8755030201",NA,NA,0,0,NA,NA,NA,0,0,NA
"369","2023-09-08T03:14:00Z","20230201025","2023","0201","025","172907","Yellowfin Sole","Limanda aspera","U","TC",4,2610,"400601","05","Bering Sea",25,2023,"62.5-171","S","Can Trawl 400 headrope, 601 sidewalls","2023-09-08T02:44:00Z",62.5,-170.98,"2023-09-08T03:14:00Z",62.5,-170.9,NA,38,51.53,22.57,"330",10210,"8857041505",NA,NA,0,0,NA,NA,NA,0,0,NA
"370","2023-09-08T03:14:00Z","20230201025","2023","0201","025","551209","Pacific Herring","Clupea pallasi","A1+","TC",1,73,"400601","05","Bering Sea",25,2023,"62.5-171","S","Can Trawl 400 headrope, 601 sidewalls","2023-09-08T02:44:00Z",62.5,-170.98,"2023-09-08T03:14:00Z",62.5,-170.9,NA,38,51.53,22.57,"330",21110,"8747010201",NA,NA,0,0,NA,NA,NA,0,0,NA
"371","2023-09-08T03:14:00Z","20230201025","2023","0201","025","622287","Arctic Lamprey","Lethenteron camtschaticum","U","TC",1,52,"400601","05","Bering Sea",25,2023,"62.5-171","S","Can Trawl 400 headrope, 601 sidewalls","2023-09-08T02:44:00Z",62.5,-170.98,"2023-09-08T03:14:00Z",62.5,-170.9,NA,38,51.53,22.57,"330",NA,"8603010201",NA,NA,0,0,NA,NA,NA,0,0,NA
"372","2023-09-08T03:14:00Z","20230201025","2023","0201","025","934083","Pollock","Gadus chalcogrammus","A0","TC",10,18,"400601","05","Bering Sea",25,2023,"62.5-171","S","Can Trawl 400 headrope, 601 sidewalls","2023-09-08T02:44:00Z",62.5,-170.98,"2023-09-08T03:14:00Z",62.5,-170.9,NA,38,51.53,22.57,"330",21740,"8791030701",NA,NA,0,0,NA,NA,NA,0,0,NA
"373","2023-09-08T03:14:00Z","20230201025","2023","0201","025","934083","Pollock","Gadus chalcogrammus","A1","TC",32,981,"400601","05","Bering Sea",25,2023,"62.5-171","S","Can Trawl 400 headrope, 601 sidewalls","2023-09-08T02:44:00Z",62.5,-170.98,"2023-09-08T03:14:00Z",62.5,-170.9,NA,38,51.53,22.57,"330",21740,"8791030701",NA,NA,0,0,NA,NA,NA,0,0,NA
"374","2023-09-08T03:14:00Z","20230201025","2023","0201","025","934083","Pollock","Gadus chalcogrammus","A1+","TC",7,5380,"400601","05","Bering Sea",25,2023,"62.5-171","S","Can Trawl 400 headrope, 601 sidewalls","2023-09-08T02:44:00Z",62.5,-170.98,"2023-09-08T03:14:00Z",62.5,-170.9,NA,38,51.53,22.57,"330",21740,"8791030701",NA,NA,0,0,NA,NA,NA,0,0,NA
"375","2023-09-08T17:28:00Z","20230201026","2023","0201","026","51641","Northern Sea Nettle","Chrysaora melanaster","U","SC",108.63,73005.6,"400601","05","Bering Sea",26,2023,"62.5-170","S","Can Trawl 400 headrope, 601 sidewalls","2023-09-08T16:58:00Z",62.49,-169.98,"2023-09-08T17:28:00Z",62.49,-169.91,NA,31,52.84,22.67,"330",40504,NA,NA,NA,0,0,NA,NA,NA,0,0,NA
"376","2023-09-08T17:28:00Z","20230201026","2023","0201","026","161980","Chinook Salmon","Oncorhynchus tshawytscha","IM","TC",1.14,1057,"400601","05","Bering Sea",26,2023,"62.5-170","S","Can Trawl 400 headrope, 601 sidewalls","2023-09-08T16:58:00Z",62.49,-169.98,"2023-09-08T17:28:00Z",62.49,-169.91,NA,31,52.84,22.67,"330",23220,"8755010206",NA,NA,0,0,NA,NA,NA,0,0,NA
"377","2023-09-08T17:28:00Z","20230201026","2023","0201","026","162035","Capelin","Mallotus villosus","U","SC",110.35,1485.6,"400601","05","Bering Sea",26,2023,"62.5-170","S","Can Trawl 400 headrope, 601 sidewalls","2023-09-08T16:58:00Z",62.49,-169.98,"2023-09-08T17:28:00Z",62.49,-169.91,NA,31,52.84,22.67,"330",23041,"8755030201",NA,NA,0,0,NA,NA,NA,0,0,NA
"378","2023-09-08T17:28:00Z","20230201026","2023","0201","026","551209","Pacific Herring","Clupea pallasi","A1+","SC",42.44,3820.1,"400601","05","Bering Sea",26,2023,"62.5-170","S","Can Trawl 400 headrope, 601 sidewalls","2023-09-08T16:58:00Z",62.49,-169.98,"2023-09-08T17:28:00Z",62.49,-169.91,NA,31,52.84,22.67,"330",21110,"8747010201",NA,NA,0,0,NA,NA,NA,0,0,NA
"379","2023-09-08T17:28:00Z","20230201026","2023","0201","026","934083","Pollock","Gadus chalcogrammus","A0","SC",93.37,101.9,"400601","05","Bering Sea",26,2023,"62.5-170","S","Can Trawl 400 headrope, 601 sidewalls","2023-09-08T16:58:00Z",62.49,-169.98,"2023-09-08T17:28:00Z",62.49,-169.91,NA,31,52.84,22.67,"330",21740,"8791030701",NA,NA,0,0,NA,NA,NA,0,0,NA
"380","2023-09-08T17:28:00Z","20230201026","2023","0201","026","934083","Pollock","Gadus chalcogrammus","A1","SC",21534.01,774267.3,"400601","05","Bering Sea",26,2023,"62.5-170","S","Can Trawl 400 headrope, 601 sidewalls","2023-09-08T16:58:00Z",62.49,-169.98,"2023-09-08T17:28:00Z",62.49,-169.91,NA,31,52.84,22.67,"330",21740,"8791030701",NA,NA,0,0,NA,NA,NA,0,0,NA
"381","2023-09-08T17:28:00Z","20230201026","2023","0201","026","934083","Pollock","Gadus chalcogrammus","A1+","TC",14,10870,"400601","05","Bering Sea",26,2023,"62.5-170","S","Can Trawl 400 headrope, 601 sidewalls","2023-09-08T16:58:00Z",62.49,-169.98,"2023-09-08T17:28:00Z",62.49,-169.91,NA,31,52.84,22.67,"330",21740,"8791030701",NA,NA,0,0,NA,NA,NA,0,0,NA
"382","2023-09-08T21:35:00Z","20230201027","2023","0201","027","51641","Northern Sea Nettle","Chrysaora melanaster","U","TC",0,2e+06,"400601","05","Bering Sea",27,2023,"62.5-169","S","Can Trawl 400 headrope, 601 sidewalls","2023-09-08T21:21:00Z",62.5,-168.99,"2023-09-08T21:35:00Z",62.5,-168.96,NA,27,46.07,24,"330",40504,NA,NA,NA,0,0,NA,NA,NA,0,0,NA
"383","2023-09-08T21:35:00Z","20230201027","2023","0201","027","162035","Capelin","Mallotus villosus","U","TC",71.48,868,"400601","05","Bering Sea",27,2023,"62.5-169","S","Can Trawl 400 headrope, 601 sidewalls","2023-09-08T21:21:00Z",62.5,-168.99,"2023-09-08T21:35:00Z",62.5,-168.96,NA,27,46.07,24,"330",23041,"8755030201",NA,NA,0,0,NA,NA,NA,0,0,NA
"384","2023-09-08T21:35:00Z","20230201027","2023","0201","027","172907","Yellowfin Sole","Limanda aspera","U","TC",1,480,"400601","05","Bering Sea",27,2023,"62.5-169","S","Can Trawl 400 headrope, 601 sidewalls","2023-09-08T21:21:00Z",62.5,-168.99,"2023-09-08T21:35:00Z",62.5,-168.96,NA,27,46.07,24,"330",10210,"8857041505",NA,NA,0,0,NA,NA,NA,0,0,NA
"385","2023-09-08T21:35:00Z","20230201027","2023","0201","027","934083","Pollock","Gadus chalcogrammus","A0","TC",4,6,"400601","05","Bering Sea",27,2023,"62.5-169","S","Can Trawl 400 headrope, 601 sidewalls","2023-09-08T21:21:00Z",62.5,-168.99,"2023-09-08T21:35:00Z",62.5,-168.96,NA,27,46.07,24,"330",21740,"8791030701",NA,NA,0,0,NA,NA,NA,0,0,NA
"386","2023-09-08T21:35:00Z","20230201027","2023","0201","027","934083","Pollock","Gadus chalcogrammus","A1","TC",26,725,"400601","05","Bering Sea",27,2023,"62.5-169","S","Can Trawl 400 headrope, 601 sidewalls","2023-09-08T21:21:00Z",62.5,-168.99,"2023-09-08T21:35:00Z",62.5,-168.96,NA,27,46.07,24,"330",21740,"8791030701",NA,NA,0,0,NA,NA,NA,0,0,NA
"387","2023-09-08T21:35:00Z","20230201027","2023","0201","027","934083","Pollock","Gadus chalcogrammus","A1+","TC",6,5750,"400601","05","Bering Sea",27,2023,"62.5-169","S","Can Trawl 400 headrope, 601 sidewalls","2023-09-08T21:21:00Z",62.5,-168.99,"2023-09-08T21:35:00Z",62.5,-168.96,NA,27,46.07,24,"330",21740,"8791030701",NA,NA,0,0,NA,NA,NA,0,0,NA
"388","2023-09-09T02:07:00Z","20230201028","2023","0201","028","51641","Northern Sea Nettle","Chrysaora melanaster","U","TC",0,45260,"400601","05","Bering Sea",28,2023,"62.5-168","S","Can Trawl 400 headrope, 601 sidewalls","2023-09-09T01:37:00Z",62.51,-167.98,"2023-09-09T02:07:00Z",62.54,-167.94,NA,24,50.51,22.85,"330",40504,NA,NA,NA,0,0,NA,NA,NA,0,0,NA
"389","2023-09-09T02:07:00Z","20230201028","2023","0201","028","82326","Squid, unident.","Cephalopoda","U","TC",23,14,"400601","05","Bering Sea",28,2023,"62.5-168","S","Can Trawl 400 headrope, 601 sidewalls","2023-09-09T01:37:00Z",62.51,-167.98,"2023-09-09T02:07:00Z",62.54,-167.94,NA,24,50.51,22.85,"330",78000,"5700000000","PINGER THIAMINASE ",NA,0,0,NA,NA,NA,0,0,NA
"390","2023-09-09T02:07:00Z","20230201028","2023","0201","028","161975","Pink Salmon","Oncorhynchus gorbuscha","J","TC",52,2966,"400601","05","Bering Sea",28,2023,"62.5-168","S","Can Trawl 400 headrope, 601 sidewalls","2023-09-09T01:37:00Z",62.51,-167.98,"2023-09-09T02:07:00Z",62.54,-167.94,NA,24,50.51,22.85,"330",23230,"8755010201",NA,NA,0,0,NA,NA,NA,0,0,NA
"391","2023-09-09T02:07:00Z","20230201028","2023","0201","028","161976","Chum Salmon","Oncorhynchus keta","J","TC",3,225,"400601","05","Bering Sea",28,2023,"62.5-168","S","Can Trawl 400 headrope, 601 sidewalls","2023-09-09T01:37:00Z",62.51,-167.98,"2023-09-09T02:07:00Z",62.54,-167.94,NA,24,50.51,22.85,"330",23235,"8755010202",NA,NA,0,0,NA,NA,NA,0,0,NA
"392","2023-09-09T02:07:00Z","20230201028","2023","0201","028","162035","Capelin","Mallotus villosus","U","TC",17.03,132,"400601","05","Bering Sea",28,2023,"62.5-168","S","Can Trawl 400 headrope, 601 sidewalls","2023-09-09T01:37:00Z",62.51,-167.98,"2023-09-09T02:07:00Z",62.54,-167.94,NA,24,50.51,22.85,"330",23041,"8755030201",NA,NA,0,0,NA,NA,NA,0,0,NA
"393","2023-09-09T02:07:00Z","20230201028","2023","0201","028","166365","Threespine stickleback","Gasterosteus aculeatus","U","TC",1,6,"400601","05","Bering Sea",28,2023,"62.5-168","S","Can Trawl 400 headrope, 601 sidewalls","2023-09-09T01:37:00Z",62.51,-167.98,"2023-09-09T02:07:00Z",62.54,-167.94,NA,24,50.51,22.85,"330",21752,"8818010101",NA,NA,0,0,NA,NA,NA,0,0,NA
"394","2023-09-09T02:07:00Z","20230201028","2023","0201","028","622287","Arctic Lamprey","Lethenteron camtschaticum","U","TC",1,62,"400601","05","Bering Sea",28,2023,"62.5-168","S","Can Trawl 400 headrope, 601 sidewalls","2023-09-09T01:37:00Z",62.51,-167.98,"2023-09-09T02:07:00Z",62.54,-167.94,NA,24,50.51,22.85,"330",NA,"8603010201",NA,NA,0,0,NA,NA,NA,0,0,NA
"395","2023-09-09T02:07:00Z","20230201028","2023","0201","028","934083","Pollock","Gadus chalcogrammus","A0","TC",13,14,"400601","05","Bering Sea",28,2023,"62.5-168","S","Can Trawl 400 headrope, 601 sidewalls","2023-09-09T01:37:00Z",62.51,-167.98,"2023-09-09T02:07:00Z",62.54,-167.94,NA,24,50.51,22.85,"330",21740,"8791030701",NA,NA,0,0,NA,NA,NA,0,0,NA
"396","2023-09-09T02:07:00Z","20230201028","2023","0201","028","934083","Pollock","Gadus chalcogrammus","A1","TC",1.69,22,"400601","05","Bering Sea",28,2023,"62.5-168","S","Can Trawl 400 headrope, 601 sidewalls","2023-09-09T01:37:00Z",62.51,-167.98,"2023-09-09T02:07:00Z",62.54,-167.94,NA,24,50.51,22.85,"330",21740,"8791030701",NA,NA,0,0,NA,NA,NA,0,0,NA
"397","2023-09-09T02:07:00Z","20230201028","2023","0201","028","934083","Pollock","Gadus chalcogrammus","A1+","TC",3,3190,"400601","05","Bering Sea",28,2023,"62.5-168","S","Can Trawl 400 headrope, 601 sidewalls","2023-09-09T01:37:00Z",62.51,-167.98,"2023-09-09T02:07:00Z",62.54,-167.94,NA,24,50.51,22.85,"330",21740,"8791030701",NA,NA,0,0,NA,NA,NA,0,0,NA
"398","2023-09-10T17:26:00Z","20230201029","2023","0201","029","51641","Northern Sea Nettle","Chrysaora melanaster","U","TC",0,2360,"400601","05","Bering Sea",29,2023,"62.5-167","S","Can Trawl 400 headrope, 601 sidewalls","2023-09-10T16:56:00Z",62.5,-166.99,"2023-09-10T17:26:00Z",62.53,-167,NA,29,50.16,21.39,"329",40504,NA,NA,NA,0,0,NA,NA,NA,0,0,NA
"399","2023-09-10T17:26:00Z","20230201029","2023","0201","029","161975","Pink Salmon","Oncorhynchus gorbuscha","J","TC",19,830,"400601","05","Bering Sea",29,2023,"62.5-167","S","Can Trawl 400 headrope, 601 sidewalls","2023-09-10T16:56:00Z",62.5,-166.99,"2023-09-10T17:26:00Z",62.53,-167,NA,29,50.16,21.39,"329",23230,"8755010201",NA,NA,0,0,NA,NA,NA,0,0,NA
"400","2023-09-10T17:26:00Z","20230201029","2023","0201","029","161976","Chum Salmon","Oncorhynchus keta","J","TC",14,930,"400601","05","Bering Sea",29,2023,"62.5-167","S","Can Trawl 400 headrope, 601 sidewalls","2023-09-10T16:56:00Z",62.5,-166.99,"2023-09-10T17:26:00Z",62.53,-167,NA,29,50.16,21.39,"329",23235,"8755010202",NA,NA,0,0,NA,NA,NA,0,0,NA
"401","2023-09-10T17:26:00Z","20230201029","2023","0201","029","161980","Chinook Salmon","Oncorhynchus tshawytscha","J","TC",3,390,"400601","05","Bering Sea",29,2023,"62.5-167","S","Can Trawl 400 headrope, 601 sidewalls","2023-09-10T16:56:00Z",62.5,-166.99,"2023-09-10T17:26:00Z",62.53,-167,NA,29,50.16,21.39,"329",23220,"8755010206",NA,NA,0,0,NA,NA,NA,0,0,NA
"402","2023-09-10T17:26:00Z","20230201029","2023","0201","029","162041","Rainbow Smelt","Osmerus mordax dentex","U","TC",2,109,"400601","05","Bering Sea",29,2023,"62.5-167","S","Can Trawl 400 headrope, 601 sidewalls","2023-09-10T16:56:00Z",62.5,-166.99,"2023-09-10T17:26:00Z",62.53,-167,NA,29,50.16,21.39,"329",23055,"8755030302",NA,NA,0,0,NA,NA,NA,0,0,NA
"403","2023-09-10T17:26:00Z","20230201029","2023","0201","029","164708","Saffron Cod","Eleginus gracilis","A0","TC",250.3,1652,"400601","05","Bering Sea",29,2023,"62.5-167","S","Can Trawl 400 headrope, 601 sidewalls","2023-09-10T16:56:00Z",62.5,-166.99,"2023-09-10T17:26:00Z",62.53,-167,NA,29,50.16,21.39,"329",21735,"8791030301",NA,NA,0,0,NA,NA,NA,0,0,NA
"404","2023-09-10T17:26:00Z","20230201029","2023","0201","029","171337","Bering Wolffish","Anarhichas orientalis","U","TC",1,37,"400601","05","Bering Sea",29,2023,"62.5-167","S","Can Trawl 400 headrope, 601 sidewalls","2023-09-10T16:56:00Z",62.5,-166.99,"2023-09-10T17:26:00Z",62.53,-167,NA,29,50.16,21.39,"329",20322,"8842020101",NA,NA,0,0,NA,NA,NA,0,0,NA
"405","2023-09-10T17:26:00Z","20230201029","2023","0201","029","551209","Pacific Herring","Clupea pallasi","A1+","TC",31,1155,"400601","05","Bering Sea",29,2023,"62.5-167","S","Can Trawl 400 headrope, 601 sidewalls","2023-09-10T16:56:00Z",62.5,-166.99,"2023-09-10T17:26:00Z",62.53,-167,NA,29,50.16,21.39,"329",21110,"8747010201",NA,NA,0,0,NA,NA,NA,0,0,NA
"406","2023-09-10T17:26:00Z","20230201029","2023","0201","029","622287","Arctic Lamprey","Lethenteron camtschaticum","U","TC",2,133,"400601","05","Bering Sea",29,2023,"62.5-167","S","Can Trawl 400 headrope, 601 sidewalls","2023-09-10T16:56:00Z",62.5,-166.99,"2023-09-10T17:26:00Z",62.53,-167,NA,29,50.16,21.39,"329",NA,"8603010201",NA,NA,0,0,NA,NA,NA,0,0,NA
"407","2023-09-10T22:08:00Z","20230201030","2023","0201","030","50623","Aequorea  sp.","Aequorea sp.","U","TC",0,570,"400601","05","Bering Sea",30,2023,"63-167","S","Can Trawl 400 headrope, 601 sidewalls","2023-09-10T21:38:00Z",62.99,-166.97,"2023-09-10T22:08:00Z",63,-166.9,NA,22,51.24,19.89,"330",40506,NA,NA,NA,0,0,NA,NA,NA,0,0,NA
"408","2023-09-10T22:08:00Z","20230201030","2023","0201","030","51641","Northern Sea Nettle","Chrysaora melanaster","U","TC",99.87,51210,"400601","05","Bering Sea",30,2023,"63-167","S","Can Trawl 400 headrope, 601 sidewalls","2023-09-10T21:38:00Z",62.99,-166.97,"2023-09-10T22:08:00Z",63,-166.9,NA,22,51.24,19.89,"330",40504,NA,NA,NA,0,0,NA,NA,NA,0,0,NA
"409","2023-09-10T22:08:00Z","20230201030","2023","0201","030","82418","Gonatus Squid, unident.","Gonatus","U","TC",177,118,"400601","05","Bering Sea",30,2023,"63-167","S","Can Trawl 400 headrope, 601 sidewalls","2023-09-10T21:38:00Z",62.99,-166.97,"2023-09-10T22:08:00Z",63,-166.9,NA,22,51.24,19.89,"330",79200,NA,NA,NA,0,0,NA,NA,NA,0,0,NA
"410","2023-09-10T22:08:00Z","20230201030","2023","0201","030","161975","Pink Salmon","Oncorhynchus gorbuscha","J","TC",47,1736,"400601","05","Bering Sea",30,2023,"63-167","S","Can Trawl 400 headrope, 601 sidewalls","2023-09-10T21:38:00Z",62.99,-166.97,"2023-09-10T22:08:00Z",63,-166.9,NA,22,51.24,19.89,"330",23230,"8755010201",NA,NA,0,0,NA,NA,NA,0,0,NA
"411","2023-09-14T02:30:00Z","20230201040","2023","0201","040","51696","Phacellophora camtschatica","Phacellophora camtschatica","U","TC",2,500,"400601","05","Bering Sea",40,2023,"65-167.5","S","Can Trawl 400 headrope, 601 sidewalls","2023-09-14T02:00:00Z",64.97,-167.53,"2023-09-14T02:30:00Z",64.96,-167.61,NA,23,41.5,20.68,"330",NA,NA,NA,NA,0,0,NA,NA,NA,0,0,NA
"412","2023-09-14T02:30:00Z","20230201040","2023","0201","040","51700","Aurelia sp.","Aurelia sp.","U","TC",0,270,"400601","05","Bering Sea",40,2023,"65-167.5","S","Can Trawl 400 headrope, 601 sidewalls","2023-09-14T02:00:00Z",64.97,-167.53,"2023-09-14T02:30:00Z",64.96,-167.61,NA,23,41.5,20.68,"330",40511,NA,NA,NA,0,0,NA,NA,NA,0,0,NA
"413","2023-09-14T02:30:00Z","20230201040","2023","0201","040","161975","Pink Salmon","Oncorhynchus gorbuscha","J","TC",18,1195,"400601","05","Bering Sea",40,2023,"65-167.5","S","Can Trawl 400 headrope, 601 sidewalls","2023-09-14T02:00:00Z",64.97,-167.53,"2023-09-14T02:30:00Z",64.96,-167.61,NA,23,41.5,20.68,"330",23230,"8755010201",NA,NA,0,0,NA,NA,NA,0,0,NA
"414","2023-09-14T02:30:00Z","20230201040","2023","0201","040","161976","Chum Salmon","Oncorhynchus keta","J","TC",58.64,5081,"400601","05","Bering Sea",40,2023,"65-167.5","S","Can Trawl 400 headrope, 601 sidewalls","2023-09-14T02:00:00Z",64.97,-167.53,"2023-09-14T02:30:00Z",64.96,-167.61,NA,23,41.5,20.68,"330",23235,"8755010202",NA,NA,0,0,NA,NA,NA,0,0,NA
"415","2023-09-14T02:30:00Z","20230201040","2023","0201","040","164708","Saffron Cod","Eleginus gracilis","A0","TC",105.3,797,"400601","05","Bering Sea",40,2023,"65-167.5","S","Can Trawl 400 headrope, 601 sidewalls","2023-09-14T02:00:00Z",64.97,-167.53,"2023-09-14T02:30:00Z",64.96,-167.61,NA,23,41.5,20.68,"330",21735,"8791030301",NA,NA,0,0,NA,NA,NA,0,0,NA
"416","2023-09-14T02:30:00Z","20230201040","2023","0201","040","164711","Pacific Cod","Gadus macrocephalus","A0","TC",1,2,"400601","05","Bering Sea",40,2023,"65-167.5","S","Can Trawl 400 headrope, 601 sidewalls","2023-09-14T02:00:00Z",64.97,-167.53,"2023-09-14T02:30:00Z",64.96,-167.61,NA,23,41.5,20.68,"330",21720,"8791030401",NA,NA,0,0,NA,NA,NA,0,0,NA
"417","2023-09-14T02:30:00Z","20230201040","2023","0201","040","166365","Threespine stickleback","Gasterosteus aculeatus","U","TC",2,11,"400601","05","Bering Sea",40,2023,"65-167.5","S","Can Trawl 400 headrope, 601 sidewalls","2023-09-14T02:00:00Z",64.97,-167.53,"2023-09-14T02:30:00Z",64.96,-167.61,NA,23,41.5,20.68,"330",21752,"8818010101",NA,NA,0,0,NA,NA,NA,0,0,NA
"418","2023-09-14T02:30:00Z","20230201040","2023","0201","040","172893","Starry Flounder","Platichthys stellatus","U","TC",1,229,"400601","05","Bering Sea",40,2023,"65-167.5","S","Can Trawl 400 headrope, 601 sidewalls","2023-09-14T02:00:00Z",64.97,-167.53,"2023-09-14T02:30:00Z",64.96,-167.61,NA,23,41.5,20.68,"330",10220,"8857041401",NA,NA,0,0,NA,NA,NA,0,0,NA
"419","2023-09-14T02:30:00Z","20230201040","2023","0201","040","622287","Arctic Lamprey","Lethenteron camtschaticum","U","TC",2,121,"400601","05","Bering Sea",40,2023,"65-167.5","S","Can Trawl 400 headrope, 601 sidewalls","2023-09-14T02:00:00Z",64.97,-167.53,"2023-09-14T02:30:00Z",64.96,-167.61,NA,23,41.5,20.68,"330",NA,"8603010201",NA,NA,0,0,NA,NA,NA,0,0,NA
"420","2023-09-14T02:30:00Z","20230201040","2023","0201","040","934083","Pollock","Gadus chalcogrammus","A0","TC",44.61,88,"400601","05","Bering Sea",40,2023,"65-167.5","S","Can Trawl 400 headrope, 601 sidewalls","2023-09-14T02:00:00Z",64.97,-167.53,"2023-09-14T02:30:00Z",64.96,-167.61,NA,23,41.5,20.68,"330",21740,"8791030701",NA,NA,0,0,NA,NA,NA,0,0,NA
"421","2023-09-14T02:30:00Z","20230201040","2023","0201","040","934083","Pollock","Gadus chalcogrammus","A1","TC",506.16,9931,"400601","05","Bering Sea",40,2023,"65-167.5","S","Can Trawl 400 headrope, 601 sidewalls","2023-09-14T02:00:00Z",64.97,-167.53,"2023-09-14T02:30:00Z",64.96,-167.61,NA,23,41.5,20.68,"330",21740,"8791030701",NA,NA,0,0,NA,NA,NA,0,0,NA
"422","2023-09-14T17:49:00Z","20230201041","2023","0201","041","50623","Aequorea  sp.","Aequorea sp.","U","TC",0,230,"400601","05","Bering Sea",41,2023,"64.5-167","S","Can Trawl 400 headrope, 601 sidewalls","2023-09-14T17:18:00Z",64.48,-166.97,"2023-09-14T17:49:00Z",64.46,-166.92,NA,22,50.14,21.5,"330",40506,NA,NA,NA,0,0,NA,NA,NA,0,0,NA
"423","2023-09-14T17:49:00Z","20230201041","2023","0201","041","51641","Northern Sea Nettle","Chrysaora melanaster","U","TC",75.23,78470,"400601","05","Bering Sea",41,2023,"64.5-167","S","Can Trawl 400 headrope, 601 sidewalls","2023-09-14T17:18:00Z",64.48,-166.97,"2023-09-14T17:49:00Z",64.46,-166.92,NA,22,50.14,21.5,"330",40504,NA,NA,NA,0,0,NA,NA,NA,0,0,NA
"424","2023-09-14T17:49:00Z","20230201041","2023","0201","041","51669","Cyanea sp.","Cyanea sp.","U","TC",2,350,"400601","05","Bering Sea",41,2023,"64.5-167","S","Can Trawl 400 headrope, 601 sidewalls","2023-09-14T17:18:00Z",64.48,-166.97,"2023-09-14T17:49:00Z",64.46,-166.92,NA,22,50.14,21.5,"330",40560,NA,NA,NA,0,0,NA,NA,NA,0,0,NA
"425","2023-09-14T17:49:00Z","20230201041","2023","0201","041","51696","Phacellophora camtschatica","Phacellophora camtschatica","U","TC",2,490,"400601","05","Bering Sea",41,2023,"64.5-167","S","Can Trawl 400 headrope, 601 sidewalls","2023-09-14T17:18:00Z",64.48,-166.97,"2023-09-14T17:49:00Z",64.46,-166.92,NA,22,50.14,21.5,"330",NA,NA,NA,NA,0,0,NA,NA,NA,0,0,NA
"426","2023-09-14T17:49:00Z","20230201041","2023","0201","041","51700","Aurelia sp.","Aurelia sp.","U","TC",10,330,"400601","05","Bering Sea",41,2023,"64.5-167","S","Can Trawl 400 headrope, 601 sidewalls","2023-09-14T17:18:00Z",64.48,-166.97,"2023-09-14T17:49:00Z",64.46,-166.92,NA,22,50.14,21.5,"330",40511,NA,NA,NA,0,0,NA,NA,NA,0,0,NA
"427","2023-09-14T17:49:00Z","20230201041","2023","0201","041","161975","Pink Salmon","Oncorhynchus gorbuscha","J","TC",4,172,"400601","05","Bering Sea",41,2023,"64.5-167","S","Can Trawl 400 headrope, 601 sidewalls","2023-09-14T17:18:00Z",64.48,-166.97,"2023-09-14T17:49:00Z",64.46,-166.92,NA,22,50.14,21.5,"330",23230,"8755010201",NA,NA,0,0,NA,NA,NA,0,0,NA
"428","2023-09-14T17:49:00Z","20230201041","2023","0201","041","161976","Chum Salmon","Oncorhynchus keta","J","TC",33,1857,"400601","05","Bering Sea",41,2023,"64.5-167","S","Can Trawl 400 headrope, 601 sidewalls","2023-09-14T17:18:00Z",64.48,-166.97,"2023-09-14T17:49:00Z",64.46,-166.92,NA,22,50.14,21.5,"330",23235,"8755010202",NA,NA,0,0,NA,NA,NA,0,0,NA
"429","2023-09-14T17:49:00Z","20230201041","2023","0201","041","161980","Chinook Salmon","Oncorhynchus tshawytscha","J","TC",2,278,"400601","05","Bering Sea",41,2023,"64.5-167","S","Can Trawl 400 headrope, 601 sidewalls","2023-09-14T17:18:00Z",64.48,-166.97,"2023-09-14T17:49:00Z",64.46,-166.92,NA,22,50.14,21.5,"330",23220,"8755010206",NA,NA,0,0,NA,NA,NA,0,0,NA
"430","2023-09-14T17:49:00Z","20230201041","2023","0201","041","162041","Rainbow Smelt","Osmerus mordax dentex","U","TC",1,16,"400601","05","Bering Sea",41,2023,"64.5-167","S","Can Trawl 400 headrope, 601 sidewalls","2023-09-14T17:18:00Z",64.48,-166.97,"2023-09-14T17:49:00Z",64.46,-166.92,NA,22,50.14,21.5,"330",23055,"8755030302",NA,NA,0,0,NA,NA,NA,0,0,NA
"431","2023-09-14T17:49:00Z","20230201041","2023","0201","041","164708","Saffron Cod","Eleginus gracilis","A0","TC",336.42,2032,"400601","05","Bering Sea",41,2023,"64.5-167","S","Can Trawl 400 headrope, 601 sidewalls","2023-09-14T17:18:00Z",64.48,-166.97,"2023-09-14T17:49:00Z",64.46,-166.92,NA,22,50.14,21.5,"330",21735,"8791030301",NA,NA,0,0,NA,NA,NA,0,0,NA
"432","2023-09-14T17:49:00Z","20230201041","2023","0201","041","164708","Saffron Cod","Eleginus gracilis","A1+","TC",1,51,"400601","05","Bering Sea",41,2023,"64.5-167","S","Can Trawl 400 headrope, 601 sidewalls","2023-09-14T17:18:00Z",64.48,-166.97,"2023-09-14T17:49:00Z",64.46,-166.92,NA,22,50.14,21.5,"330",21735,"8791030301",NA,NA,0,0,NA,NA,NA,0,0,NA
"433","2023-09-14T17:49:00Z","20230201041","2023","0201","041","166387","Nine-spine Stickleback","Pungitius pungitius","U","TC",1,1,"400601","05","Bering Sea",41,2023,"64.5-167","S","Can Trawl 400 headrope, 601 sidewalls","2023-09-14T17:18:00Z",64.48,-166.97,"2023-09-14T17:49:00Z",64.46,-166.92,NA,22,50.14,21.5,"330",21753,"8818010201",NA,NA,0,0,NA,NA,NA,0,0,NA
"434","2023-09-14T17:49:00Z","20230201041","2023","0201","041","171672","Arctic Sand Lance","Ammodytes hexapterus","U","TC",6,65,"400601","05","Bering Sea",41,2023,"64.5-167","S","Can Trawl 400 headrope, 601 sidewalls","2023-09-14T17:18:00Z",64.48,-166.97,"2023-09-14T17:49:00Z",64.46,-166.92,NA,22,50.14,21.5,"330",20203,"8845010101",NA,NA,0,0,NA,NA,NA,0,0,NA
"435","2023-09-14T17:49:00Z","20230201041","2023","0201","041","172911","Longhead Dab","Limanda proboscidea","U","TC",1,1,"400601","05","Bering Sea",41,2023,"64.5-167","S","Can Trawl 400 headrope, 601 sidewalls","2023-09-14T17:18:00Z",64.48,-166.97,"2023-09-14T17:49:00Z",64.46,-166.92,NA,22,50.14,21.5,"330",10211,"8857041507",NA,NA,0,0,NA,NA,NA,0,0,NA
"436","2023-09-14T17:49:00Z","20230201041","2023","0201","041","622287","Arctic Lamprey","Lethenteron camtschaticum","U","TC",3,196,"400601","05","Bering Sea",41,2023,"64.5-167","S","Can Trawl 400 headrope, 601 sidewalls","2023-09-14T17:18:00Z",64.48,-166.97,"2023-09-14T17:49:00Z",64.46,-166.92,NA,22,50.14,21.5,"330",NA,"8603010201",NA,NA,0,0,NA,NA,NA,0,0,NA
"437","2023-09-14T17:49:00Z","20230201041","2023","0201","041","934083","Pollock","Gadus chalcogrammus","A0","TC",19,38,"400601","05","Bering Sea",41,2023,"64.5-167","S","Can Trawl 400 headrope, 601 sidewalls","2023-09-14T17:18:00Z",64.48,-166.97,"2023-09-14T17:49:00Z",64.46,-166.92,NA,22,50.14,21.5,"330",21740,"8791030701",NA,NA,0,0,NA,NA,NA,0,0,NA
"438","2023-09-14T17:49:00Z","20230201041","2023","0201","041","934083","Pollock","Gadus chalcogrammus","A1","TC",4,74,"400601","05","Bering Sea",41,2023,"64.5-167","S","Can Trawl 400 headrope, 601 sidewalls","2023-09-14T17:18:00Z",64.48,-166.97,"2023-09-14T17:49:00Z",64.46,-166.92,NA,22,50.14,21.5,"330",21740,"8791030701",NA,NA,0,0,NA,NA,NA,0,0,NA
"439","2023-09-14T00:08:00Z","20230201043","2023","0201","043","50623","Aequorea  sp.","Aequorea sp.","U","TC",0,160,"400601","05","Bering Sea",43,2023,"64-166","S","Can Trawl 400 headrope, 601 sidewalls","2023-09-14T23:38:00Z",64,-165.97,"2023-09-14T00:08:00Z",63.98,-165.92,NA,17,49.64,18.36,"330",40506,NA,NA,NA,0,0,NA,NA,NA,0,0,NA
"440","2023-09-14T00:08:00Z","20230201043","2023","0201","043","51641","Northern Sea Nettle","Chrysaora melanaster","U","TC",15.37,16910,"400601","05","Bering Sea",43,2023,"64-166","S","Can Trawl 400 headrope, 601 sidewalls","2023-09-14T23:38:00Z",64,-165.97,"2023-09-14T00:08:00Z",63.98,-165.92,NA,17,49.64,18.36,"330",40504,NA,NA,NA,0,0,NA,NA,NA,0,0,NA
"441","2023-09-14T00:08:00Z","20230201043","2023","0201","043","51669","Cyanea sp.","Cyanea sp.","U","TC",7,850,"400601","05","Bering Sea",43,2023,"64-166","S","Can Trawl 400 headrope, 601 sidewalls","2023-09-14T23:38:00Z",64,-165.97,"2023-09-14T00:08:00Z",63.98,-165.92,NA,17,49.64,18.36,"330",40560,NA,NA,NA,0,0,NA,NA,NA,0,0,NA
"442","2022-09-07T19:48:00Z","20220308031","2022","0308","031","161976","Chum Salmon","Oncorhynchus keta","IM",NA,1,2240,"400601","07","Bering Sea",31,2022,"57.5-170","S","Can Trawl 400 headrope, 601 sidewalls","2022-09-07T19:18:00Z",57.5,-170.03,"2022-09-07T19:48:00Z",57.52,-170.09,NA,69,55.5,22.79,"189.53",23235,"8755010202",NA,"2022-09-07T19:13:00Z",58.01,58.01,NA,NA,NA,0,0,NA
"443","2022-09-07T19:48:00Z","20220308031","2022","0308","031","164711","Pacific Cod","Gadus macrocephalus","A0",NA,4,8,"400601","07","Bering Sea",31,2022,"57.5-170","S","Can Trawl 400 headrope, 601 sidewalls","2022-09-07T19:18:00Z",57.5,-170.03,"2022-09-07T19:48:00Z",57.52,-170.09,NA,69,55.5,22.79,"189.53",21720,"8791030401",NA,"2022-09-07T19:13:00Z",58.01,58.01,NA,NA,NA,0,0,NA
"444","2022-09-07T19:48:00Z","20220308031","2022","0308","031","166365","Threespine stickleback","Gasterosteus aculeatus","U",NA,3,11,"400601","07","Bering Sea",31,2022,"57.5-170","S","Can Trawl 400 headrope, 601 sidewalls","2022-09-07T19:18:00Z",57.5,-170.03,"2022-09-07T19:48:00Z",57.52,-170.09,NA,69,55.5,22.79,"189.53",21752,"8818010101",NA,"2022-09-07T19:13:00Z",58.01,58.01,NA,NA,NA,0,0,NA
"445","2022-09-07T19:48:00Z","20220308031","2022","0308","031","167108","Greenling, unident.","Hexagrammidae","U",NA,15,49,"400601","07","Bering Sea",31,2022,"57.5-170","S","Can Trawl 400 headrope, 601 sidewalls","2022-09-07T19:18:00Z",57.5,-170.03,"2022-09-07T19:48:00Z",57.52,-170.09,NA,69,55.5,22.79,"189.53",21900,"8827010000",NA,"2022-09-07T19:13:00Z",58.01,58.01,NA,NA,NA,0,0,NA
"446","2022-09-07T19:48:00Z","20220308031","2022","0308","031","167120","Atka Mackerel","Pleurogrammus monopterygius","U",NA,2,171,"400601","07","Bering Sea",31,2022,"57.5-170","S","Can Trawl 400 headrope, 601 sidewalls","2022-09-07T19:18:00Z",57.5,-170.03,"2022-09-07T19:48:00Z",57.52,-170.09,NA,69,55.5,22.79,"189.53",21921,"8827010501",NA,"2022-09-07T19:13:00Z",58.01,58.01,NA,NA,NA,0,0,NA
"447","2022-09-07T19:48:00Z","20220308031","2022","0308","031","170919","Pacific Sandfish","Trichodon trichodon","U",NA,1,114,"400601","07","Bering Sea",31,2022,"57.5-170","S","Can Trawl 400 headrope, 601 sidewalls","2022-09-07T19:18:00Z",57.5,-170.03,"2022-09-07T19:48:00Z",57.52,-170.09,NA,69,55.5,22.79,"189.53",21592,"8840010201",NA,"2022-09-07T19:13:00Z",58.01,58.01,NA,NA,NA,0,0,NA
"448","2022-09-07T19:48:00Z","20220308031","2022","0308","031","171659","Prowfish","Zaprora silenus","U",NA,6,45,"400601","07","Bering Sea",31,2022,"57.5-170","S","Can Trawl 400 headrope, 601 sidewalls","2022-09-07T19:18:00Z",57.5,-170.03,"2022-09-07T19:48:00Z",57.52,-170.09,NA,69,55.5,22.79,"189.53",24001,"8842150101",NA,"2022-09-07T19:13:00Z",58.01,58.01,NA,NA,NA,0,0,NA
"449","2022-09-07T19:48:00Z","20220308031","2022","0308","031","934083","Pollock","Gadus chalcogrammus","U",NA,3913,3130.01,"400601","07","Bering Sea",31,2022,"57.5-170","S","Can Trawl 400 headrope, 601 sidewalls","2022-09-07T19:18:00Z",57.5,-170.03,"2022-09-07T19:48:00Z",57.52,-170.09,NA,69,55.5,22.79,"189.53",21740,"8791030701",NA,"2022-09-07T19:13:00Z",58.01,58.01,NA,NA,NA,0,0,NA
"450","2022-09-08T03:13:00Z","20220308032","2022","0308","032","50513","Staurophora mertensi","Staurophora mertensi","U",NA,0,163.12,"400601","02","Bering Sea",32,2022,"58-171","S","Can Trawl 400 headrope, 601 sidewalls","2022-09-08T02:43:00Z",57.99,-171.01,"2022-09-08T03:13:00Z",58.03,-171,NA,89,55.5,23.9,"189.37",NA,"40562",NA,"2022-09-08T02:39:00Z",57.99,57.99,NA,NA,NA,0,0,NA
"451","2022-09-08T03:13:00Z","20220308032","2022","0308","032","50623","Aequorea  sp.","Aequorea sp.","U",NA,299,57092.58,"400601","02","Bering Sea",32,2022,"58-171","S","Can Trawl 400 headrope, 601 sidewalls","2022-09-08T02:43:00Z",57.99,-171.01,"2022-09-08T03:13:00Z",58.03,-171,NA,89,55.5,23.9,"189.37",40506,NA,NA,"2022-09-08T02:39:00Z",57.99,57.99,NA,NA,NA,0,0,NA
"452","2022-09-08T03:13:00Z","20220308032","2022","0308","032","51641","Northern Sea Nettle","Chrysaora melanaster","U",NA,27,3950,"400601","02","Bering Sea",32,2022,"58-171","S","Can Trawl 400 headrope, 601 sidewalls","2022-09-08T02:43:00Z",57.99,-171.01,"2022-09-08T03:13:00Z",58.03,-171,NA,89,55.5,23.9,"189.37",40504,NA,NA,"2022-09-08T02:39:00Z",57.99,57.99,NA,NA,NA,0,0,NA
"453","2022-09-08T03:13:00Z","20220308032","2022","0308","032","51669","Cyanea sp.","Cyanea sp.","U",NA,2,550,"400601","02","Bering Sea",32,2022,"58-171","S","Can Trawl 400 headrope, 601 sidewalls","2022-09-08T02:43:00Z",57.99,-171.01,"2022-09-08T03:13:00Z",58.03,-171,NA,89,55.5,23.9,"189.37",40560,NA,NA,"2022-09-08T02:39:00Z",57.99,57.99,NA,NA,NA,0,0,NA
"454","2022-09-08T03:13:00Z","20220308032","2022","0308","032","51696","Phacellophora camtschatica","Phacellophora camtschatica","U",NA,2,750,"400601","02","Bering Sea",32,2022,"58-171","S","Can Trawl 400 headrope, 601 sidewalls","2022-09-08T02:43:00Z",57.99,-171.01,"2022-09-08T03:13:00Z",58.03,-171,NA,89,55.5,23.9,"189.37",NA,NA,NA,"2022-09-08T02:39:00Z",57.99,57.99,NA,NA,NA,0,0,NA
"455","2022-09-08T03:13:00Z","20220308032","2022","0308","032","161979","Sockeye Salmon","Oncorhynchus nerka","IM",NA,1,669,"400601","02","Bering Sea",32,2022,"58-171","S","Can Trawl 400 headrope, 601 sidewalls","2022-09-08T02:43:00Z",57.99,-171.01,"2022-09-08T03:13:00Z",58.03,-171,NA,89,55.5,23.9,"189.37",23240,"8755010205",NA,"2022-09-08T02:39:00Z",57.99,57.99,NA,NA,NA,0,0,NA
"456","2022-09-08T03:13:00Z","20220308032","2022","0308","032","166365","Threespine stickleback","Gasterosteus aculeatus","U",NA,2,4,"400601","02","Bering Sea",32,2022,"58-171","S","Can Trawl 400 headrope, 601 sidewalls","2022-09-08T02:43:00Z",57.99,-171.01,"2022-09-08T03:13:00Z",58.03,-171,NA,89,55.5,23.9,"189.37",21752,"8818010101",NA,"2022-09-08T02:39:00Z",57.99,57.99,NA,NA,NA,0,0,NA
"457","2022-09-08T03:13:00Z","20220308032","2022","0308","032","167120","Atka Mackerel","Pleurogrammus monopterygius","U",NA,2,153,"400601","02","Bering Sea",32,2022,"58-171","S","Can Trawl 400 headrope, 601 sidewalls","2022-09-08T02:43:00Z",57.99,-171.01,"2022-09-08T03:13:00Z",58.03,-171,NA,89,55.5,23.9,"189.37",21921,"8827010501",NA,"2022-09-08T02:39:00Z",57.99,57.99,NA,NA,NA,0,0,NA
"458","2022-09-08T03:13:00Z","20220308032","2022","0308","032","934083","Pollock","Gadus chalcogrammus","U",NA,9863,11046.59,"400601","02","Bering Sea",32,2022,"58-171","S","Can Trawl 400 headrope, 601 sidewalls","2022-09-08T02:43:00Z",57.99,-171.01,"2022-09-08T03:13:00Z",58.03,-171,NA,89,55.5,23.9,"189.37",21740,"8791030701",NA,"2022-09-08T02:39:00Z",57.99,57.99,NA,NA,NA,0,0,NA
"459","2022-09-08T18:38:00Z","20220308032","2022","0308","032","50513","Staurophora mertensi","Staurophora mertensi","U",NA,0,179.26,"NETS156","07","Bering Sea",32,2022,"58-171","O","NETS Pelagic Trawl","2022-09-08T18:38:00Z",58,-171,"2022-09-08T18:38:00Z",58,-171,NA,88,15,10,"218",NA,"40562",NA,"2022-09-08T18:29:00Z",57.99,57.99,NA,NA,NA,0,0,NA
"460","2022-09-08T18:38:00Z","20220308032","2022","0308","032","50623","Aequorea  sp.","Aequorea sp.","U",NA,398,93399.59,"NETS156","07","Bering Sea",32,2022,"58-171","O","NETS Pelagic Trawl","2022-09-08T18:38:00Z",58,-171,"2022-09-08T18:38:00Z",58,-171,NA,88,15,10,"218",40506,NA,NA,"2022-09-08T18:29:00Z",57.99,57.99,NA,NA,NA,0,0,NA
"461","2022-09-08T18:38:00Z","20220308032","2022","0308","032","51641","Northern Sea Nettle","Chrysaora melanaster","U",NA,134,101870.09,"NETS156","07","Bering Sea",32,2022,"58-171","O","NETS Pelagic Trawl","2022-09-08T18:38:00Z",58,-171,"2022-09-08T18:38:00Z",58,-171,NA,88,15,10,"218",40504,NA,NA,"2022-09-08T18:29:00Z",57.99,57.99,NA,NA,NA,0,0,NA
"462","2022-09-08T18:38:00Z","20220308032","2022","0308","032","51669","Cyanea sp.","Cyanea sp.","U",NA,4,8829.04,"NETS156","07","Bering Sea",32,2022,"58-171","O","NETS Pelagic Trawl","2022-09-08T18:38:00Z",58,-171,"2022-09-08T18:38:00Z",58,-171,NA,88,15,10,"218",40560,NA,NA,"2022-09-08T18:29:00Z",57.99,57.99,NA,NA,NA,0,0,NA
"463","2022-09-08T18:38:00Z","20220308032","2022","0308","032","51696","Phacellophora camtschatica","Phacellophora camtschatica","U",NA,4,492.99,"NETS156","07","Bering Sea",32,2022,"58-171","O","NETS Pelagic Trawl","2022-09-08T18:38:00Z",58,-171,"2022-09-08T18:38:00Z",58,-171,NA,88,15,10,"218",NA,NA,NA,"2022-09-08T18:29:00Z",57.99,57.99,NA,NA,NA,0,0,NA
"464","2022-09-08T18:38:00Z","20220308032","2022","0308","032","167120","Atka Mackerel","Pleurogrammus monopterygius","U",NA,1,55,"NETS156","07","Bering Sea",32,2022,"58-171","O","NETS Pelagic Trawl","2022-09-08T18:38:00Z",58,-171,"2022-09-08T18:38:00Z",58,-171,NA,88,15,10,"218",21921,"8827010501",NA,"2022-09-08T18:29:00Z",57.99,57.99,NA,NA,NA,0,0,NA
"465","2022-09-08T18:38:00Z","20220308032","2022","0308","032","171659","Prowfish","Zaprora silenus","U",NA,1,14,"NETS156","07","Bering Sea",32,2022,"58-171","O","NETS Pelagic Trawl","2022-09-08T18:38:00Z",58,-171,"2022-09-08T18:38:00Z",58,-171,NA,88,15,10,"218",24001,"8842150101",NA,"2022-09-08T18:29:00Z",57.99,57.99,NA,NA,NA,0,0,NA
"466","2022-09-08T18:38:00Z","20220308032","2022","0308","032","934083","Pollock","Gadus chalcogrammus","A1+",NA,41,19720,"NETS156","07","Bering Sea",32,2022,"58-171","O","NETS Pelagic Trawl","2022-09-08T18:38:00Z",58,-171,"2022-09-08T18:38:00Z",58,-171,NA,88,15,10,"218",21740,"8791030701",NA,"2022-09-08T18:29:00Z",57.99,57.99,NA,NA,NA,0,0,NA
"467","2022-09-08T18:38:00Z","20220308032","2022","0308","032","934083","Pollock","Gadus chalcogrammus","U",NA,20280,24335.88,"NETS156","07","Bering Sea",32,2022,"58-171","O","NETS Pelagic Trawl","2022-09-08T18:38:00Z",58,-171,"2022-09-08T18:38:00Z",58,-171,NA,88,15,10,"218",21740,"8791030701",NA,"2022-09-08T18:29:00Z",57.99,57.99,NA,NA,NA,0,0,NA
"468","2022-09-09T00:11:00Z","20220308035","2022","0308","035","51641","Northern Sea Nettle","Chrysaora melanaster","U",NA,410,265856.68,"NETS156","01","Bering Sea",35,2022,"58.5-170","O","NETS Pelagic Trawl","2022-09-09T00:11:00Z",58.52,-170.04,"2022-09-09T00:11:00Z",58.52,-170.04,NA,71,16,10,"190",40504,NA,NA,"2022-09-09T00:02:00Z",58.51,58.51,NA,NA,NA,0,0,NA
"469","2022-09-09T00:11:00Z","20220308035","2022","0308","035","934083","Pollock","Gadus chalcogrammus","A1+",NA,6,5070,"NETS156","01","Bering Sea",35,2022,"58.5-170","O","NETS Pelagic Trawl","2022-09-09T00:11:00Z",58.52,-170.04,"2022-09-09T00:11:00Z",58.52,-170.04,NA,71,16,10,"190",21740,"8791030701",NA,"2022-09-09T00:02:00Z",58.51,58.51,NA,NA,NA,0,0,NA
"470","2022-09-09T00:11:00Z","20220308035","2022","0308","035","934083","Pollock","Gadus chalcogrammus","U",NA,17310,11104.81,"NETS156","01","Bering Sea",35,2022,"58.5-170","O","NETS Pelagic Trawl","2022-09-09T00:11:00Z",58.52,-170.04,"2022-09-09T00:11:00Z",58.52,-170.04,NA,71,16,10,"190",21740,"8791030701",NA,"2022-09-09T00:02:00Z",58.51,58.51,NA,NA,NA,0,0,NA
"471","2022-09-09T03:07:00Z","20220308035","2022","0308","035","159910","Salmon Shark","Lamna ditropis","U",NA,1,5e+05,"400601","02","Bering Sea",35,2022,"58.5-170","S","Can Trawl 400 headrope, 601 sidewalls","2022-09-09T02:37:00Z",58.5,-170,"2022-09-09T03:07:00Z",58.53,-170.04,NA,71,55.5,25.08,"184.45",232,"8707040301",NA,"2022-09-09T02:30:00Z",58.5,58.5,NA,NA,NA,0,0,NA
"472","2022-09-09T03:07:00Z","20220308035","2022","0308","035","161976","Chum Salmon","Oncorhynchus keta","IM",NA,1,2140,"400601","02","Bering Sea",35,2022,"58.5-170","S","Can Trawl 400 headrope, 601 sidewalls","2022-09-09T02:37:00Z",58.5,-170,"2022-09-09T03:07:00Z",58.53,-170.04,NA,71,55.5,25.08,"184.45",23235,"8755010202",NA,"2022-09-09T02:30:00Z",58.5,58.5,NA,NA,NA,0,0,NA
"473","2022-09-09T03:07:00Z","20220308035","2022","0308","035","161979","Sockeye Salmon","Oncorhynchus nerka","J",NA,1,50,"400601","02","Bering Sea",35,2022,"58.5-170","S","Can Trawl 400 headrope, 601 sidewalls","2022-09-09T02:37:00Z",58.5,-170,"2022-09-09T03:07:00Z",58.53,-170.04,NA,71,55.5,25.08,"184.45",23240,"8755010205",NA,"2022-09-09T02:30:00Z",58.5,58.5,NA,NA,NA,0,0,NA
"474","2022-09-09T16:42:00Z","20220308037","2022","0308","037","50513","Staurophora mertensi","Staurophora mertensi","U",NA,1,13,"NETS156","05","Bering Sea",37,2022,"59-169","O","NETS Pelagic Trawl","2022-09-09T16:42:00Z",58.98,-169.01,"2022-09-09T16:42:00Z",58.98,-169.01,NA,53,15,9.5,"130",NA,"40562",NA,"2022-09-09T16:36:00Z",58.99,58.99,NA,NA,NA,0,0,NA
"475","2022-09-09T16:42:00Z","20220308037","2022","0308","037","51483","Jellyfish, unident.","Scyphozoa","U",NA,24,61,"NETS156","05","Bering Sea",37,2022,"59-169","O","NETS Pelagic Trawl","2022-09-09T16:42:00Z",58.98,-169.01,"2022-09-09T16:42:00Z",58.98,-169.01,NA,53,15,9.5,"130",40500,NA,NA,"2022-09-09T16:36:00Z",58.99,58.99,NA,NA,NA,0,0,NA
"476","2022-09-09T16:42:00Z","20220308037","2022","0308","037","51641","Northern Sea Nettle","Chrysaora melanaster","U",NA,0,430,"NETS156","05","Bering Sea",37,2022,"59-169","O","NETS Pelagic Trawl","2022-09-09T16:42:00Z",58.98,-169.01,"2022-09-09T16:42:00Z",58.98,-169.01,NA,53,15,9.5,"130",40504,NA,NA,"2022-09-09T16:36:00Z",58.99,58.99,NA,NA,NA,0,0,NA
"477","2022-09-09T16:42:00Z","20220308037","2022","0308","037","51700","Aurelia sp.","Aurelia sp.","U",NA,12,15,"NETS156","05","Bering Sea",37,2022,"59-169","O","NETS Pelagic Trawl","2022-09-09T16:42:00Z",58.98,-169.01,"2022-09-09T16:42:00Z",58.98,-169.01,NA,53,15,9.5,"130",40511,NA,NA,"2022-09-09T16:36:00Z",58.99,58.99,NA,NA,NA,0,0,NA
"478","2022-09-09T16:42:00Z","20220308037","2022","0308","037","162035","Capelin","Mallotus villosus","U",NA,2,8,"NETS156","05","Bering Sea",37,2022,"59-169","O","NETS Pelagic Trawl","2022-09-09T16:42:00Z",58.98,-169.01,"2022-09-09T16:42:00Z",58.98,-169.01,NA,53,15,9.5,"130",23041,"8755030201",NA,"2022-09-09T16:36:00Z",58.99,58.99,NA,NA,NA,0,0,NA
"479","2022-09-09T16:42:00Z","20220308037","2022","0308","037","164711","Pacific Cod","Gadus macrocephalus","A0",NA,2,5,"NETS156","05","Bering Sea",37,2022,"59-169","O","NETS Pelagic Trawl","2022-09-09T16:42:00Z",58.98,-169.01,"2022-09-09T16:42:00Z",58.98,-169.01,NA,53,15,9.5,"130",21720,"8791030401",NA,"2022-09-09T16:36:00Z",58.99,58.99,NA,NA,NA,0,0,NA
"480","2022-09-09T16:42:00Z","20220308037","2022","0308","037","167220","Crested Sculpin","Blepsias bilobus","U",NA,1,15,"NETS156","05","Bering Sea",37,2022,"59-169","O","NETS Pelagic Trawl","2022-09-09T16:42:00Z",58.98,-169.01,"2022-09-09T16:42:00Z",58.98,-169.01,NA,53,15,9.5,"130",21397,"8831020601",NA,"2022-09-09T16:36:00Z",58.99,58.99,NA,NA,NA,0,0,NA
"481","2022-09-09T16:42:00Z","20220308037","2022","0308","037","171671","Sand lance, unident.","Ammodytes sp.","A0",NA,1,1,"NETS156","05","Bering Sea",37,2022,"59-169","O","NETS Pelagic Trawl","2022-09-09T16:42:00Z",58.98,-169.01,"2022-09-09T16:42:00Z",58.98,-169.01,NA,53,15,9.5,"130",20202,NA,NA,"2022-09-09T16:36:00Z",58.99,58.99,NA,NA,NA,0,0,NA
"482","2022-09-09T16:42:00Z","20220308037","2022","0308","037","934083","Pollock","Gadus chalcogrammus","A1+",NA,1,863,"NETS156","05","Bering Sea",37,2022,"59-169","O","NETS Pelagic Trawl","2022-09-09T16:42:00Z",58.98,-169.01,"2022-09-09T16:42:00Z",58.98,-169.01,NA,53,15,9.5,"130",21740,"8791030701",NA,"2022-09-09T16:36:00Z",58.99,58.99,NA,NA,NA,0,0,NA
"483","2022-09-09T16:42:00Z","20220308037","2022","0308","037","934083","Pollock","Gadus chalcogrammus","U",NA,29456,18482,"NETS156","05","Bering Sea",37,2022,"59-169","O","NETS Pelagic Trawl","2022-09-09T16:42:00Z",58.98,-169.01,"2022-09-09T16:42:00Z",58.98,-169.01,NA,53,15,9.5,"130",21740,"8791030701",NA,"2022-09-09T16:36:00Z",58.99,58.99,NA,NA,NA,0,0,NA
"484","2022-09-09T18:32:00Z","20220308037","2022","0308","037","50513","Staurophora mertensi","Staurophora mertensi","U",NA,2,13,"400601","06","Bering Sea",37,2022,"59-169","S","Can Trawl 400 headrope, 601 sidewalls","2022-09-09T18:02:00Z",58.98,-169.03,"2022-09-09T18:32:00Z",58.96,-169.09,NA,53,55.5,22.63,"188.77",NA,"40562",NA,"2022-09-09T17:57:00Z",58.98,58.98,NA,NA,NA,0,0,NA
"485","2022-09-09T18:32:00Z","20220308037","2022","0308","037","51483","Jellyfish, unident.","Scyphozoa","U",NA,0,162,"400601","06","Bering Sea",37,2022,"59-169","S","Can Trawl 400 headrope, 601 sidewalls","2022-09-09T18:02:00Z",58.98,-169.03,"2022-09-09T18:32:00Z",58.96,-169.09,NA,53,55.5,22.63,"188.77",40500,NA,NA,"2022-09-09T17:57:00Z",58.98,58.98,NA,NA,NA,0,0,NA
"486","2022-09-09T18:32:00Z","20220308037","2022","0308","037","51641","Northern Sea Nettle","Chrysaora melanaster","U",NA,0,233,"400601","06","Bering Sea",37,2022,"59-169","S","Can Trawl 400 headrope, 601 sidewalls","2022-09-09T18:02:00Z",58.98,-169.03,"2022-09-09T18:32:00Z",58.96,-169.09,NA,53,55.5,22.63,"188.77",40504,NA,NA,"2022-09-09T17:57:00Z",58.98,58.98,NA,NA,NA,0,0,NA
"487","2022-09-09T18:32:00Z","20220308037","2022","0308","037","167220","Crested Sculpin","Blepsias bilobus","U",NA,1,20,"400601","06","Bering Sea",37,2022,"59-169","S","Can Trawl 400 headrope, 601 sidewalls","2022-09-09T18:02:00Z",58.98,-169.03,"2022-09-09T18:32:00Z",58.96,-169.09,NA,53,55.5,22.63,"188.77",21397,"8831020601",NA,"2022-09-09T17:57:00Z",58.98,58.98,NA,NA,NA,0,0,NA
"488","2022-09-09T18:32:00Z","20220308037","2022","0308","037","934083","Pollock","Gadus chalcogrammus","U",NA,6817,6135,"400601","06","Bering Sea",37,2022,"59-169","S","Can Trawl 400 headrope, 601 sidewalls","2022-09-09T18:02:00Z",58.98,-169.03,"2022-09-09T18:32:00Z",58.96,-169.09,NA,53,55.5,22.63,"188.77",21740,"8791030701",NA,"2022-09-09T17:57:00Z",58.98,58.98,NA,NA,NA,0,0,NA
"489","2023-08-30T17:51:00Z","20230201001","2023","0201","001","51641","Northern Sea Nettle","Chrysaora melanaster","U","TC",9.64,12940,"400601","05","Bering Sea",1,2023,"60-168","S","Can Trawl 400 headrope, 601 sidewalls","2023-08-30T17:21:00Z",60,-168.02,"2023-08-30T17:51:00Z",60,-168.08,NA,21,55.52,21.36,"330",40504,NA,NA,NA,0,0,NA,NA,NA,0,0,NA
"490","2023-08-30T17:51:00Z","20230201001","2023","0201","001","161975","Pink Salmon","Oncorhynchus gorbuscha","J","TC",2,106,"400601","05","Bering Sea",1,2023,"60-168","S","Can Trawl 400 headrope, 601 sidewalls","2023-08-30T17:21:00Z",60,-168.02,"2023-08-30T17:51:00Z",60,-168.08,NA,21,55.52,21.36,"330",23230,"8755010201",NA,NA,0,0,NA,NA,NA,0,0,NA
"491","2023-08-30T17:51:00Z","20230201001","2023","0201","001","161976","Chum Salmon","Oncorhynchus keta","IM","TC",2,3170,"400601","05","Bering Sea",1,2023,"60-168","S","Can Trawl 400 headrope, 601 sidewalls","2023-08-30T17:21:00Z",60,-168.02,"2023-08-30T17:51:00Z",60,-168.08,NA,21,55.52,21.36,"330",23235,"8755010202",NA,NA,0,0,NA,NA,NA,0,0,NA
"492","2023-08-30T17:51:00Z","20230201001","2023","0201","001","161980","Chinook Salmon","Oncorhynchus tshawytscha","IM","TC",1,1330,"400601","05","Bering Sea",1,2023,"60-168","S","Can Trawl 400 headrope, 601 sidewalls","2023-08-30T17:21:00Z",60,-168.02,"2023-08-30T17:51:00Z",60,-168.08,NA,21,55.52,21.36,"330",23220,"8755010206",NA,NA,0,0,NA,NA,NA,0,0,NA
"493","2023-08-30T17:51:00Z","20230201001","2023","0201","001","161980","Chinook Salmon","Oncorhynchus tshawytscha","J","TC",3,395,"400601","05","Bering Sea",1,2023,"60-168","S","Can Trawl 400 headrope, 601 sidewalls","2023-08-30T17:21:00Z",60,-168.02,"2023-08-30T17:51:00Z",60,-168.08,NA,21,55.52,21.36,"330",23220,"8755010206",NA,NA,0,0,NA,NA,NA,0,0,NA
"494","2023-08-30T17:51:00Z","20230201001","2023","0201","001","164711","Pacific Cod","Gadus macrocephalus","A0","TC",3,17,"400601","05","Bering Sea",1,2023,"60-168","S","Can Trawl 400 headrope, 601 sidewalls","2023-08-30T17:21:00Z",60,-168.02,"2023-08-30T17:51:00Z",60,-168.08,NA,21,55.52,21.36,"330",21720,"8791030401",NA,NA,0,0,NA,NA,NA,0,0,NA
"495","2023-08-30T17:51:00Z","20230201001","2023","0201","001","170919","Pacific Sandfish","Trichodon trichodon","U","TC",1,69,"400601","05","Bering Sea",1,2023,"60-168","S","Can Trawl 400 headrope, 601 sidewalls","2023-08-30T17:21:00Z",60,-168.02,"2023-08-30T17:51:00Z",60,-168.08,NA,21,55.52,21.36,"330",21592,"8840010201",NA,NA,0,0,NA,NA,NA,0,0,NA
"496","2023-08-30T17:51:00Z","20230201001","2023","0201","001","171672","Arctic Sand Lance","Ammodytes hexapterus","U","TC",11,9,"400601","05","Bering Sea",1,2023,"60-168","S","Can Trawl 400 headrope, 601 sidewalls","2023-08-30T17:21:00Z",60,-168.02,"2023-08-30T17:51:00Z",60,-168.08,NA,21,55.52,21.36,"330",20203,"8845010101",NA,NA,0,0,NA,NA,NA,0,0,NA
"497","2023-08-30T17:51:00Z","20230201001","2023","0201","001","172893","Starry Flounder","Platichthys stellatus","U","TC",1,380,"400601","05","Bering Sea",1,2023,"60-168","S","Can Trawl 400 headrope, 601 sidewalls","2023-08-30T17:21:00Z",60,-168.02,"2023-08-30T17:51:00Z",60,-168.08,NA,21,55.52,21.36,"330",10220,"8857041401",NA,NA,0,0,NA,NA,NA,0,0,NA
"498","2023-08-30T17:51:00Z","20230201001","2023","0201","001","172907","Yellowfin Sole","Limanda aspera","U","TC",4,1260,"400601","05","Bering Sea",1,2023,"60-168","S","Can Trawl 400 headrope, 601 sidewalls","2023-08-30T17:21:00Z",60,-168.02,"2023-08-30T17:51:00Z",60,-168.08,NA,21,55.52,21.36,"330",10210,"8857041505",NA,NA,0,0,NA,NA,NA,0,0,NA
"499","2023-08-30T17:51:00Z","20230201001","2023","0201","001","172930","Greenland Halibut","Reinhardtius hippoglossoides","U","TC",2,3,"400601","05","Bering Sea",1,2023,"60-168","S","Can Trawl 400 headrope, 601 sidewalls","2023-08-30T17:21:00Z",60,-168.02,"2023-08-30T17:51:00Z",60,-168.08,NA,21,55.52,21.36,"330",10115,"8857041801",NA,NA,0,0,NA,NA,NA,0,0,NA
"500","2023-08-30T17:51:00Z","20230201001","2023","0201","001","551209","Pacific Herring","Clupea pallasi","A1+","TC",1,25,"400601","05","Bering Sea",1,2023,"60-168","S","Can Trawl 400 headrope, 601 sidewalls","2023-08-30T17:21:00Z",60,-168.02,"2023-08-30T17:51:00Z",60,-168.08,NA,21,55.52,21.36,"330",21110,"8747010201",NA,NA,0,0,NA,NA,NA,0,0,NA
"501","2023-08-30T17:51:00Z","20230201001","2023","0201","001","934083","Pollock","Gadus chalcogrammus","A0","TC",1275,1125,"400601","05","Bering Sea",1,2023,"60-168","S","Can Trawl 400 headrope, 601 sidewalls","2023-08-30T17:21:00Z",60,-168.02,"2023-08-30T17:51:00Z",60,-168.08,NA,21,55.52,21.36,"330",21740,"8791030701",NA,NA,0,0,NA,NA,NA,0,0,NA
"502","2023-08-30T17:51:00Z","20230201001","2023","0201","001","934083","Pollock","Gadus chalcogrammus","A1+","TC",4,2620,"400601","05","Bering Sea",1,2023,"60-168","S","Can Trawl 400 headrope, 601 sidewalls","2023-08-30T17:21:00Z",60,-168.02,"2023-08-30T17:51:00Z",60,-168.08,NA,21,55.52,21.36,"330",21740,"8791030701",NA,NA,0,0,NA,NA,NA,0,0,NA
"503","2021-09-09T21:40:00Z","20210201032","2021","0201","032","161979","Sockeye Salmon","Oncorhynchus nerka","J",NA,2,290,"400601","04","Bering Sea",32,2021,NA,"S","Can Trawl 400 headrope, 601 sidewalls","2021-09-09T21:09:00Z",63.49,-166.03,"2021-09-09T21:40:00Z",63.49,-166.11,NA,24,51.8,18.65,"330",23240,"8755010205",NA,NA,0,0,NA,NA,NA,0,0,NA
"504","2021-09-09T21:40:00Z","20210201032","2021","0201","032","161980","Chinook Salmon","Oncorhynchus tshawytscha","J",NA,32,3540,"400601","04","Bering Sea",32,2021,NA,"S","Can Trawl 400 headrope, 601 sidewalls","2021-09-09T21:09:00Z",63.49,-166.03,"2021-09-09T21:40:00Z",63.49,-166.11,NA,24,51.8,18.65,"330",23220,"8755010206",NA,NA,0,0,NA,NA,NA,0,0,NA
"505","2021-09-09T21:40:00Z","20210201032","2021","0201","032","164708","Saffron Cod","Eleginus gracilis","A1+",NA,1,78,"400601","04","Bering Sea",32,2021,NA,"S","Can Trawl 400 headrope, 601 sidewalls","2021-09-09T21:09:00Z",63.49,-166.03,"2021-09-09T21:40:00Z",63.49,-166.11,NA,24,51.8,18.65,"330",21735,"8791030301",NA,NA,0,0,NA,NA,NA,0,0,NA
"506","2021-09-09T21:40:00Z","20210201032","2021","0201","032","166365","Threespine stickleback","Gasterosteus aculeatus","U",NA,51,283,"400601","04","Bering Sea",32,2021,NA,"S","Can Trawl 400 headrope, 601 sidewalls","2021-09-09T21:09:00Z",63.49,-166.03,"2021-09-09T21:40:00Z",63.49,-166.11,NA,24,51.8,18.65,"330",21752,"8818010101","BULK SAMPLE ",NA,0,0,NA,NA,NA,0,0,NA
"507","2021-09-09T21:40:00Z","20210201032","2021","0201","032","166387","Nine-spine Stickleback","Pungitius pungitius","A0",NA,1,3,"400601","04","Bering Sea",32,2021,NA,"S","Can Trawl 400 headrope, 601 sidewalls","2021-09-09T21:09:00Z",63.49,-166.03,"2021-09-09T21:40:00Z",63.49,-166.11,NA,24,51.8,18.65,"330",21753,"8818010201",NA,NA,0,0,NA,NA,NA,0,0,NA
"508","2021-09-09T21:40:00Z","20210201032","2021","0201","032","166387","Nine-spine Stickleback","Pungitius pungitius","U",NA,5,6,"400601","04","Bering Sea",32,2021,NA,"S","Can Trawl 400 headrope, 601 sidewalls","2021-09-09T21:09:00Z",63.49,-166.03,"2021-09-09T21:40:00Z",63.49,-166.11,NA,24,51.8,18.65,"330",21753,"8818010201",NA,NA,0,0,NA,NA,NA,0,0,NA
"509","2021-09-09T21:40:00Z","20210201032","2021","0201","032","172893","Starry Flounder","Platichthys stellatus","U",NA,3,458,"400601","04","Bering Sea",32,2021,NA,"S","Can Trawl 400 headrope, 601 sidewalls","2021-09-09T21:09:00Z",63.49,-166.03,"2021-09-09T21:40:00Z",63.49,-166.11,NA,24,51.8,18.65,"330",10220,"8857041401",NA,NA,0,0,NA,NA,NA,0,0,NA
"510","2021-09-09T21:40:00Z","20210201032","2021","0201","032","622287","Arctic Lamprey","Lethenteron camtschaticum","U",NA,7,327,"400601","04","Bering Sea",32,2021,NA,"S","Can Trawl 400 headrope, 601 sidewalls","2021-09-09T21:09:00Z",63.49,-166.03,"2021-09-09T21:40:00Z",63.49,-166.11,NA,24,51.8,18.65,"330",NA,"8603010201",NA,NA,0,0,NA,NA,NA,0,0,NA
"511","2021-09-09T21:40:00Z","20210201032","2021","0201","032","934083","Pollock","Gadus chalcogrammus","A0",NA,3,5,"400601","04","Bering Sea",32,2021,NA,"S","Can Trawl 400 headrope, 601 sidewalls","2021-09-09T21:09:00Z",63.49,-166.03,"2021-09-09T21:40:00Z",63.49,-166.11,NA,24,51.8,18.65,"330",21740,"8791030701",NA,NA,0,0,NA,NA,NA,0,0,NA
"512","2021-09-10T01:41:00Z","20210201033","2021","0201","033","51641","Northern Sea Nettle","Chrysaora melanaster","U",NA,0,1660,"400601","04","Bering Sea",33,2021,NA,"S","Can Trawl 400 headrope, 601 sidewalls","2021-09-10T01:11:00Z",63.5,-167.01,"2021-09-10T01:41:00Z",63.5,-167.09,NA,27,52.28,19.93,"330",40504,NA,NA,NA,0,0,NA,NA,NA,0,0,NA
"513","2021-09-10T01:41:00Z","20210201033","2021","0201","033","161975","Pink Salmon","Oncorhynchus gorbuscha","J",NA,1,40,"400601","04","Bering Sea",33,2021,NA,"S","Can Trawl 400 headrope, 601 sidewalls","2021-09-10T01:11:00Z",63.5,-167.01,"2021-09-10T01:41:00Z",63.5,-167.09,NA,27,52.28,19.93,"330",23230,"8755010201",NA,NA,0,0,NA,NA,NA,0,0,NA
"514","2021-09-10T01:41:00Z","20210201033","2021","0201","033","161977","Coho Salmon","Oncorhynchus kisutch","J",NA,4,900,"400601","04","Bering Sea",33,2021,NA,"S","Can Trawl 400 headrope, 601 sidewalls","2021-09-10T01:11:00Z",63.5,-167.01,"2021-09-10T01:41:00Z",63.5,-167.09,NA,27,52.28,19.93,"330",23225,"8755010203",NA,NA,0,0,NA,NA,NA,0,0,NA
"515","2021-09-10T01:41:00Z","20210201033","2021","0201","033","161979","Sockeye Salmon","Oncorhynchus nerka","J",NA,2,220,"400601","04","Bering Sea",33,2021,NA,"S","Can Trawl 400 headrope, 601 sidewalls","2021-09-10T01:11:00Z",63.5,-167.01,"2021-09-10T01:41:00Z",63.5,-167.09,NA,27,52.28,19.93,"330",23240,"8755010205",NA,NA,0,0,NA,NA,NA,0,0,NA
"516","2021-09-10T01:41:00Z","20210201033","2021","0201","033","162035","Capelin","Mallotus villosus","U",NA,283.73,1901,"400601","04","Bering Sea",33,2021,NA,"S","Can Trawl 400 headrope, 601 sidewalls","2021-09-10T01:11:00Z",63.5,-167.01,"2021-09-10T01:41:00Z",63.5,-167.09,NA,27,52.28,19.93,"330",23041,"8755030201",NA,NA,0,0,NA,NA,NA,0,0,NA
"517","2021-09-10T01:41:00Z","20210201033","2021","0201","033","162041","Rainbow Smelt","Osmerus mordax dentex","U",NA,1,53,"400601","04","Bering Sea",33,2021,NA,"S","Can Trawl 400 headrope, 601 sidewalls","2021-09-10T01:11:00Z",63.5,-167.01,"2021-09-10T01:41:00Z",63.5,-167.09,NA,27,52.28,19.93,"330",23055,"8755030302",NA,NA,0,0,NA,NA,NA,0,0,NA
"518","2021-09-10T01:41:00Z","20210201033","2021","0201","033","171672","Arctic Sand Lance","Ammodytes hexapterus","U",NA,3,2,"400601","04","Bering Sea",33,2021,NA,"S","Can Trawl 400 headrope, 601 sidewalls","2021-09-10T01:11:00Z",63.5,-167.01,"2021-09-10T01:41:00Z",63.5,-167.09,NA,27,52.28,19.93,"330",20203,"8845010101",NA,NA,0,0,NA,NA,NA,0,0,NA
"519","2022-09-07T17:17:00Z","20220202017","2022","0202","017","934083","Pollock","Gadus chalcogrammus","A0",NA,70.33,83,"400601","03",NA,17,2022,NA,"S","Can Trawl 400 headrope, 601 sidewalls","2022-09-07T16:46:00Z",61.99,-168,"2022-09-07T17:17:00Z",61.99,-168.07,NA,28,49.22,23.44,"330",21740,"8791030701",NA,NA,0,0,NA,NA,NA,0,0,NA
"520","2022-09-07T17:17:00Z","20220202017","2022","0202","017","934083","Pollock","Gadus chalcogrammus","A1+",NA,1,19,"400601","03",NA,17,2022,NA,"S","Can Trawl 400 headrope, 601 sidewalls","2022-09-07T16:46:00Z",61.99,-168,"2022-09-07T17:17:00Z",61.99,-168.07,NA,28,49.22,23.44,"330",21740,"8791030701",NA,NA,0,0,NA,NA,NA,0,0,NA
"521","2022-09-07T21:31:00Z","20220202018","2022","0202","018","51641","Northern Sea Nettle","Chrysaora melanaster","U",NA,0,41110,"400601","03",NA,18,2022,NA,"S","Can Trawl 400 headrope, 601 sidewalls","2022-09-07T21:00:00Z",62,-169,"2022-09-07T21:31:00Z",61.99,-169.09,NA,38,49.57,21.17,"330",40504,NA,NA,NA,0,0,NA,NA,NA,0,0,NA
"522","2022-09-07T21:31:00Z","20220202018","2022","0202","018","51671","Cyanea capillata","Cyanea capillata","U",NA,4,430,"400601","03",NA,18,2022,NA,"S","Can Trawl 400 headrope, 601 sidewalls","2022-09-07T21:00:00Z",62,-169,"2022-09-07T21:31:00Z",61.99,-169.09,NA,38,49.57,21.17,"330",40561,NA,NA,NA,0,0,NA,NA,NA,0,0,NA
"523","2022-09-07T21:31:00Z","20220202018","2022","0202","018","162035","Capelin","Mallotus villosus","U",NA,11,43,"400601","03",NA,18,2022,NA,"S","Can Trawl 400 headrope, 601 sidewalls","2022-09-07T21:00:00Z",62,-169,"2022-09-07T21:31:00Z",61.99,-169.09,NA,38,49.57,21.17,"330",23041,"8755030201",NA,NA,0,0,NA,NA,NA,0,0,NA
"524","2022-09-07T21:31:00Z","20220202018","2022","0202","018","172907","Yellowfin Sole","Limanda aspera","U",NA,2,1250,"400601","03",NA,18,2022,NA,"S","Can Trawl 400 headrope, 601 sidewalls","2022-09-07T21:00:00Z",62,-169,"2022-09-07T21:31:00Z",61.99,-169.09,NA,38,49.57,21.17,"330",10210,"8857041505",NA,NA,0,0,NA,NA,NA,0,0,NA
"525","2022-09-07T21:31:00Z","20220202018","2022","0202","018","172911","Longhead Dab","Limanda proboscidea","L",NA,2,1,"400601","03",NA,18,2022,NA,"S","Can Trawl 400 headrope, 601 sidewalls","2022-09-07T21:00:00Z",62,-169,"2022-09-07T21:31:00Z",61.99,-169.09,NA,38,49.57,21.17,"330",10211,"8857041507",NA,NA,0,0,NA,NA,NA,0,0,NA
"526","2022-09-07T21:31:00Z","20220202018","2022","0202","018","934083","Pollock","Gadus chalcogrammus","A0",NA,106.16,65,"400601","03",NA,18,2022,NA,"S","Can Trawl 400 headrope, 601 sidewalls","2022-09-07T21:00:00Z",62,-169,"2022-09-07T21:31:00Z",61.99,-169.09,NA,38,49.57,21.17,"330",21740,"8791030701",NA,NA,0,0,NA,NA,NA,0,0,NA
"527","2022-09-07T21:31:00Z","20220202018","2022","0202","018","934083","Pollock","Gadus chalcogrammus","A1+",NA,2,1740,"400601","03",NA,18,2022,NA,"S","Can Trawl 400 headrope, 601 sidewalls","2022-09-07T21:00:00Z",62,-169,"2022-09-07T21:31:00Z",61.99,-169.09,NA,38,49.57,21.17,"330",21740,"8791030701",NA,NA,0,0,NA,NA,NA,0,0,NA
"528","2022-09-08T01:42:00Z","20220202019","2022","0202","019","51641","Northern Sea Nettle","Chrysaora melanaster","U",NA,0,276810,"400601","03",NA,19,2022,NA,"S","Can Trawl 400 headrope, 601 sidewalls","2022-09-08T01:11:00Z",61.99,-170.01,"2022-09-08T01:42:00Z",61.99,-170.07,NA,45,41.39,23.99,"330",40504,NA,NA,NA,0,0,NA,NA,NA,0,0,NA
"529","2022-09-08T01:42:00Z","20220202019","2022","0202","019","51671","Cyanea capillata","Cyanea capillata","U",NA,1,242,"400601","03",NA,19,2022,NA,"S","Can Trawl 400 headrope, 601 sidewalls","2022-09-08T01:11:00Z",61.99,-170.01,"2022-09-08T01:42:00Z",61.99,-170.07,NA,45,41.39,23.99,"330",40561,NA,NA,NA,0,0,NA,NA,NA,0,0,NA
"530","2022-09-08T01:42:00Z","20220202019","2022","0202","019","161976","Chum Salmon","Oncorhynchus keta","IM",NA,1,3340,"400601","03",NA,19,2022,NA,"S","Can Trawl 400 headrope, 601 sidewalls","2022-09-08T01:11:00Z",61.99,-170.01,"2022-09-08T01:42:00Z",61.99,-170.07,NA,45,41.39,23.99,"330",23235,"8755010202",NA,NA,0,0,NA,NA,NA,0,0,NA
"531","2022-09-08T01:42:00Z","20220202019","2022","0202","019","161980","Chinook Salmon","Oncorhynchus tshawytscha","IM",NA,2,3020,"400601","03",NA,19,2022,NA,"S","Can Trawl 400 headrope, 601 sidewalls","2022-09-08T01:11:00Z",61.99,-170.01,"2022-09-08T01:42:00Z",61.99,-170.07,NA,45,41.39,23.99,"330",23220,"8755010206",NA,NA,0,0,NA,NA,NA,0,0,NA
"532","2022-09-08T01:42:00Z","20220202019","2022","0202","019","622287","Arctic Lamprey","Lethenteron camtschaticum","U",NA,1,40,"400601","03",NA,19,2022,NA,"S","Can Trawl 400 headrope, 601 sidewalls","2022-09-08T01:11:00Z",61.99,-170.01,"2022-09-08T01:42:00Z",61.99,-170.07,NA,45,41.39,23.99,"330",NA,"8603010201",NA,NA,0,0,NA,NA,NA,0,0,NA
"533","2022-09-08T01:42:00Z","20220202019","2022","0202","019","934083","Pollock","Gadus chalcogrammus","A0",NA,2,3,"400601","03",NA,19,2022,NA,"S","Can Trawl 400 headrope, 601 sidewalls","2022-09-08T01:11:00Z",61.99,-170.01,"2022-09-08T01:42:00Z",61.99,-170.07,NA,45,41.39,23.99,"330",21740,"8791030701",NA,NA,0,0,NA,NA,NA,0,0,NA
"534","2022-09-08T01:42:00Z","20220202019","2022","0202","019","934083","Pollock","Gadus chalcogrammus","A1+",NA,17,12910,"400601","03",NA,19,2022,NA,"S","Can Trawl 400 headrope, 601 sidewalls","2022-09-08T01:11:00Z",61.99,-170.01,"2022-09-08T01:42:00Z",61.99,-170.07,NA,45,41.39,23.99,"330",21740,"8791030701",NA,NA,0,0,NA,NA,NA,0,0,NA
"535","2022-09-08T17:24:00Z","20220202020","2022","0202","020","50623","Aequorea  sp.","Aequorea sp.","U",NA,0,5370,"400601","03",NA,20,2022,NA,"S","Can Trawl 400 headrope, 601 sidewalls","2022-09-08T16:54:00Z",62.5,-170.98,"2022-09-08T17:24:00Z",62.5,-170.9,NA,44,48.71,26,"330",40506,NA,NA,NA,0,0,NA,NA,NA,0,0,NA
"536","2022-09-08T17:24:00Z","20220202020","2022","0202","020","51641","Northern Sea Nettle","Chrysaora melanaster","U",NA,0,176310,"400601","03",NA,20,2022,NA,"S","Can Trawl 400 headrope, 601 sidewalls","2022-09-08T16:54:00Z",62.5,-170.98,"2022-09-08T17:24:00Z",62.5,-170.9,NA,44,48.71,26,"330",40504,NA,NA,NA,0,0,NA,NA,NA,0,0,NA
"537","2022-09-08T17:24:00Z","20220202020","2022","0202","020","51671","Cyanea capillata","Cyanea capillata","U",NA,4,2830,"400601","03",NA,20,2022,NA,"S","Can Trawl 400 headrope, 601 sidewalls","2022-09-08T16:54:00Z",62.5,-170.98,"2022-09-08T17:24:00Z",62.5,-170.9,NA,44,48.71,26,"330",40561,NA,NA,NA,0,0,NA,NA,NA,0,0,NA
"538","2022-09-08T17:24:00Z","20220202020","2022","0202","020","161976","Chum Salmon","Oncorhynchus keta","IM",NA,3,7780,"400601","03",NA,20,2022,NA,"S","Can Trawl 400 headrope, 601 sidewalls","2022-09-08T16:54:00Z",62.5,-170.98,"2022-09-08T17:24:00Z",62.5,-170.9,NA,44,48.71,26,"330",23235,"8755010202",NA,NA,0,0,NA,NA,NA,0,0,NA
"539","2022-09-08T17:24:00Z","20220202020","2022","0202","020","161980","Chinook Salmon","Oncorhynchus tshawytscha","IM",NA,1,5860,"400601","03",NA,20,2022,NA,"S","Can Trawl 400 headrope, 601 sidewalls","2022-09-08T16:54:00Z",62.5,-170.98,"2022-09-08T17:24:00Z",62.5,-170.9,NA,44,48.71,26,"330",23220,"8755010206",NA,NA,0,0,NA,NA,NA,0,0,NA
"540","2022-09-08T17:24:00Z","20220202020","2022","0202","020","164711","Pacific Cod","Gadus macrocephalus","A0",NA,1,1,"400601","03",NA,20,2022,NA,"S","Can Trawl 400 headrope, 601 sidewalls","2022-09-08T16:54:00Z",62.5,-170.98,"2022-09-08T17:24:00Z",62.5,-170.9,NA,44,48.71,26,"330",21720,"8791030401",NA,NA,0,0,NA,NA,NA,0,0,NA
"541","2022-09-08T17:24:00Z","20220202020","2022","0202","020","172911","Longhead Dab","Limanda proboscidea","L",NA,1,1,"400601","03",NA,20,2022,NA,"S","Can Trawl 400 headrope, 601 sidewalls","2022-09-08T16:54:00Z",62.5,-170.98,"2022-09-08T17:24:00Z",62.5,-170.9,NA,44,48.71,26,"330",10211,"8857041507",NA,NA,0,0,NA,NA,NA,0,0,NA
"542","2022-09-08T17:24:00Z","20220202020","2022","0202","020","551209","Pacific Herring","Clupea pallasi","A1+",NA,2,350,"400601","03",NA,20,2022,NA,"S","Can Trawl 400 headrope, 601 sidewalls","2022-09-08T16:54:00Z",62.5,-170.98,"2022-09-08T17:24:00Z",62.5,-170.9,NA,44,48.71,26,"330",21110,"8747010201",NA,NA,0,0,NA,NA,NA,0,0,NA
"543","2022-09-08T17:24:00Z","20220202020","2022","0202","020","934083","Pollock","Gadus chalcogrammus","A0",NA,40,41,"400601","03",NA,20,2022,NA,"S","Can Trawl 400 headrope, 601 sidewalls","2022-09-08T16:54:00Z",62.5,-170.98,"2022-09-08T17:24:00Z",62.5,-170.9,NA,44,48.71,26,"330",21740,"8791030701",NA,NA,0,0,NA,NA,NA,0,0,NA
"544","2022-09-08T17:24:00Z","20220202020","2022","0202","020","934083","Pollock","Gadus chalcogrammus","A1+",NA,21,14890,"400601","03",NA,20,2022,NA,"S","Can Trawl 400 headrope, 601 sidewalls","2022-09-08T16:54:00Z",62.5,-170.98,"2022-09-08T17:24:00Z",62.5,-170.9,NA,44,48.71,26,"330",21740,"8791030701",NA,NA,0,0,NA,NA,NA,0,0,NA
"545","2022-09-08T21:46:00Z","20220202021","2022","0202","021","50623","Aequorea  sp.","Aequorea sp.","U",NA,1,310,"400601","03",NA,21,2022,NA,"S","Can Trawl 400 headrope, 601 sidewalls","2022-09-08T21:16:00Z",62.51,-169.97,"2022-09-08T21:46:00Z",62.52,-169.9,NA,37,40.67,22.36,"330",40506,NA,NA,NA,0,0,NA,NA,NA,0,0,NA
"546","2022-09-08T21:46:00Z","20220202021","2022","0202","021","51641","Northern Sea Nettle","Chrysaora melanaster","U",NA,0,53420,"400601","03",NA,21,2022,NA,"S","Can Trawl 400 headrope, 601 sidewalls","2022-09-08T21:16:00Z",62.51,-169.97,"2022-09-08T21:46:00Z",62.52,-169.9,NA,37,40.67,22.36,"330",40504,NA,NA,NA,0,0,NA,NA,NA,0,0,NA
"547","2022-09-08T21:46:00Z","20220202021","2022","0202","021","51671","Cyanea capillata","Cyanea capillata","U",NA,1,160,"400601","03",NA,21,2022,NA,"S","Can Trawl 400 headrope, 601 sidewalls","2022-09-08T21:16:00Z",62.51,-169.97,"2022-09-08T21:46:00Z",62.52,-169.9,NA,37,40.67,22.36,"330",40561,NA,NA,NA,0,0,NA,NA,NA,0,0,NA
"548","2022-09-08T21:46:00Z","20220202021","2022","0202","021","161980","Chinook Salmon","Oncorhynchus tshawytscha","IM",NA,1,9590,"400601","03",NA,21,2022,NA,"S","Can Trawl 400 headrope, 601 sidewalls","2022-09-08T21:16:00Z",62.51,-169.97,"2022-09-08T21:46:00Z",62.52,-169.9,NA,37,40.67,22.36,"330",23220,"8755010206",NA,NA,0,0,NA,NA,NA,0,0,NA
"549","2022-09-08T21:46:00Z","20220202021","2022","0202","021","164708","Saffron Cod","Eleginus gracilis","A0",NA,1,2,"400601","03",NA,21,2022,NA,"S","Can Trawl 400 headrope, 601 sidewalls","2022-09-08T21:16:00Z",62.51,-169.97,"2022-09-08T21:46:00Z",62.52,-169.9,NA,37,40.67,22.36,"330",21735,"8791030301",NA,NA,0,0,NA,NA,NA,0,0,NA
"550","2022-09-08T21:46:00Z","20220202021","2022","0202","021","934083","Pollock","Gadus chalcogrammus","A0",NA,50,40,"400601","03",NA,21,2022,NA,"S","Can Trawl 400 headrope, 601 sidewalls","2022-09-08T21:16:00Z",62.51,-169.97,"2022-09-08T21:46:00Z",62.52,-169.9,NA,37,40.67,22.36,"330",21740,"8791030701",NA,NA,0,0,NA,NA,NA,0,0,NA
"551","2022-09-08T21:46:00Z","20220202021","2022","0202","021","934083","Pollock","Gadus chalcogrammus","A1+",NA,18,12080,"400601","03",NA,21,2022,NA,"S","Can Trawl 400 headrope, 601 sidewalls","2022-09-08T21:16:00Z",62.51,-169.97,"2022-09-08T21:46:00Z",62.52,-169.9,NA,37,40.67,22.36,"330",21740,"8791030701",NA,NA,0,0,NA,NA,NA,0,0,NA
"552","2022-09-09T02:14:00Z","20220202022","2022","0202","022","51641","Northern Sea Nettle","Chrysaora melanaster","U",NA,0,147790,"400601","03",NA,22,2022,NA,"S","Can Trawl 400 headrope, 601 sidewalls","2022-09-09T01:44:00Z",62.52,-169,"2022-09-09T02:14:00Z",62.55,-168.96,NA,32,50.3,24.2,"330",40504,NA,NA,NA,0,0,NA,NA,NA,0,0,NA
"553","2022-09-09T02:14:00Z","20220202022","2022","0202","022","51671","Cyanea capillata","Cyanea capillata","U",NA,0,6300,"400601","03",NA,22,2022,NA,"S","Can Trawl 400 headrope, 601 sidewalls","2022-09-09T01:44:00Z",62.52,-169,"2022-09-09T02:14:00Z",62.55,-168.96,NA,32,50.3,24.2,"330",40561,NA,NA,NA,0,0,NA,NA,NA,0,0,NA
"554","2022-09-09T02:14:00Z","20220202022","2022","0202","022","161976","Chum Salmon","Oncorhynchus keta","IM",NA,1,2760,"400601","03",NA,22,2022,NA,"S","Can Trawl 400 headrope, 601 sidewalls","2022-09-09T01:44:00Z",62.52,-169,"2022-09-09T02:14:00Z",62.55,-168.96,NA,32,50.3,24.2,"330",23235,"8755010202",NA,NA,0,0,NA,NA,NA,0,0,NA
"555","2022-09-09T02:14:00Z","20220202022","2022","0202","022","162035","Capelin","Mallotus villosus","U",NA,50,595,"400601","03",NA,22,2022,NA,"S","Can Trawl 400 headrope, 601 sidewalls","2022-09-09T01:44:00Z",62.52,-169,"2022-09-09T02:14:00Z",62.55,-168.96,NA,32,50.3,24.2,"330",23041,"8755030201",NA,NA,0,0,NA,NA,NA,0,0,NA
"556","2022-09-09T02:14:00Z","20220202022","2022","0202","022","172907","Yellowfin Sole","Limanda aspera","U",NA,2,1320,"400601","03",NA,22,2022,NA,"S","Can Trawl 400 headrope, 601 sidewalls","2022-09-09T01:44:00Z",62.52,-169,"2022-09-09T02:14:00Z",62.55,-168.96,NA,32,50.3,24.2,"330",10210,"8857041505",NA,NA,0,0,NA,NA,NA,0,0,NA
"557","2022-09-09T02:14:00Z","20220202022","2022","0202","022","622287","Arctic Lamprey","Lethenteron camtschaticum","U",NA,3,225,"400601","03",NA,22,2022,NA,"S","Can Trawl 400 headrope, 601 sidewalls","2022-09-09T01:44:00Z",62.52,-169,"2022-09-09T02:14:00Z",62.55,-168.96,NA,32,50.3,24.2,"330",NA,"8603010201",NA,NA,0,0,NA,NA,NA,0,0,NA
"558","2022-09-09T02:14:00Z","20220202022","2022","0202","022","934083","Pollock","Gadus chalcogrammus","A0",NA,31,51,"400601","03",NA,22,2022,NA,"S","Can Trawl 400 headrope, 601 sidewalls","2022-09-09T01:44:00Z",62.52,-169,"2022-09-09T02:14:00Z",62.55,-168.96,NA,32,50.3,24.2,"330",21740,"8791030701",NA,NA,0,0,NA,NA,NA,0,0,NA
"559","2022-09-09T02:14:00Z","20220202022","2022","0202","022","934083","Pollock","Gadus chalcogrammus","A1+",NA,63.23,49700,"400601","03",NA,22,2022,NA,"S","Can Trawl 400 headrope, 601 sidewalls","2022-09-09T01:44:00Z",62.52,-169,"2022-09-09T02:14:00Z",62.55,-168.96,NA,32,50.3,24.2,"330",21740,"8791030701",NA,NA,0,0,NA,NA,NA,0,0,NA
"560","2021-09-10T01:41:00Z","20210201033","2021","0201","033","172911","Longhead Dab","Limanda proboscidea","U",NA,3,1,"400601","04","Bering Sea",33,2021,NA,"S","Can Trawl 400 headrope, 601 sidewalls","2021-09-10T01:11:00Z",63.5,-167.01,"2021-09-10T01:41:00Z",63.5,-167.09,NA,27,52.28,19.93,"330",10211,"8857041507","VOUCHER ",NA,0,0,NA,NA,NA,0,0,NA
"561","2021-09-10T01:41:00Z","20210201033","2021","0201","033","551209","Pacific Herring","Clupea pallasi","A1+",NA,77.65,7076,"400601","04","Bering Sea",33,2021,NA,"S","Can Trawl 400 headrope, 601 sidewalls","2021-09-10T01:11:00Z",63.5,-167.01,"2021-09-10T01:41:00Z",63.5,-167.09,NA,27,52.28,19.93,"330",21110,"8747010201",NA,NA,0,0,NA,NA,NA,0,0,NA
"562","2021-09-10T01:41:00Z","20210201033","2021","0201","033","934083","Pollock","Gadus chalcogrammus","A0",NA,9,5,"400601","04","Bering Sea",33,2021,NA,"S","Can Trawl 400 headrope, 601 sidewalls","2021-09-10T01:11:00Z",63.5,-167.01,"2021-09-10T01:41:00Z",63.5,-167.09,NA,27,52.28,19.93,"330",21740,"8791030701",NA,NA,0,0,NA,NA,NA,0,0,NA
"563","2021-09-10T01:41:00Z","20210201033","2021","0201","033","934083","Pollock","Gadus chalcogrammus","A1+",NA,1,680,"400601","04","Bering Sea",33,2021,NA,"S","Can Trawl 400 headrope, 601 sidewalls","2021-09-10T01:11:00Z",63.5,-167.01,"2021-09-10T01:41:00Z",63.5,-167.09,NA,27,52.28,19.93,"330",21740,"8791030701",NA,NA,0,0,NA,NA,NA,0,0,NA
"564","2021-09-10T17:20:00Z","20210201034","2021","0201","034","51641","Northern Sea Nettle","Chrysaora melanaster","U",NA,0,166350,"400601","04","Bering Sea",34,2021,NA,"S","Can Trawl 400 headrope, 601 sidewalls","2021-09-10T16:50:00Z",63.5,-168.06,"2021-09-10T17:20:00Z",63.53,-168.11,NA,32,49.3,20.95,"330",40504,NA,NA,NA,0,0,NA,NA,NA,0,0,NA
"565","2021-09-10T17:20:00Z","20210201034","2021","0201","034","161976","Chum Salmon","Oncorhynchus keta","IM",NA,2,9460,"400601","04","Bering Sea",34,2021,NA,"S","Can Trawl 400 headrope, 601 sidewalls","2021-09-10T16:50:00Z",63.5,-168.06,"2021-09-10T17:20:00Z",63.53,-168.11,NA,32,49.3,20.95,"330",23235,"8755010202",NA,NA,0,0,NA,NA,NA,0,0,NA
"566","2021-09-10T17:20:00Z","20210201034","2021","0201","034","171672","Arctic Sand Lance","Ammodytes hexapterus","U",NA,1,12,"400601","04","Bering Sea",34,2021,NA,"S","Can Trawl 400 headrope, 601 sidewalls","2021-09-10T16:50:00Z",63.5,-168.06,"2021-09-10T17:20:00Z",63.53,-168.11,NA,32,49.3,20.95,"330",20203,"8845010101",NA,NA,0,0,NA,NA,NA,0,0,NA
"567","2021-09-10T17:20:00Z","20210201034","2021","0201","034","551209","Pacific Herring","Clupea pallasi","A1+",NA,3,254,"400601","04","Bering Sea",34,2021,NA,"S","Can Trawl 400 headrope, 601 sidewalls","2021-09-10T16:50:00Z",63.5,-168.06,"2021-09-10T17:20:00Z",63.53,-168.11,NA,32,49.3,20.95,"330",21110,"8747010201",NA,NA,0,0,NA,NA,NA,0,0,NA
"568","2021-09-10T22:35:00Z","20210201035","2021","0201","035","50623","Aequorea  sp.","Aequorea sp.","U",NA,0,600,"400601","04","Bering Sea",35,2021,NA,"S","Can Trawl 400 headrope, 601 sidewalls","2021-09-10T22:05:00Z",64.01,-168.99,"2021-09-10T22:35:00Z",64.04,-168.96,NA,34,42.72,18.31,"330",40506,NA,NA,NA,0,0,NA,NA,NA,0,0,NA
"569","2021-09-10T22:35:00Z","20210201035","2021","0201","035","51641","Northern Sea Nettle","Chrysaora melanaster","U",NA,0,435470,"400601","04","Bering Sea",35,2021,NA,"S","Can Trawl 400 headrope, 601 sidewalls","2021-09-10T22:05:00Z",64.01,-168.99,"2021-09-10T22:35:00Z",64.04,-168.96,NA,34,42.72,18.31,"330",40504,NA,NA,NA,0,0,NA,NA,NA,0,0,NA
"570","2021-09-10T22:35:00Z","20210201035","2021","0201","035","551209","Pacific Herring","Clupea pallasi","A1+",NA,1,69,"400601","04","Bering Sea",35,2021,NA,"S","Can Trawl 400 headrope, 601 sidewalls","2021-09-10T22:05:00Z",64.01,-168.99,"2021-09-10T22:35:00Z",64.04,-168.96,NA,34,42.72,18.31,"330",21110,"8747010201",NA,NA,0,0,NA,NA,NA,0,0,NA
"571","2021-09-10T22:35:00Z","20210201035","2021","0201","035","934083","Pollock","Gadus chalcogrammus","A0",NA,148.06,278,"400601","04","Bering Sea",35,2021,NA,"S","Can Trawl 400 headrope, 601 sidewalls","2021-09-10T22:05:00Z",64.01,-168.99,"2021-09-10T22:35:00Z",64.04,-168.96,NA,34,42.72,18.31,"330",21740,"8791030701",NA,NA,0,0,NA,NA,NA,0,0,NA
"572","2021-09-11T03:06:00Z","20210201036","2021","0201","036","51641","Northern Sea Nettle","Chrysaora melanaster","U",NA,0,1417256.88,"400601","04","Bering Sea",36,2021,NA,"S","Can Trawl 400 headrope, 601 sidewalls","2021-09-11T02:36:00Z",64.5,-168.97,"2021-09-11T03:06:00Z",64.53,-168.92,NA,41,43.85,18.65,"330",40504,NA,NA,NA,0,0,NA,NA,NA,0,0,NA
"573","2021-09-11T03:06:00Z","20210201036","2021","0201","036","51669","Cyanea sp.","Cyanea sp.","U",NA,0,76608.48,"400601","04","Bering Sea",36,2021,NA,"S","Can Trawl 400 headrope, 601 sidewalls","2021-09-11T02:36:00Z",64.5,-168.97,"2021-09-11T03:06:00Z",64.53,-168.92,NA,41,43.85,18.65,"330",40560,NA,NA,NA,0,0,NA,NA,NA,0,0,NA
"574","2021-09-11T03:06:00Z","20210201036","2021","0201","036","622287","Arctic Lamprey","Lethenteron camtschaticum","U",NA,1,65,"400601","04","Bering Sea",36,2021,NA,"S","Can Trawl 400 headrope, 601 sidewalls","2021-09-11T02:36:00Z",64.5,-168.97,"2021-09-11T03:06:00Z",64.53,-168.92,NA,41,43.85,18.65,"330",NA,"8603010201",NA,NA,0,0,NA,NA,NA,0,0,NA
"575","2021-09-11T03:06:00Z","20210201036","2021","0201","036","934083","Pollock","Gadus chalcogrammus","A0",NA,638.4,1149.1,"400601","04","Bering Sea",36,2021,NA,"S","Can Trawl 400 headrope, 601 sidewalls","2021-09-11T02:36:00Z",64.5,-168.97,"2021-09-11T03:06:00Z",64.53,-168.92,NA,41,43.85,18.65,"330",21740,"8791030701",NA,NA,0,0,NA,NA,NA,0,0,NA
"576","2021-09-11T17:37:00Z","20210201037","2021","0201","037","51641","Northern Sea Nettle","Chrysaora melanaster","U",NA,0,12760,"400601","04","Bering Sea",37,2021,NA,"S","Can Trawl 400 headrope, 601 sidewalls","2021-09-11T17:06:00Z",65.38,-167.99,"2021-09-11T17:37:00Z",65.37,-167.95,NA,38,49.22,23.58,"330",40504,NA,NA,NA,0,0,NA,NA,NA,0,0,NA
"577","2021-09-11T17:37:00Z","20210201037","2021","0201","037","51669","Cyanea sp.","Cyanea sp.","U",NA,0,1220,"400601","04","Bering Sea",37,2021,NA,"S","Can Trawl 400 headrope, 601 sidewalls","2021-09-11T17:06:00Z",65.38,-167.99,"2021-09-11T17:37:00Z",65.37,-167.95,NA,38,49.22,23.58,"330",40560,NA,NA,NA,0,0,NA,NA,NA,0,0,NA
"578","2021-09-11T17:37:00Z","20210201037","2021","0201","037","51696","Phacellophora camtschatica","Phacellophora camtschatica","U",NA,0,310,"400601","04","Bering Sea",37,2021,NA,"S","Can Trawl 400 headrope, 601 sidewalls","2021-09-11T17:06:00Z",65.38,-167.99,"2021-09-11T17:37:00Z",65.37,-167.95,NA,38,49.22,23.58,"330",NA,NA,NA,NA,0,0,NA,NA,NA,0,0,NA
"579","2021-09-11T17:37:00Z","20210201037","2021","0201","037","51700","Aurelia sp.","Aurelia sp.","U",NA,0,1780,"400601","04","Bering Sea",37,2021,NA,"S","Can Trawl 400 headrope, 601 sidewalls","2021-09-11T17:06:00Z",65.38,-167.99,"2021-09-11T17:37:00Z",65.37,-167.95,NA,38,49.22,23.58,"330",40511,NA,NA,NA,0,0,NA,NA,NA,0,0,NA
"580","2021-09-11T17:37:00Z","20210201037","2021","0201","037","161975","Pink Salmon","Oncorhynchus gorbuscha","J",NA,121.32,5210,"400601","04","Bering Sea",37,2021,NA,"S","Can Trawl 400 headrope, 601 sidewalls","2021-09-11T17:06:00Z",65.38,-167.99,"2021-09-11T17:37:00Z",65.37,-167.95,NA,38,49.22,23.58,"330",23230,"8755010201",NA,NA,0,0,NA,NA,NA,0,0,NA
"581","2021-09-11T17:37:00Z","20210201037","2021","0201","037","161976","Chum Salmon","Oncorhynchus keta","J",NA,17,870,"400601","04","Bering Sea",37,2021,NA,"S","Can Trawl 400 headrope, 601 sidewalls","2021-09-11T17:06:00Z",65.38,-167.99,"2021-09-11T17:37:00Z",65.37,-167.95,NA,38,49.22,23.58,"330",23235,"8755010202",NA,NA,0,0,NA,NA,NA,0,0,NA
"582","2021-09-11T17:37:00Z","20210201037","2021","0201","037","161977","Coho Salmon","Oncorhynchus kisutch","IM",NA,1,1960,"400601","04","Bering Sea",37,2021,NA,"S","Can Trawl 400 headrope, 601 sidewalls","2021-09-11T17:06:00Z",65.38,-167.99,"2021-09-11T17:37:00Z",65.37,-167.95,NA,38,49.22,23.58,"330",23225,"8755010203",NA,NA,0,0,NA,NA,NA,0,0,NA
"583","2021-09-11T17:37:00Z","20210201037","2021","0201","037","162035","Capelin","Mallotus villosus","U",NA,2,16,"400601","04","Bering Sea",37,2021,NA,"S","Can Trawl 400 headrope, 601 sidewalls","2021-09-11T17:06:00Z",65.38,-167.99,"2021-09-11T17:37:00Z",65.37,-167.95,NA,38,49.22,23.58,"330",23041,"8755030201",NA,NA,0,0,NA,NA,NA,0,0,NA
"584","2021-09-11T17:37:00Z","20210201037","2021","0201","037","162041","Rainbow Smelt","Osmerus mordax dentex","U",NA,1,23,"400601","04","Bering Sea",37,2021,NA,"S","Can Trawl 400 headrope, 601 sidewalls","2021-09-11T17:06:00Z",65.38,-167.99,"2021-09-11T17:37:00Z",65.37,-167.95,NA,38,49.22,23.58,"330",23055,"8755030302",NA,NA,0,0,NA,NA,NA,0,0,NA
"585","2021-09-11T17:37:00Z","20210201037","2021","0201","037","164708","Saffron Cod","Eleginus gracilis","A1+",NA,1,237,"400601","04","Bering Sea",37,2021,NA,"S","Can Trawl 400 headrope, 601 sidewalls","2021-09-11T17:06:00Z",65.38,-167.99,"2021-09-11T17:37:00Z",65.37,-167.95,NA,38,49.22,23.58,"330",21735,"8791030301",NA,NA,0,0,NA,NA,NA,0,0,NA
"586","2021-09-11T17:37:00Z","20210201037","2021","0201","037","166365","Threespine stickleback","Gasterosteus aculeatus","U",NA,8,38,"400601","04","Bering Sea",37,2021,NA,"S","Can Trawl 400 headrope, 601 sidewalls","2021-09-11T17:06:00Z",65.38,-167.99,"2021-09-11T17:37:00Z",65.37,-167.95,NA,38,49.22,23.58,"330",21752,"8818010101",NA,NA,0,0,NA,NA,NA,0,0,NA
"587","2021-09-11T17:37:00Z","20210201037","2021","0201","037","171672","Arctic Sand Lance","Ammodytes hexapterus","U",NA,1,6,"400601","04","Bering Sea",37,2021,NA,"S","Can Trawl 400 headrope, 601 sidewalls","2021-09-11T17:06:00Z",65.38,-167.99,"2021-09-11T17:37:00Z",65.37,-167.95,NA,38,49.22,23.58,"330",20203,"8845010101",NA,NA,0,0,NA,NA,NA,0,0,NA
"588","2021-09-11T17:37:00Z","20210201037","2021","0201","037","551209","Pacific Herring","Clupea pallasi","A1+",NA,8,429,"400601","04","Bering Sea",37,2021,NA,"S","Can Trawl 400 headrope, 601 sidewalls","2021-09-11T17:06:00Z",65.38,-167.99,"2021-09-11T17:37:00Z",65.37,-167.95,NA,38,49.22,23.58,"330",21110,"8747010201",NA,NA,0,0,NA,NA,NA,0,0,NA
"589","2021-09-11T22:13:00Z","20210201038","2021","0201","038","51641","Northern Sea Nettle","Chrysaora melanaster","U",NA,0,1390,"400601","04","Bering Sea",38,2021,NA,"S","Can Trawl 400 headrope, 601 sidewalls","2021-09-11T21:43:00Z",64.99,-167.49,"2021-09-11T22:13:00Z",64.97,-167.48,NA,26,49.47,21.04,"330",40504,NA,NA,NA,0,0,NA,NA,NA,0,0,NA
"590","2021-09-11T22:13:00Z","20210201038","2021","0201","038","51669","Cyanea sp.","Cyanea sp.","U",NA,0,260,"400601","04","Bering Sea",38,2021,NA,"S","Can Trawl 400 headrope, 601 sidewalls","2021-09-11T21:43:00Z",64.99,-167.49,"2021-09-11T22:13:00Z",64.97,-167.48,NA,26,49.47,21.04,"330",40560,NA,NA,NA,0,0,NA,NA,NA,0,0,NA
"591","2021-09-11T22:13:00Z","20210201038","2021","0201","038","51700","Aurelia sp.","Aurelia sp.","U",NA,0,790,"400601","04","Bering Sea",38,2021,NA,"S","Can Trawl 400 headrope, 601 sidewalls","2021-09-11T21:43:00Z",64.99,-167.49,"2021-09-11T22:13:00Z",64.97,-167.48,NA,26,49.47,21.04,"330",40511,NA,NA,NA,0,0,NA,NA,NA,0,0,NA
"592","2021-09-11T22:13:00Z","20210201038","2021","0201","038","161975","Pink Salmon","Oncorhynchus gorbuscha","J",NA,170.64,7440,"400601","04","Bering Sea",38,2021,NA,"S","Can Trawl 400 headrope, 601 sidewalls","2021-09-11T21:43:00Z",64.99,-167.49,"2021-09-11T22:13:00Z",64.97,-167.48,NA,26,49.47,21.04,"330",23230,"8755010201",NA,NA,0,0,NA,NA,NA,0,0,NA
"593","2021-09-11T22:13:00Z","20210201038","2021","0201","038","161976","Chum Salmon","Oncorhynchus keta","J",NA,73.32,4100,"400601","04","Bering Sea",38,2021,NA,"S","Can Trawl 400 headrope, 601 sidewalls","2021-09-11T21:43:00Z",64.99,-167.49,"2021-09-11T22:13:00Z",64.97,-167.48,NA,26,49.47,21.04,"330",23235,"8755010202",NA,NA,0,0,NA,NA,NA,0,0,NA
"594","2021-09-11T22:13:00Z","20210201038","2021","0201","038","161977","Coho Salmon","Oncorhynchus kisutch","J",NA,5,1150,"400601","04","Bering Sea",38,2021,NA,"S","Can Trawl 400 headrope, 601 sidewalls","2021-09-11T21:43:00Z",64.99,-167.49,"2021-09-11T22:13:00Z",64.97,-167.48,NA,26,49.47,21.04,"330",23225,"8755010203",NA,NA,0,0,NA,NA,NA,0,0,NA
"595","2021-09-11T22:13:00Z","20210201038","2021","0201","038","162035","Capelin","Mallotus villosus","U",NA,2,11,"400601","04","Bering Sea",38,2021,NA,"S","Can Trawl 400 headrope, 601 sidewalls","2021-09-11T21:43:00Z",64.99,-167.49,"2021-09-11T22:13:00Z",64.97,-167.48,NA,26,49.47,21.04,"330",23041,"8755030201",NA,NA,0,0,NA,NA,NA,0,0,NA
"596","2021-09-11T22:13:00Z","20210201038","2021","0201","038","162041","Rainbow Smelt","Osmerus mordax dentex","U",NA,5,143,"400601","04","Bering Sea",38,2021,NA,"S","Can Trawl 400 headrope, 601 sidewalls","2021-09-11T21:43:00Z",64.99,-167.49,"2021-09-11T22:13:00Z",64.97,-167.48,NA,26,49.47,21.04,"330",23055,"8755030302",NA,NA,0,0,NA,NA,NA,0,0,NA
"597","2021-09-11T22:13:00Z","20210201038","2021","0201","038","164708","Saffron Cod","Eleginus gracilis","A1+",NA,1,74,"400601","04","Bering Sea",38,2021,NA,"S","Can Trawl 400 headrope, 601 sidewalls","2021-09-11T21:43:00Z",64.99,-167.49,"2021-09-11T22:13:00Z",64.97,-167.48,NA,26,49.47,21.04,"330",21735,"8791030301",NA,NA,0,0,NA,NA,NA,0,0,NA
"598","2021-09-11T22:13:00Z","20210201038","2021","0201","038","166365","Threespine stickleback","Gasterosteus aculeatus","U",NA,103.84,540,"400601","04","Bering Sea",38,2021,NA,"S","Can Trawl 400 headrope, 601 sidewalls","2021-09-11T21:43:00Z",64.99,-167.49,"2021-09-11T22:13:00Z",64.97,-167.48,NA,26,49.47,21.04,"330",21752,"8818010101",NA,NA,0,0,NA,NA,NA,0,0,NA
"599","2021-09-11T22:13:00Z","20210201038","2021","0201","038","551209","Pacific Herring","Clupea pallasi","A1+",NA,2,141,"400601","04","Bering Sea",38,2021,NA,"S","Can Trawl 400 headrope, 601 sidewalls","2021-09-11T21:43:00Z",64.99,-167.49,"2021-09-11T22:13:00Z",64.97,-167.48,NA,26,49.47,21.04,"330",21110,"8747010201",NA,NA,0,0,NA,NA,NA,0,0,NA
"600","2021-09-11T22:13:00Z","20210201038","2021","0201","038","934083","Pollock","Gadus chalcogrammus","A1+",NA,3,58,"400601","04","Bering Sea",38,2021,NA,"S","Can Trawl 400 headrope, 601 sidewalls","2021-09-11T21:43:00Z",64.99,-167.49,"2021-09-11T22:13:00Z",64.97,-167.48,NA,26,49.47,21.04,"330",21740,"8791030701","DOUBLE CHECK SPECIES ",NA,0,0,NA,NA,NA,0,0,NA
"601","2021-09-12T17:20:00Z","20210201039","2021","0201","039","161975","Pink Salmon","Oncorhynchus gorbuscha","J",NA,125.48,6980,"400601","04","Bering Sea",39,2021,NA,"S","Can Trawl 400 headrope, 601 sidewalls","2021-09-12T16:49:00Z",64.5,-167.03,"2021-09-12T17:20:00Z",64.5,-167.12,NA,27,50.57,21.5,"330",23230,"8755010201",NA,NA,0,0,NA,NA,NA,0,0,NA
"602","2021-09-12T17:20:00Z","20210201039","2021","0201","039","161976","Chum Salmon","Oncorhynchus keta","J",NA,25,2110,"400601","04","Bering Sea",39,2021,NA,"S","Can Trawl 400 headrope, 601 sidewalls","2021-09-12T16:49:00Z",64.5,-167.03,"2021-09-12T17:20:00Z",64.5,-167.12,NA,27,50.57,21.5,"330",23235,"8755010202",NA,NA,0,0,NA,NA,NA,0,0,NA
"603","2021-09-12T17:20:00Z","20210201039","2021","0201","039","161977","Coho Salmon","Oncorhynchus kisutch","J",NA,15,3230,"400601","04","Bering Sea",39,2021,NA,"S","Can Trawl 400 headrope, 601 sidewalls","2021-09-12T16:49:00Z",64.5,-167.03,"2021-09-12T17:20:00Z",64.5,-167.12,NA,27,50.57,21.5,"330",23225,"8755010203",NA,NA,0,0,NA,NA,NA,0,0,NA
"604","2021-09-12T17:20:00Z","20210201039","2021","0201","039","161980","Chinook Salmon","Oncorhynchus tshawytscha","J",NA,3,420,"400601","04","Bering Sea",39,2021,NA,"S","Can Trawl 400 headrope, 601 sidewalls","2021-09-12T16:49:00Z",64.5,-167.03,"2021-09-12T17:20:00Z",64.5,-167.12,NA,27,50.57,21.5,"330",23220,"8755010206",NA,NA,0,0,NA,NA,NA,0,0,NA
"605","2021-09-12T17:20:00Z","20210201039","2021","0201","039","162035","Capelin","Mallotus villosus","U",NA,167.21,709,"400601","04","Bering Sea",39,2021,NA,"S","Can Trawl 400 headrope, 601 sidewalls","2021-09-12T16:49:00Z",64.5,-167.03,"2021-09-12T17:20:00Z",64.5,-167.12,NA,27,50.57,21.5,"330",23041,"8755030201",NA,NA,0,0,NA,NA,NA,0,0,NA
"606","2021-09-12T17:20:00Z","20210201039","2021","0201","039","166365","Threespine stickleback","Gasterosteus aculeatus","U",NA,11,65,"400601","04","Bering Sea",39,2021,NA,"S","Can Trawl 400 headrope, 601 sidewalls","2021-09-12T16:49:00Z",64.5,-167.03,"2021-09-12T17:20:00Z",64.5,-167.12,NA,27,50.57,21.5,"330",21752,"8818010101",NA,NA,0,0,NA,NA,NA,0,0,NA
"607","2021-09-12T17:20:00Z","20210201039","2021","0201","039","172893","Starry Flounder","Platichthys stellatus","U",NA,1,210,"400601","04","Bering Sea",39,2021,NA,"S","Can Trawl 400 headrope, 601 sidewalls","2021-09-12T16:49:00Z",64.5,-167.03,"2021-09-12T17:20:00Z",64.5,-167.12,NA,27,50.57,21.5,"330",10220,"8857041401",NA,NA,0,0,NA,NA,NA,0,0,NA
"608","2021-09-12T17:20:00Z","20210201039","2021","0201","039","551209","Pacific Herring","Clupea pallasi","A1+",NA,24,1843,"400601","04","Bering Sea",39,2021,NA,"S","Can Trawl 400 headrope, 601 sidewalls","2021-09-12T16:49:00Z",64.5,-167.03,"2021-09-12T17:20:00Z",64.5,-167.12,NA,27,50.57,21.5,"330",21110,"8747010201",NA,NA,0,0,NA,NA,NA,0,0,NA
"609","2021-09-12T21:12:00Z","20210201040","2021","0201","040","51641","Northern Sea Nettle","Chrysaora melanaster","U",NA,0,85380,"400601","04","Bering Sea",40,2021,NA,"S","Can Trawl 400 headrope, 601 sidewalls","2021-09-12T20:41:00Z",64.48,-167.99,"2021-09-12T21:12:00Z",64.46,-168.01,NA,35,50.4,22.1,"330",40504,NA,NA,NA,0,0,NA,NA,NA,0,0,NA
"610","2021-09-12T21:12:00Z","20210201040","2021","0201","040","161975","Pink Salmon","Oncorhynchus gorbuscha","J",NA,1,79,"400601","04","Bering Sea",40,2021,NA,"S","Can Trawl 400 headrope, 601 sidewalls","2021-09-12T20:41:00Z",64.48,-167.99,"2021-09-12T21:12:00Z",64.46,-168.01,NA,35,50.4,22.1,"330",23230,"8755010201",NA,NA,0,0,NA,NA,NA,0,0,NA
"611","2021-09-12T21:12:00Z","20210201040","2021","0201","040","161979","Sockeye Salmon","Oncorhynchus nerka","J",NA,2,164,"400601","04","Bering Sea",40,2021,NA,"S","Can Trawl 400 headrope, 601 sidewalls","2021-09-12T20:41:00Z",64.48,-167.99,"2021-09-12T21:12:00Z",64.46,-168.01,NA,35,50.4,22.1,"330",23240,"8755010205",NA,NA,0,0,NA,NA,NA,0,0,NA
"612","2021-09-12T21:12:00Z","20210201040","2021","0201","040","934083","Pollock","Gadus chalcogrammus","A0",NA,4,4,"400601","04","Bering Sea",40,2021,NA,"S","Can Trawl 400 headrope, 601 sidewalls","2021-09-12T20:41:00Z",64.48,-167.99,"2021-09-12T21:12:00Z",64.46,-168.01,NA,35,50.4,22.1,"330",21740,"8791030701",NA,NA,0,0,NA,NA,NA,0,0,NA
"613","2021-09-13T01:54:00Z","20210201041","2021","0201","041","161975","Pink Salmon","Oncorhynchus gorbuscha","J",NA,1,90,"400601","04","Bering Sea",41,2021,NA,"S","Can Trawl 400 headrope, 601 sidewalls","2021-09-13T01:24:00Z",63.99,-167.93,"2021-09-13T01:54:00Z",63.99,-167.85,NA,36,47.91,21.87,"330",23230,"8755010201",NA,NA,0,0,NA,NA,NA,0,0,NA
"614","2021-09-13T01:54:00Z","20210201041","2021","0201","041","161976","Chum Salmon","Oncorhynchus keta","IM",NA,1,4410,"400601","04","Bering Sea",41,2021,NA,"S","Can Trawl 400 headrope, 601 sidewalls","2021-09-13T01:24:00Z",63.99,-167.93,"2021-09-13T01:54:00Z",63.99,-167.85,NA,36,47.91,21.87,"330",23235,"8755010202",NA,NA,0,0,NA,NA,NA,0,0,NA
"615","2021-09-13T01:54:00Z","20210201041","2021","0201","041","551209","Pacific Herring","Clupea pallasi","A1+",NA,1,173,"400601","04","Bering Sea",41,2021,NA,"S","Can Trawl 400 headrope, 601 sidewalls","2021-09-13T01:24:00Z",63.99,-167.93,"2021-09-13T01:54:00Z",63.99,-167.85,NA,36,47.91,21.87,"330",21110,"8747010201",NA,NA,0,0,NA,NA,NA,0,0,NA
"616","2021-09-13T01:54:00Z","20210201041","2021","0201","041","934083","Pollock","Gadus chalcogrammus","A0",NA,1,2,"400601","04","Bering Sea",41,2021,NA,"S","Can Trawl 400 headrope, 601 sidewalls","2021-09-13T01:24:00Z",63.99,-167.93,"2021-09-13T01:54:00Z",63.99,-167.85,NA,36,47.91,21.87,"330",21740,"8791030701",NA,NA,0,0,NA,NA,NA,0,0,NA
"617","2023-09-10T22:08:00Z","20230201030","2023","0201","030","161976","Chum Salmon","Oncorhynchus keta","J","TC",9,1137,"400601","05","Bering Sea",30,2023,"63-167","S","Can Trawl 400 headrope, 601 sidewalls","2023-09-10T21:38:00Z",62.99,-166.97,"2023-09-10T22:08:00Z",63,-166.9,NA,22,51.24,19.89,"330",23235,"8755010202",NA,NA,0,0,NA,NA,NA,0,0,NA
"618","2023-09-10T22:08:00Z","20230201030","2023","0201","030","161980","Chinook Salmon","Oncorhynchus tshawytscha","IM","TC",1,2333,"400601","05","Bering Sea",30,2023,"63-167","S","Can Trawl 400 headrope, 601 sidewalls","2023-09-10T21:38:00Z",62.99,-166.97,"2023-09-10T22:08:00Z",63,-166.9,NA,22,51.24,19.89,"330",23220,"8755010206",NA,NA,0,0,NA,NA,NA,0,0,NA
"619","2023-09-10T22:08:00Z","20230201030","2023","0201","030","161980","Chinook Salmon","Oncorhynchus tshawytscha","J","TC",2,251,"400601","05","Bering Sea",30,2023,"63-167","S","Can Trawl 400 headrope, 601 sidewalls","2023-09-10T21:38:00Z",62.99,-166.97,"2023-09-10T22:08:00Z",63,-166.9,NA,22,51.24,19.89,"330",23220,"8755010206",NA,NA,0,0,NA,NA,NA,0,0,NA
"620","2023-09-10T22:08:00Z","20230201030","2023","0201","030","172907","Yellowfin Sole","Limanda aspera","U","TC",2,400,"400601","05","Bering Sea",30,2023,"63-167","S","Can Trawl 400 headrope, 601 sidewalls","2023-09-10T21:38:00Z",62.99,-166.97,"2023-09-10T22:08:00Z",63,-166.9,NA,22,51.24,19.89,"330",10210,"8857041505",NA,NA,0,0,NA,NA,NA,0,0,NA
"621","2023-09-10T22:08:00Z","20230201030","2023","0201","030","172911","Longhead Dab","Limanda proboscidea","U","TC",1,1,"400601","05","Bering Sea",30,2023,"63-167","S","Can Trawl 400 headrope, 601 sidewalls","2023-09-10T21:38:00Z",62.99,-166.97,"2023-09-10T22:08:00Z",63,-166.9,NA,22,51.24,19.89,"330",10211,"8857041507",NA,NA,0,0,NA,NA,NA,0,0,NA
"622","2023-09-10T22:08:00Z","20230201030","2023","0201","030","551209","Pacific Herring","Clupea pallasi","A1+","TC",34,2034,"400601","05","Bering Sea",30,2023,"63-167","S","Can Trawl 400 headrope, 601 sidewalls","2023-09-10T21:38:00Z",62.99,-166.97,"2023-09-10T22:08:00Z",63,-166.9,NA,22,51.24,19.89,"330",21110,"8747010201",NA,NA,0,0,NA,NA,NA,0,0,NA
"623","2023-09-10T22:08:00Z","20230201030","2023","0201","030","622287","Arctic Lamprey","Lethenteron camtschaticum","U","TC",1,31,"400601","05","Bering Sea",30,2023,"63-167","S","Can Trawl 400 headrope, 601 sidewalls","2023-09-10T21:38:00Z",62.99,-166.97,"2023-09-10T22:08:00Z",63,-166.9,NA,22,51.24,19.89,"330",NA,"8603010201",NA,NA,0,0,NA,NA,NA,0,0,NA
"624","2023-09-10T22:08:00Z","20230201030","2023","0201","030","934083","Pollock","Gadus chalcogrammus","A0","TC",72.95,89,"400601","05","Bering Sea",30,2023,"63-167","S","Can Trawl 400 headrope, 601 sidewalls","2023-09-10T21:38:00Z",62.99,-166.97,"2023-09-10T22:08:00Z",63,-166.9,NA,22,51.24,19.89,"330",21740,"8791030701",NA,NA,0,0,NA,NA,NA,0,0,NA
"625","2023-09-11T02:08:00Z","20230201031","2023","0201","031","51641","Northern Sea Nettle","Chrysaora melanaster","U","TC",0,1990,"400601","05","Bering Sea",31,2023,"63-166","S","Can Trawl 400 headrope, 601 sidewalls","2023-09-11T01:38:00Z",63.01,-166,"2023-09-11T02:08:00Z",63.05,-166,NA,16,51,18.2,"330",40504,NA,NA,NA,0,0,NA,NA,NA,0,0,NA
"626","2023-09-11T02:08:00Z","20230201031","2023","0201","031","51669","Cyanea sp.","Cyanea sp.","U","TC",0,180,"400601","05","Bering Sea",31,2023,"63-166","S","Can Trawl 400 headrope, 601 sidewalls","2023-09-11T01:38:00Z",63.01,-166,"2023-09-11T02:08:00Z",63.05,-166,NA,16,51,18.2,"330",40560,NA,NA,NA,0,0,NA,NA,NA,0,0,NA
"627","2023-09-11T02:08:00Z","20230201031","2023","0201","031","161975","Pink Salmon","Oncorhynchus gorbuscha","J","TC",6,256,"400601","05","Bering Sea",31,2023,"63-166","S","Can Trawl 400 headrope, 601 sidewalls","2023-09-11T01:38:00Z",63.01,-166,"2023-09-11T02:08:00Z",63.05,-166,NA,16,51,18.2,"330",23230,"8755010201",NA,NA,0,0,NA,NA,NA,0,0,NA
"628","2023-09-11T02:08:00Z","20230201031","2023","0201","031","161976","Chum Salmon","Oncorhynchus keta","J","TC",13,582,"400601","05","Bering Sea",31,2023,"63-166","S","Can Trawl 400 headrope, 601 sidewalls","2023-09-11T01:38:00Z",63.01,-166,"2023-09-11T02:08:00Z",63.05,-166,NA,16,51,18.2,"330",23235,"8755010202",NA,NA,0,0,NA,NA,NA,0,0,NA
"629","2023-09-11T02:08:00Z","20230201031","2023","0201","031","161980","Chinook Salmon","Oncorhynchus tshawytscha","J","TC",12,1368,"400601","05","Bering Sea",31,2023,"63-166","S","Can Trawl 400 headrope, 601 sidewalls","2023-09-11T01:38:00Z",63.01,-166,"2023-09-11T02:08:00Z",63.05,-166,NA,16,51,18.2,"330",23220,"8755010206",NA,NA,0,0,NA,NA,NA,0,0,NA
"630","2023-09-11T02:08:00Z","20230201031","2023","0201","031","162041","Rainbow Smelt","Osmerus mordax dentex","U","TC",137.36,1155,"400601","05","Bering Sea",31,2023,"63-166","S","Can Trawl 400 headrope, 601 sidewalls","2023-09-11T01:38:00Z",63.01,-166,"2023-09-11T02:08:00Z",63.05,-166,NA,16,51,18.2,"330",23055,"8755030302",NA,NA,0,0,NA,NA,NA,0,0,NA
"631","2023-09-11T02:08:00Z","20230201031","2023","0201","031","164708","Saffron Cod","Eleginus gracilis","A0","TC",161.62,656,"400601","05","Bering Sea",31,2023,"63-166","S","Can Trawl 400 headrope, 601 sidewalls","2023-09-11T01:38:00Z",63.01,-166,"2023-09-11T02:08:00Z",63.05,-166,NA,16,51,18.2,"330",21735,"8791030301",NA,NA,0,0,NA,NA,NA,0,0,NA
"632","2023-09-11T02:08:00Z","20230201031","2023","0201","031","164708","Saffron Cod","Eleginus gracilis","A1+","TC",2,152,"400601","05","Bering Sea",31,2023,"63-166","S","Can Trawl 400 headrope, 601 sidewalls","2023-09-11T01:38:00Z",63.01,-166,"2023-09-11T02:08:00Z",63.05,-166,NA,16,51,18.2,"330",21735,"8791030301",NA,NA,0,0,NA,NA,NA,0,0,NA
"633","2022-09-10T17:27:00Z","20220202023","2022","0202","023","51641","Northern Sea Nettle","Chrysaora melanaster","U",NA,0,5970,"400601","03",NA,23,2022,NA,"S","Can Trawl 400 headrope, 601 sidewalls","2022-09-10T16:57:00Z",62.99,-166.95,"2022-09-10T17:27:00Z",62.99,-166.88,NA,26,49.44,23.07,"330",40504,NA,NA,NA,0,0,NA,NA,NA,0,0,NA
"634","2022-09-10T17:27:00Z","20220202023","2022","0202","023","51671","Cyanea capillata","Cyanea capillata","U",NA,0,2910,"400601","03",NA,23,2022,NA,"S","Can Trawl 400 headrope, 601 sidewalls","2022-09-10T16:57:00Z",62.99,-166.95,"2022-09-10T17:27:00Z",62.99,-166.88,NA,26,49.44,23.07,"330",40561,NA,NA,NA,0,0,NA,NA,NA,0,0,NA
"635","2022-09-10T17:27:00Z","20220202023","2022","0202","023","97110","Sevenspine bay shrimp","Crangon septemspinosa","U",NA,730,709.1,"400601","03",NA,23,2022,NA,"S","Can Trawl 400 headrope, 601 sidewalls","2022-09-10T16:57:00Z",62.99,-166.95,"2022-09-10T17:27:00Z",62.99,-166.88,NA,26,49.44,23.07,"330",NA,"66548",NA,NA,0,0,NA,NA,NA,0,0,NA
"636","2022-09-10T17:27:00Z","20220202023","2022","0202","023","161975","Pink Salmon","Oncorhynchus gorbuscha","J",NA,164.24,11530,"400601","03",NA,23,2022,NA,"S","Can Trawl 400 headrope, 601 sidewalls","2022-09-10T16:57:00Z",62.99,-166.95,"2022-09-10T17:27:00Z",62.99,-166.88,NA,26,49.44,23.07,"330",23230,"8755010201",NA,NA,0,0,NA,NA,NA,0,0,NA
"637","2022-09-10T17:27:00Z","20220202023","2022","0202","023","161976","Chum Salmon","Oncorhynchus keta","J",NA,95.74,8100,"400601","03",NA,23,2022,NA,"S","Can Trawl 400 headrope, 601 sidewalls","2022-09-10T16:57:00Z",62.99,-166.95,"2022-09-10T17:27:00Z",62.99,-166.88,NA,26,49.44,23.07,"330",23235,"8755010202",NA,NA,0,0,NA,NA,NA,0,0,NA
"638","2022-09-10T17:27:00Z","20220202023","2022","0202","023","161977","Coho Salmon","Oncorhynchus kisutch","J",NA,1,268,"400601","03",NA,23,2022,NA,"S","Can Trawl 400 headrope, 601 sidewalls","2022-09-10T16:57:00Z",62.99,-166.95,"2022-09-10T17:27:00Z",62.99,-166.88,NA,26,49.44,23.07,"330",23225,"8755010203",NA,NA,0,0,NA,NA,NA,0,0,NA
"639","2022-09-10T17:27:00Z","20220202023","2022","0202","023","161979","Sockeye Salmon","Oncorhynchus nerka","J",NA,2,143,"400601","03",NA,23,2022,NA,"S","Can Trawl 400 headrope, 601 sidewalls","2022-09-10T16:57:00Z",62.99,-166.95,"2022-09-10T17:27:00Z",62.99,-166.88,NA,26,49.44,23.07,"330",23240,"8755010205",NA,NA,0,0,NA,NA,NA,0,0,NA
"640","2022-09-10T17:27:00Z","20220202023","2022","0202","023","161980","Chinook Salmon","Oncorhynchus tshawytscha","J",NA,13,1679,"400601","03",NA,23,2022,NA,"S","Can Trawl 400 headrope, 601 sidewalls","2022-09-10T16:57:00Z",62.99,-166.95,"2022-09-10T17:27:00Z",62.99,-166.88,NA,26,49.44,23.07,"330",23220,"8755010206",NA,NA,0,0,NA,NA,NA,0,0,NA
"641","2022-09-10T17:27:00Z","20220202023","2022","0202","023","162041","Rainbow Smelt","Osmerus mordax dentex","U",NA,1,28,"400601","03",NA,23,2022,NA,"S","Can Trawl 400 headrope, 601 sidewalls","2022-09-10T16:57:00Z",62.99,-166.95,"2022-09-10T17:27:00Z",62.99,-166.88,NA,26,49.44,23.07,"330",23055,"8755030302",NA,NA,0,0,NA,NA,NA,0,0,NA
"642","2022-09-10T17:27:00Z","20220202023","2022","0202","023","167220","Crested Sculpin","Blepsias bilobus","U",NA,1,20,"400601","03",NA,23,2022,NA,"S","Can Trawl 400 headrope, 601 sidewalls","2022-09-10T16:57:00Z",62.99,-166.95,"2022-09-10T17:27:00Z",62.99,-166.88,NA,26,49.44,23.07,"330",21397,"8831020601",NA,NA,0,0,NA,NA,NA,0,0,NA
"643","2022-09-10T17:27:00Z","20220202023","2022","0202","023","172893","Starry Flounder","Platichthys stellatus","U",NA,8,1990,"400601","03",NA,23,2022,NA,"S","Can Trawl 400 headrope, 601 sidewalls","2022-09-10T16:57:00Z",62.99,-166.95,"2022-09-10T17:27:00Z",62.99,-166.88,NA,26,49.44,23.07,"330",10220,"8857041401",NA,NA,0,0,NA,NA,NA,0,0,NA
"644","2022-09-10T17:27:00Z","20220202023","2022","0202","023","551209","Pacific Herring","Clupea pallasi","A0",NA,11401.9,10261.7,"400601","03",NA,23,2022,NA,"S","Can Trawl 400 headrope, 601 sidewalls","2022-09-10T16:57:00Z",62.99,-166.95,"2022-09-10T17:27:00Z",62.99,-166.88,NA,26,49.44,23.07,"330",21110,"8747010201","BAKER AND GLASS FROM NON SUB ",NA,0,0,NA,NA,NA,0,0,NA
"645","2022-09-10T17:27:00Z","20220202023","2022","0202","023","551209","Pacific Herring","Clupea pallasi","A1+",NA,66,2790,"400601","03",NA,23,2022,NA,"S","Can Trawl 400 headrope, 601 sidewalls","2022-09-10T16:57:00Z",62.99,-166.95,"2022-09-10T17:27:00Z",62.99,-166.88,NA,26,49.44,23.07,"330",21110,"8747010201",NA,NA,0,0,NA,NA,NA,0,0,NA
"646","2022-09-10T17:27:00Z","20220202023","2022","0202","023","934083","Pollock","Gadus chalcogrammus","A0",NA,41.71,20.9,"400601","03",NA,23,2022,NA,"S","Can Trawl 400 headrope, 601 sidewalls","2022-09-10T16:57:00Z",62.99,-166.95,"2022-09-10T17:27:00Z",62.99,-166.88,NA,26,49.44,23.07,"330",21740,"8791030701",NA,NA,0,0,NA,NA,NA,0,0,NA
"647","2022-09-10T17:27:00Z","20220202023","2022","0202","023","934083","Pollock","Gadus chalcogrammus","A1+",NA,8,211,"400601","03",NA,23,2022,NA,"S","Can Trawl 400 headrope, 601 sidewalls","2022-09-10T16:57:00Z",62.99,-166.95,"2022-09-10T17:27:00Z",62.99,-166.88,NA,26,49.44,23.07,"330",21740,"8791030701",NA,NA,0,0,NA,NA,NA,0,0,NA
"648","2022-09-10T22:04:00Z","20220202024","2022","0202","024","51671","Cyanea capillata","Cyanea capillata","U",NA,1,910,"400601","03",NA,24,2022,NA,"S","Can Trawl 400 headrope, 601 sidewalls","2022-09-10T21:34:00Z",62.49,-167.03,"2022-09-10T22:04:00Z",62.49,-167.11,NA,35,49.51,22.54,"330",40561,NA,NA,NA,0,0,NA,NA,NA,0,0,NA
"649","2022-09-10T22:04:00Z","20220202024","2022","0202","024","97110","Sevenspine bay shrimp","Crangon septemspinosa","U",NA,1500,1057.4,"400601","03",NA,24,2022,NA,"S","Can Trawl 400 headrope, 601 sidewalls","2022-09-10T21:34:00Z",62.49,-167.03,"2022-09-10T22:04:00Z",62.49,-167.11,NA,35,49.51,22.54,"330",NA,"66548",NA,NA,0,0,NA,NA,NA,0,0,NA
"650","2022-09-10T22:04:00Z","20220202024","2022","0202","024","161975","Pink Salmon","Oncorhynchus gorbuscha","J",NA,7,66,"400601","03",NA,24,2022,NA,"S","Can Trawl 400 headrope, 601 sidewalls","2022-09-10T21:34:00Z",62.49,-167.03,"2022-09-10T22:04:00Z",62.49,-167.11,NA,35,49.51,22.54,"330",23230,"8755010201",NA,NA,0,0,NA,NA,NA,0,0,NA
"651","2022-09-10T22:04:00Z","20220202024","2022","0202","024","161976","Chum Salmon","Oncorhynchus keta","J",NA,0,489,"400601","03",NA,24,2022,NA,"S","Can Trawl 400 headrope, 601 sidewalls","2022-09-10T21:34:00Z",62.49,-167.03,"2022-09-10T22:04:00Z",62.49,-167.11,NA,35,49.51,22.54,"330",23235,"8755010202",NA,NA,0,0,NA,NA,NA,0,0,NA
"652","2022-09-10T22:04:00Z","20220202024","2022","0202","024","161980","Chinook Salmon","Oncorhynchus tshawytscha","J",NA,2,236,"400601","03",NA,24,2022,NA,"S","Can Trawl 400 headrope, 601 sidewalls","2022-09-10T21:34:00Z",62.49,-167.03,"2022-09-10T22:04:00Z",62.49,-167.11,NA,35,49.51,22.54,"330",23220,"8755010206",NA,NA,0,0,NA,NA,NA,0,0,NA
"653","2022-09-10T22:04:00Z","20220202024","2022","0202","024","172893","Starry Flounder","Platichthys stellatus","U",NA,3,860,"400601","03",NA,24,2022,NA,"S","Can Trawl 400 headrope, 601 sidewalls","2022-09-10T21:34:00Z",62.49,-167.03,"2022-09-10T22:04:00Z",62.49,-167.11,NA,35,49.51,22.54,"330",10220,"8857041401",NA,NA,0,0,NA,NA,NA,0,0,NA
"654","2022-09-10T22:04:00Z","20220202024","2022","0202","024","551209","Pacific Herring","Clupea pallasi","A0",NA,8252.86,12049.2,"400601","03",NA,24,2022,NA,"S","Can Trawl 400 headrope, 601 sidewalls","2022-09-10T21:34:00Z",62.49,-167.03,"2022-09-10T22:04:00Z",62.49,-167.11,NA,35,49.51,22.54,"330",21110,"8747010201","NONSUB TO GLASS AND BAKER ",NA,0,0,NA,NA,NA,0,0,NA
"655","2022-09-10T22:04:00Z","20220202024","2022","0202","024","551209","Pacific Herring","Clupea pallasi","A1+",NA,5,176,"400601","03",NA,24,2022,NA,"S","Can Trawl 400 headrope, 601 sidewalls","2022-09-10T21:34:00Z",62.49,-167.03,"2022-09-10T22:04:00Z",62.49,-167.11,NA,35,49.51,22.54,"330",21110,"8747010201",NA,NA,0,0,NA,NA,NA,0,0,NA
"656","2022-09-11T02:03:00Z","20220202025","2022","0202","025","51641","Northern Sea Nettle","Chrysaora melanaster","U",NA,0,10950,"400601","03",NA,25,2022,NA,"S","Can Trawl 400 headrope, 601 sidewalls","2022-09-11T01:33:00Z",62.5,-167.95,"2022-09-11T02:03:00Z",62.51,-167.88,NA,30,49.56,23.56,"330",40504,NA,NA,NA,0,0,NA,NA,NA,0,0,NA
"657","2022-09-11T02:03:00Z","20220202025","2022","0202","025","51671","Cyanea capillata","Cyanea capillata","U",NA,0,17480,"400601","03",NA,25,2022,NA,"S","Can Trawl 400 headrope, 601 sidewalls","2022-09-11T01:33:00Z",62.5,-167.95,"2022-09-11T02:03:00Z",62.51,-167.88,NA,30,49.56,23.56,"330",40561,NA,NA,NA,0,0,NA,NA,NA,0,0,NA
"658","2022-09-11T02:03:00Z","20220202025","2022","0202","025","161976","Chum Salmon","Oncorhynchus keta","IM",NA,1,4160,"400601","03",NA,25,2022,NA,"S","Can Trawl 400 headrope, 601 sidewalls","2022-09-11T01:33:00Z",62.5,-167.95,"2022-09-11T02:03:00Z",62.51,-167.88,NA,30,49.56,23.56,"330",23235,"8755010202",NA,NA,0,0,NA,NA,NA,0,0,NA
"659","2022-09-11T02:03:00Z","20220202025","2022","0202","025","161980","Chinook Salmon","Oncorhynchus tshawytscha","IM",NA,2,6710,"400601","03",NA,25,2022,NA,"S","Can Trawl 400 headrope, 601 sidewalls","2022-09-11T01:33:00Z",62.5,-167.95,"2022-09-11T02:03:00Z",62.51,-167.88,NA,30,49.56,23.56,"330",23220,"8755010206",NA,NA,0,0,NA,NA,NA,0,0,NA
"660","2022-09-11T02:03:00Z","20220202025","2022","0202","025","162035","Capelin","Mallotus villosus","U",NA,952.8,8706,"400601","03",NA,25,2022,NA,"S","Can Trawl 400 headrope, 601 sidewalls","2022-09-11T01:33:00Z",62.5,-167.95,"2022-09-11T02:03:00Z",62.51,-167.88,NA,30,49.56,23.56,"330",23041,"8755030201",NA,NA,0,0,NA,NA,NA,0,0,NA
"661","2022-09-11T02:03:00Z","20220202025","2022","0202","025","172911","Longhead Dab","Limanda proboscidea","L",NA,1,1,"400601","03",NA,25,2022,NA,"S","Can Trawl 400 headrope, 601 sidewalls","2022-09-11T01:33:00Z",62.5,-167.95,"2022-09-11T02:03:00Z",62.51,-167.88,NA,30,49.56,23.56,"330",10211,"8857041507",NA,NA,0,0,NA,NA,NA,0,0,NA
"662","2022-09-11T02:03:00Z","20220202025","2022","0202","025","551209","Pacific Herring","Clupea pallasi","A1+",NA,147.97,14620,"400601","03",NA,25,2022,NA,"S","Can Trawl 400 headrope, 601 sidewalls","2022-09-11T01:33:00Z",62.5,-167.95,"2022-09-11T02:03:00Z",62.51,-167.88,NA,30,49.56,23.56,"330",21110,"8747010201",NA,NA,0,0,NA,NA,NA,0,0,NA
"663","2022-09-11T02:03:00Z","20220202025","2022","0202","025","934083","Pollock","Gadus chalcogrammus","A0",NA,9,34,"400601","03",NA,25,2022,NA,"S","Can Trawl 400 headrope, 601 sidewalls","2022-09-11T01:33:00Z",62.5,-167.95,"2022-09-11T02:03:00Z",62.51,-167.88,NA,30,49.56,23.56,"330",21740,"8791030701",NA,NA,0,0,NA,NA,NA,0,0,NA
"664","2022-08-20T18:50:00Z","20220308005","2022","0308","005","172907","Yellowfin Sole","Limanda aspera","U",NA,2,894,"NETS156","05","Bering Sea",5,2022,"56.5-162","O","NETS Pelagic Trawl","2022-08-20T18:50:00Z",56.5,-161.96,"2022-08-20T18:50:00Z",56.5,-161.96,NA,69,NA,NA,NA,10210,"8857041505",NA,"2022-08-20T18:50:00Z",56.5,56.5,NA,NA,NA,0,0,NA
"665","2022-08-20T18:50:00Z","20220308005","2022","0308","005","556311","Long Fin Squid","Gonatus kamtschaticus","U",NA,1,14,"NETS156","05","Bering Sea",5,2022,"56.5-162","O","NETS Pelagic Trawl","2022-08-20T18:50:00Z",56.5,-161.96,"2022-08-20T18:50:00Z",56.5,-161.96,NA,69,NA,NA,NA,79206,NA,NA,"2022-08-20T18:50:00Z",56.5,56.5,NA,NA,NA,0,0,NA
"666","2022-08-20T18:50:00Z","20220308005","2022","0308","005","934083","Pollock","Gadus chalcogrammus","A1+",NA,1,350,"NETS156","05","Bering Sea",5,2022,"56.5-162","O","NETS Pelagic Trawl","2022-08-20T18:50:00Z",56.5,-161.96,"2022-08-20T18:50:00Z",56.5,-161.96,NA,69,NA,NA,NA,21740,"8791030701",NA,"2022-08-20T18:50:00Z",56.5,56.5,NA,NA,NA,0,0,NA
"667","2022-08-20T18:50:00Z","20220308005","2022","0308","005","934083","Pollock","Gadus chalcogrammus","U",NA,14946,13170.64,"NETS156","05","Bering Sea",5,2022,"56.5-162","O","NETS Pelagic Trawl","2022-08-20T18:50:00Z",56.5,-161.96,"2022-08-20T18:50:00Z",56.5,-161.96,NA,69,NA,NA,NA,21740,"8791030701",NA,"2022-08-20T18:50:00Z",56.5,56.5,NA,NA,NA,0,0,NA
"668","2022-08-20T21:31:00Z","20220308005","2022","0308","005","50513","Staurophora mertensi","Staurophora mertensi","U",NA,0,887.08,"400601","06","Bering Sea",5,2022,"56.5-162","S","Can Trawl 400 headrope, 601 sidewalls","2022-08-20T21:01:00Z",56.5,-162.02,"2022-08-20T21:31:00Z",56.5,-161.97,NA,62,55.5,23,"180",NA,"40562",NA,"2022-08-20T20:56:00Z",56.5,56.5,NA,NA,NA,0,0,NA
"669","2022-08-20T21:31:00Z","20220308005","2022","0308","005","50623","Aequorea  sp.","Aequorea sp.","U",NA,0,15025.06,"400601","06","Bering Sea",5,2022,"56.5-162","S","Can Trawl 400 headrope, 601 sidewalls","2022-08-20T21:01:00Z",56.5,-162.02,"2022-08-20T21:31:00Z",56.5,-161.97,NA,62,55.5,23,"180",40506,NA,NA,"2022-08-20T20:56:00Z",56.5,56.5,NA,NA,NA,0,0,NA
"670","2022-08-20T21:31:00Z","20220308005","2022","0308","005","51641","Northern Sea Nettle","Chrysaora melanaster","U",NA,166,108860,"400601","06","Bering Sea",5,2022,"56.5-162","S","Can Trawl 400 headrope, 601 sidewalls","2022-08-20T21:01:00Z",56.5,-162.02,"2022-08-20T21:31:00Z",56.5,-161.97,NA,62,55.5,23,"180",40504,NA,NA,"2022-08-20T20:56:00Z",56.5,56.5,NA,NA,NA,0,0,NA
"671","2022-08-20T21:31:00Z","20220308005","2022","0308","005","51671","Cyanea capillata","Cyanea capillata","U",NA,8,1410,"400601","06","Bering Sea",5,2022,"56.5-162","S","Can Trawl 400 headrope, 601 sidewalls","2022-08-20T21:01:00Z",56.5,-162.02,"2022-08-20T21:31:00Z",56.5,-161.97,NA,62,55.5,23,"180",40561,NA,NA,"2022-08-20T20:56:00Z",56.5,56.5,NA,NA,NA,0,0,NA
"672","2022-08-20T21:31:00Z","20220308005","2022","0308","005","51700","Aurelia sp.","Aurelia sp.","U",NA,0,29,"400601","06","Bering Sea",5,2022,"56.5-162","S","Can Trawl 400 headrope, 601 sidewalls","2022-08-20T21:01:00Z",56.5,-162.02,"2022-08-20T21:31:00Z",56.5,-161.97,NA,62,55.5,23,"180",40511,NA,NA,"2022-08-20T20:56:00Z",56.5,56.5,NA,NA,NA,0,0,NA
"673","2022-08-20T21:31:00Z","20220308005","2022","0308","005","161977","Coho Salmon","Oncorhynchus kisutch","U",NA,1,3080,"400601","06","Bering Sea",5,2022,"56.5-162","S","Can Trawl 400 headrope, 601 sidewalls","2022-08-20T21:01:00Z",56.5,-162.02,"2022-08-20T21:31:00Z",56.5,-161.97,NA,62,55.5,23,"180",23225,"8755010203",NA,"2022-08-20T20:56:00Z",56.5,56.5,NA,NA,NA,0,0,NA
"674","2022-08-20T21:31:00Z","20220308005","2022","0308","005","161979","Sockeye Salmon","Oncorhynchus nerka","J",NA,58,1682,"400601","06","Bering Sea",5,2022,"56.5-162","S","Can Trawl 400 headrope, 601 sidewalls","2022-08-20T21:01:00Z",56.5,-162.02,"2022-08-20T21:31:00Z",56.5,-161.97,NA,62,55.5,23,"180",23240,"8755010205",NA,"2022-08-20T20:56:00Z",56.5,56.5,NA,NA,NA,0,0,NA
"675","2022-08-20T21:31:00Z","20220308005","2022","0308","005","164711","Pacific Cod","Gadus macrocephalus","A0",NA,58,296.62,"400601","06","Bering Sea",5,2022,"56.5-162","S","Can Trawl 400 headrope, 601 sidewalls","2022-08-20T21:01:00Z",56.5,-162.02,"2022-08-20T21:31:00Z",56.5,-161.97,NA,62,55.5,23,"180",21720,"8791030401",NA,"2022-08-20T20:56:00Z",56.5,56.5,NA,NA,NA,0,0,NA
"676","2022-08-20T21:31:00Z","20220308005","2022","0308","005","166365","Threespine stickleback","Gasterosteus aculeatus","U",NA,2,6,"400601","06","Bering Sea",5,2022,"56.5-162","S","Can Trawl 400 headrope, 601 sidewalls","2022-08-20T21:01:00Z",56.5,-162.02,"2022-08-20T21:31:00Z",56.5,-161.97,NA,62,55.5,23,"180",21752,"8818010101",NA,"2022-08-20T20:56:00Z",56.5,56.5,NA,NA,NA,0,0,NA
"677","2022-08-20T21:31:00Z","20220308005","2022","0308","005","171659","Prowfish","Zaprora silenus","U",NA,2,12,"400601","06","Bering Sea",5,2022,"56.5-162","S","Can Trawl 400 headrope, 601 sidewalls","2022-08-20T21:01:00Z",56.5,-162.02,"2022-08-20T21:31:00Z",56.5,-161.97,NA,62,55.5,23,"180",24001,"8842150101",NA,"2022-08-20T20:56:00Z",56.5,56.5,NA,NA,NA,0,0,NA
"678","2022-08-20T21:31:00Z","20220308005","2022","0308","005","934083","Pollock","Gadus chalcogrammus","U",NA,5357,4928.88,"400601","06","Bering Sea",5,2022,"56.5-162","S","Can Trawl 400 headrope, 601 sidewalls","2022-08-20T21:01:00Z",56.5,-162.02,"2022-08-20T21:31:00Z",56.5,-161.97,NA,62,55.5,23,"180",21740,"8791030701",NA,"2022-08-20T20:56:00Z",56.5,56.5,NA,NA,NA,0,0,NA
"679","2022-08-21T03:35:00Z","20220308006","2022","0308","006","50513","Staurophora mertensi","Staurophora mertensi","U",NA,0,17438.5,"NETS156","02","Bering Sea",6,2022,"57-163","O","NETS Pelagic Trawl","2022-08-21T03:35:00Z",57.03,-163.08,"2022-08-21T03:35:00Z",57.03,-163.08,NA,63,15,8.5,"130",NA,"40562",NA,"2022-08-21T03:30:00Z",57.03,57.03,NA,NA,NA,0,0,NA
"680","2021-08-20T17:18:00Z","20210201001","2021","0201","001","51641","Northern Sea Nettle","Chrysaora melanaster","U",NA,1,31,"400601","04","Bering Sea",1,2021,NA,"S","Can Trawl 400 headrope, 601 sidewalls","2021-08-20T16:47:00Z",59.99,-168.03,"2021-08-20T17:18:00Z",59.99,-168.11,NA,21,50.46,18.83,NA,40504,NA,NA,NA,0,0,NA,NA,NA,0,0,NA
"681","2021-08-20T17:18:00Z","20210201001","2021","0201","001","161980","Chinook Salmon","Oncorhynchus tshawytscha","J",NA,1,221,"400601","04","Bering Sea",1,2021,NA,"S","Can Trawl 400 headrope, 601 sidewalls","2021-08-20T16:47:00Z",59.99,-168.03,"2021-08-20T17:18:00Z",59.99,-168.11,NA,21,50.46,18.83,NA,23220,"8755010206",NA,NA,0,0,NA,NA,NA,0,0,NA
"682","2021-08-20T17:18:00Z","20210201001","2021","0201","001","166387","Nine-spine Stickleback","Pungitius pungitius","A0",NA,1,5,"400601","04","Bering Sea",1,2021,NA,"S","Can Trawl 400 headrope, 601 sidewalls","2021-08-20T16:47:00Z",59.99,-168.03,"2021-08-20T17:18:00Z",59.99,-168.11,NA,21,50.46,18.83,NA,21753,"8818010201",NA,NA,0,0,NA,NA,NA,0,0,NA
"683","2021-08-20T17:18:00Z","20210201001","2021","0201","001","171672","Arctic Sand Lance","Ammodytes hexapterus","U",NA,2,4,"400601","04","Bering Sea",1,2021,NA,"S","Can Trawl 400 headrope, 601 sidewalls","2021-08-20T16:47:00Z",59.99,-168.03,"2021-08-20T17:18:00Z",59.99,-168.11,NA,21,50.46,18.83,NA,20203,"8845010101",NA,NA,0,0,NA,NA,NA,0,0,NA
"684","2021-08-20T17:18:00Z","20210201001","2021","0201","001","172907","Yellowfin Sole","Limanda aspera","U",NA,1,329,"400601","04","Bering Sea",1,2021,NA,"S","Can Trawl 400 headrope, 601 sidewalls","2021-08-20T16:47:00Z",59.99,-168.03,"2021-08-20T17:18:00Z",59.99,-168.11,NA,21,50.46,18.83,NA,10210,"8857041505",NA,NA,0,0,NA,NA,NA,0,0,NA
"685","2021-08-20T17:18:00Z","20210201001","2021","0201","001","934083","Pollock","Gadus chalcogrammus","A0",NA,5243.84,2341,"400601","04","Bering Sea",1,2021,NA,"S","Can Trawl 400 headrope, 601 sidewalls","2021-08-20T16:47:00Z",59.99,-168.03,"2021-08-20T17:18:00Z",59.99,-168.11,NA,21,50.46,18.83,NA,21740,"8791030701",NA,NA,0,0,NA,NA,NA,0,0,NA
"686","2021-08-20T17:18:00Z","20210201001","2021","0201","001","934083","Pollock","Gadus chalcogrammus","A1+",NA,3,2244,"400601","04","Bering Sea",1,2021,NA,"S","Can Trawl 400 headrope, 601 sidewalls","2021-08-20T16:47:00Z",59.99,-168.03,"2021-08-20T17:18:00Z",59.99,-168.11,NA,21,50.46,18.83,NA,21740,"8791030701",NA,NA,0,0,NA,NA,NA,0,0,NA
"687","2021-08-20T21:20:00Z","20210201002","2021","0201","002","51669","Cyanea sp.","Cyanea sp.","U",NA,1,380,"400601","04","Bering Sea",2,2021,NA,"S","Can Trawl 400 headrope, 601 sidewalls","2021-08-20T20:50:00Z",59.99,-169.02,"2021-08-20T21:20:00Z",59.99,-169.1,NA,41,50.5,14.5,"330",40560,NA,NA,NA,0,0,NA,NA,NA,0,0,NA
"688","2021-08-20T21:20:00Z","20210201002","2021","0201","002","161976","Chum Salmon","Oncorhynchus keta","IM",NA,1,5920,"400601","04","Bering Sea",2,2021,NA,"S","Can Trawl 400 headrope, 601 sidewalls","2021-08-20T20:50:00Z",59.99,-169.02,"2021-08-20T21:20:00Z",59.99,-169.1,NA,41,50.5,14.5,"330",23235,"8755010202",NA,NA,0,0,NA,NA,NA,0,0,NA
"689","2021-08-20T21:20:00Z","20210201002","2021","0201","002","161980","Chinook Salmon","Oncorhynchus tshawytscha","IM",NA,1,570,"400601","04","Bering Sea",2,2021,NA,"S","Can Trawl 400 headrope, 601 sidewalls","2021-08-20T20:50:00Z",59.99,-169.02,"2021-08-20T21:20:00Z",59.99,-169.1,NA,41,50.5,14.5,"330",23220,"8755010206",NA,NA,0,0,NA,NA,NA,0,0,NA
"690","2021-08-20T21:20:00Z","20210201002","2021","0201","002","934083","Pollock","Gadus chalcogrammus","A0",NA,2489.39,1643,"400601","04","Bering Sea",2,2021,NA,"S","Can Trawl 400 headrope, 601 sidewalls","2021-08-20T20:50:00Z",59.99,-169.02,"2021-08-20T21:20:00Z",59.99,-169.1,NA,41,50.5,14.5,"330",21740,"8791030701",NA,NA,0,0,NA,NA,NA,0,0,NA
"691","2021-08-20T21:20:00Z","20210201002","2021","0201","002","934083","Pollock","Gadus chalcogrammus","A1+",NA,2,1630,"400601","04","Bering Sea",2,2021,NA,"S","Can Trawl 400 headrope, 601 sidewalls","2021-08-20T20:50:00Z",59.99,-169.02,"2021-08-20T21:20:00Z",59.99,-169.1,NA,41,50.5,14.5,"330",21740,"8791030701",NA,NA,0,0,NA,NA,NA,0,0,NA
"692","2021-08-21T02:17:00Z","20210201003","2021","0201","003","51641","Northern Sea Nettle","Chrysaora melanaster","U",NA,10.28,13280,"400601","06","Bering Sea",3,2021,NA,"S","Can Trawl 400 headrope, 601 sidewalls","2021-08-21T01:47:00Z",59.99,-170,"2021-08-21T02:17:00Z",59.99,-170.06,NA,55,50.88,21.36,"330",40504,NA,NA,NA,0,0,NA,NA,NA,0,0,NA
"693","2021-08-21T02:17:00Z","20210201003","2021","0201","003","161980","Chinook Salmon","Oncorhynchus tshawytscha","IM",NA,1,490,"400601","06","Bering Sea",3,2021,NA,"S","Can Trawl 400 headrope, 601 sidewalls","2021-08-21T01:47:00Z",59.99,-170,"2021-08-21T02:17:00Z",59.99,-170.06,NA,55,50.88,21.36,"330",23220,"8755010206",NA,NA,0,0,NA,NA,NA,0,0,NA
"694","2021-08-21T02:17:00Z","20210201003","2021","0201","003","166387","Nine-spine Stickleback","Pungitius pungitius","A0",NA,41,356,"400601","06","Bering Sea",3,2021,NA,"S","Can Trawl 400 headrope, 601 sidewalls","2021-08-21T01:47:00Z",59.99,-170,"2021-08-21T02:17:00Z",59.99,-170.06,NA,55,50.88,21.36,"330",21753,"8818010201",NA,NA,0,0,NA,NA,NA,0,0,NA
"695","2021-08-21T02:17:00Z","20210201003","2021","0201","003","934083","Pollock","Gadus chalcogrammus","A0",NA,5511.69,7457,"400601","06","Bering Sea",3,2021,NA,"S","Can Trawl 400 headrope, 601 sidewalls","2021-08-21T01:47:00Z",59.99,-170,"2021-08-21T02:17:00Z",59.99,-170.06,NA,55,50.88,21.36,"330",21740,"8791030701",NA,NA,0,0,NA,NA,NA,0,0,NA
"696","2021-08-21T02:17:00Z","20210201003","2021","0201","003","934083","Pollock","Gadus chalcogrammus","A1+",NA,2,620,"400601","06","Bering Sea",3,2021,NA,"S","Can Trawl 400 headrope, 601 sidewalls","2021-08-21T01:47:00Z",59.99,-170,"2021-08-21T02:17:00Z",59.99,-170.06,NA,55,50.88,21.36,"330",21740,"8791030701",NA,NA,0,0,NA,NA,NA,0,0,NA
"697","2021-08-31T17:21:00Z","20210201004","2021","0201","004","161976","Chum Salmon","Oncorhynchus keta","IM",NA,2,8400,"400601","04","Bering Sea",4,2021,NA,"S","Can Trawl 400 headrope, 601 sidewalls","2021-08-31T16:50:00Z",60,-170.97,"2021-08-31T17:21:00Z",60.02,-170.93,NA,68,50.18,19.29,"330",23235,"8755010202",NA,NA,0,0,NA,NA,NA,0,0,NA
"698","2021-08-31T17:21:00Z","20210201004","2021","0201","004","161979","Sockeye Salmon","Oncorhynchus nerka","IM",NA,4,2470,"400601","04","Bering Sea",4,2021,NA,"S","Can Trawl 400 headrope, 601 sidewalls","2021-08-31T16:50:00Z",60,-170.97,"2021-08-31T17:21:00Z",60.02,-170.93,NA,68,50.18,19.29,"330",23240,"8755010205",NA,NA,0,0,NA,NA,NA,0,0,NA
"699","2023-08-30T22:31:00Z","20230201002","2023","0201","002","51641","Northern Sea Nettle","Chrysaora melanaster","U","TC",0,2050,"400601","05","Bering Sea",2,2023,"60-169","S","Can Trawl 400 headrope, 601 sidewalls","2023-08-30T22:01:00Z",60,-169.02,"2023-08-30T22:31:00Z",60.01,-169.09,NA,36,54.27,20.27,"330",40504,NA,NA,NA,0,0,NA,NA,NA,0,0,NA
"700","2023-08-30T22:31:00Z","20230201002","2023","0201","002","161979","Sockeye Salmon","Oncorhynchus nerka","IM","TC",1,900,"400601","05","Bering Sea",2,2023,"60-169","S","Can Trawl 400 headrope, 601 sidewalls","2023-08-30T22:01:00Z",60,-169.02,"2023-08-30T22:31:00Z",60.01,-169.09,NA,36,54.27,20.27,"330",23240,"8755010205",NA,NA,0,0,NA,NA,NA,0,0,NA
"701","2023-08-30T22:31:00Z","20230201002","2023","0201","002","162035","Capelin","Mallotus villosus","U","TC",58,389,"400601","05","Bering Sea",2,2023,"60-169","S","Can Trawl 400 headrope, 601 sidewalls","2023-08-30T22:01:00Z",60,-169.02,"2023-08-30T22:31:00Z",60.01,-169.09,NA,36,54.27,20.27,"330",23041,"8755030201",NA,NA,0,0,NA,NA,NA,0,0,NA
"702","2023-08-30T22:31:00Z","20230201002","2023","0201","002","164711","Pacific Cod","Gadus macrocephalus","A0","TC",1,1,"400601","05","Bering Sea",2,2023,"60-169","S","Can Trawl 400 headrope, 601 sidewalls","2023-08-30T22:01:00Z",60,-169.02,"2023-08-30T22:31:00Z",60.01,-169.09,NA,36,54.27,20.27,"330",21720,"8791030401",NA,NA,0,0,NA,NA,NA,0,0,NA
"703","2023-08-30T22:31:00Z","20230201002","2023","0201","002","171337","Bering Wolffish","Anarhichas orientalis","U","TC",3,154,"400601","05","Bering Sea",2,2023,"60-169","S","Can Trawl 400 headrope, 601 sidewalls","2023-08-30T22:01:00Z",60,-169.02,"2023-08-30T22:31:00Z",60.01,-169.09,NA,36,54.27,20.27,"330",20322,"8842020101",NA,NA,0,0,NA,NA,NA,0,0,NA
"704","2023-08-30T22:31:00Z","20230201002","2023","0201","002","551209","Pacific Herring","Clupea pallasi","A1+","TC",1,70,"400601","05","Bering Sea",2,2023,"60-169","S","Can Trawl 400 headrope, 601 sidewalls","2023-08-30T22:01:00Z",60,-169.02,"2023-08-30T22:31:00Z",60.01,-169.09,NA,36,54.27,20.27,"330",21110,"8747010201",NA,NA,0,0,NA,NA,NA,0,0,NA
"705","2023-08-30T22:31:00Z","20230201002","2023","0201","002","934083","Pollock","Gadus chalcogrammus","A0","TC",4892.85,3425,"400601","05","Bering Sea",2,2023,"60-169","S","Can Trawl 400 headrope, 601 sidewalls","2023-08-30T22:01:00Z",60,-169.02,"2023-08-30T22:31:00Z",60.01,-169.09,NA,36,54.27,20.27,"330",21740,"8791030701",NA,NA,0,0,NA,NA,NA,0,0,NA
"706","2023-08-30T22:31:00Z","20230201002","2023","0201","002","934083","Pollock","Gadus chalcogrammus","A1+","TC",5,3830,"400601","05","Bering Sea",2,2023,"60-169","S","Can Trawl 400 headrope, 601 sidewalls","2023-08-30T22:01:00Z",60,-169.02,"2023-08-30T22:31:00Z",60.01,-169.09,NA,36,54.27,20.27,"330",21740,"8791030701",NA,NA,0,0,NA,NA,NA,0,0,NA
"707","2023-08-31T02:41:00Z","20230201003","2023","0201","003","51641","Northern Sea Nettle","Chrysaora melanaster","U","TC",0,3340,"400601","05","Bering Sea",3,2023,"60-170","S","Can Trawl 400 headrope, 601 sidewalls","2023-08-31T02:11:00Z",59.99,-170.01,"2023-08-31T02:41:00Z",59.99,-170.07,NA,49,54.33,23.34,"330",40504,NA,NA,NA,0,0,NA,NA,NA,0,0,NA
"708","2023-08-31T02:41:00Z","20230201003","2023","0201","003","161976","Chum Salmon","Oncorhynchus keta","IM","TC",3,8660,"400601","05","Bering Sea",3,2023,"60-170","S","Can Trawl 400 headrope, 601 sidewalls","2023-08-31T02:11:00Z",59.99,-170.01,"2023-08-31T02:41:00Z",59.99,-170.07,NA,49,54.33,23.34,"330",23235,"8755010202",NA,NA,0,0,NA,NA,NA,0,0,NA
"709","2023-08-31T02:41:00Z","20230201003","2023","0201","003","161980","Chinook Salmon","Oncorhynchus tshawytscha","J","TC",1,133,"400601","05","Bering Sea",3,2023,"60-170","S","Can Trawl 400 headrope, 601 sidewalls","2023-08-31T02:11:00Z",59.99,-170.01,"2023-08-31T02:41:00Z",59.99,-170.07,NA,49,54.33,23.34,"330",23220,"8755010206",NA,NA,0,0,NA,NA,NA,0,0,NA
"710","2023-08-31T02:41:00Z","20230201003","2023","0201","003","162035","Capelin","Mallotus villosus","U","SC",1331.4,11434.4,"400601","05","Bering Sea",3,2023,"60-170","S","Can Trawl 400 headrope, 601 sidewalls","2023-08-31T02:11:00Z",59.99,-170.01,"2023-08-31T02:41:00Z",59.99,-170.07,NA,49,54.33,23.34,"330",23041,"8755030201",NA,NA,0,0,NA,NA,NA,0,0,NA
"711","2023-08-31T02:41:00Z","20230201003","2023","0201","003","164711","Pacific Cod","Gadus macrocephalus","A0","TC",6,45,"400601","05","Bering Sea",3,2023,"60-170","S","Can Trawl 400 headrope, 601 sidewalls","2023-08-31T02:11:00Z",59.99,-170.01,"2023-08-31T02:41:00Z",59.99,-170.07,NA,49,54.33,23.34,"330",21720,"8791030401",NA,NA,0,0,NA,NA,NA,0,0,NA
"712","2023-09-11T02:08:00Z","20230201031","2023","0201","031","166365","Threespine stickleback","Gasterosteus aculeatus","U","TC",2,13,"400601","05","Bering Sea",31,2023,"63-166","S","Can Trawl 400 headrope, 601 sidewalls","2023-09-11T01:38:00Z",63.01,-166,"2023-09-11T02:08:00Z",63.05,-166,NA,16,51,18.2,"330",21752,"8818010101",NA,NA,0,0,NA,NA,NA,0,0,NA
"713","2023-09-11T02:08:00Z","20230201031","2023","0201","031","166387","Nine-spine Stickleback","Pungitius pungitius","U","TC",3,3,"400601","05","Bering Sea",31,2023,"63-166","S","Can Trawl 400 headrope, 601 sidewalls","2023-09-11T01:38:00Z",63.01,-166,"2023-09-11T02:08:00Z",63.05,-166,NA,16,51,18.2,"330",21753,"8818010201",NA,NA,0,0,NA,NA,NA,0,0,NA
"714","2023-09-11T02:08:00Z","20230201031","2023","0201","031","171337","Bering Wolffish","Anarhichas orientalis","U","TC",1,37,"400601","05","Bering Sea",31,2023,"63-166","S","Can Trawl 400 headrope, 601 sidewalls","2023-09-11T01:38:00Z",63.01,-166,"2023-09-11T02:08:00Z",63.05,-166,NA,16,51,18.2,"330",20322,"8842020101",NA,NA,0,0,NA,NA,NA,0,0,NA
"715","2023-09-11T02:08:00Z","20230201031","2023","0201","031","171672","Arctic Sand Lance","Ammodytes hexapterus","U","TC",1,16,"400601","05","Bering Sea",31,2023,"63-166","S","Can Trawl 400 headrope, 601 sidewalls","2023-09-11T01:38:00Z",63.01,-166,"2023-09-11T02:08:00Z",63.05,-166,NA,16,51,18.2,"330",20203,"8845010101",NA,NA,0,0,NA,NA,NA,0,0,NA
"716","2023-09-11T02:08:00Z","20230201031","2023","0201","031","172893","Starry Flounder","Platichthys stellatus","U","TC",2,416,"400601","05","Bering Sea",31,2023,"63-166","S","Can Trawl 400 headrope, 601 sidewalls","2023-09-11T01:38:00Z",63.01,-166,"2023-09-11T02:08:00Z",63.05,-166,NA,16,51,18.2,"330",10220,"8857041401",NA,NA,0,0,NA,NA,NA,0,0,NA
"717","2023-09-11T02:08:00Z","20230201031","2023","0201","031","172930","Greenland Halibut","Reinhardtius hippoglossoides","U","TC",1,2,"400601","05","Bering Sea",31,2023,"63-166","S","Can Trawl 400 headrope, 601 sidewalls","2023-09-11T01:38:00Z",63.01,-166,"2023-09-11T02:08:00Z",63.05,-166,NA,16,51,18.2,"330",10115,"8857041801",NA,NA,0,0,NA,NA,NA,0,0,NA
"718","2023-09-11T02:08:00Z","20230201031","2023","0201","031","551209","Pacific Herring","Clupea pallasi","A1+","TC",1384.8,28167,"400601","05","Bering Sea",31,2023,"63-166","S","Can Trawl 400 headrope, 601 sidewalls","2023-09-11T01:38:00Z",63.01,-166,"2023-09-11T02:08:00Z",63.05,-166,NA,16,51,18.2,"330",21110,"8747010201",NA,NA,0,0,NA,NA,NA,0,0,NA
"719","2023-09-11T02:08:00Z","20230201031","2023","0201","031","622287","Arctic Lamprey","Lethenteron camtschaticum","U","TC",2,105,"400601","05","Bering Sea",31,2023,"63-166","S","Can Trawl 400 headrope, 601 sidewalls","2023-09-11T01:38:00Z",63.01,-166,"2023-09-11T02:08:00Z",63.05,-166,NA,16,51,18.2,"330",NA,"8603010201",NA,NA,0,0,NA,NA,NA,0,0,NA
"720","2023-09-11T17:17:00Z","20230201032","2023","0201","032","51641","Northern Sea Nettle","Chrysaora melanaster","U","TC",58.44,9670,"400601","05","Bering Sea",32,2023,"63.5-166","S","Can Trawl 400 headrope, 601 sidewalls","2023-09-11T16:47:00Z",63.5,-166.03,"2023-09-11T17:17:00Z",63.49,-166.11,NA,20,51.34,22.5,"330",40504,NA,NA,NA,0,0,NA,NA,NA,0,0,NA
"721","2023-09-11T17:17:00Z","20230201032","2023","0201","032","161975","Pink Salmon","Oncorhynchus gorbuscha","J","TC",10,381,"400601","05","Bering Sea",32,2023,"63.5-166","S","Can Trawl 400 headrope, 601 sidewalls","2023-09-11T16:47:00Z",63.5,-166.03,"2023-09-11T17:17:00Z",63.49,-166.11,NA,20,51.34,22.5,"330",23230,"8755010201",NA,NA,0,0,NA,NA,NA,0,0,NA
"722","2023-09-11T17:17:00Z","20230201032","2023","0201","032","161976","Chum Salmon","Oncorhynchus keta","J","TC",9.08,454,"400601","05","Bering Sea",32,2023,"63.5-166","S","Can Trawl 400 headrope, 601 sidewalls","2023-09-11T16:47:00Z",63.5,-166.03,"2023-09-11T17:17:00Z",63.49,-166.11,NA,20,51.34,22.5,"330",23235,"8755010202",NA,NA,0,0,NA,NA,NA,0,0,NA
"723","2023-09-11T17:17:00Z","20230201032","2023","0201","032","161980","Chinook Salmon","Oncorhynchus tshawytscha","J","TC",8,801,"400601","05","Bering Sea",32,2023,"63.5-166","S","Can Trawl 400 headrope, 601 sidewalls","2023-09-11T16:47:00Z",63.5,-166.03,"2023-09-11T17:17:00Z",63.49,-166.11,NA,20,51.34,22.5,"330",23220,"8755010206",NA,NA,0,0,NA,NA,NA,0,0,NA
"724","2023-09-11T17:17:00Z","20230201032","2023","0201","032","162041","Rainbow Smelt","Osmerus mordax dentex","U","TC",31,597,"400601","05","Bering Sea",32,2023,"63.5-166","S","Can Trawl 400 headrope, 601 sidewalls","2023-09-11T16:47:00Z",63.5,-166.03,"2023-09-11T17:17:00Z",63.49,-166.11,NA,20,51.34,22.5,"330",23055,"8755030302",NA,NA,0,0,NA,NA,NA,0,0,NA
"725","2023-09-11T17:17:00Z","20230201032","2023","0201","032","164708","Saffron Cod","Eleginus gracilis","A0","TC",393.64,1921,"400601","05","Bering Sea",32,2023,"63.5-166","S","Can Trawl 400 headrope, 601 sidewalls","2023-09-11T16:47:00Z",63.5,-166.03,"2023-09-11T17:17:00Z",63.49,-166.11,NA,20,51.34,22.5,"330",21735,"8791030301",NA,NA,0,0,NA,NA,NA,0,0,NA
"726","2023-09-11T17:17:00Z","20230201032","2023","0201","032","164708","Saffron Cod","Eleginus gracilis","U","TC",2,104,"400601","05","Bering Sea",32,2023,"63.5-166","S","Can Trawl 400 headrope, 601 sidewalls","2023-09-11T16:47:00Z",63.5,-166.03,"2023-09-11T17:17:00Z",63.49,-166.11,NA,20,51.34,22.5,"330",21735,"8791030301",NA,NA,0,0,NA,NA,NA,0,0,NA
"727","2023-09-11T17:17:00Z","20230201032","2023","0201","032","166365","Threespine stickleback","Gasterosteus aculeatus","U","TC",9,58,"400601","05","Bering Sea",32,2023,"63.5-166","S","Can Trawl 400 headrope, 601 sidewalls","2023-09-11T16:47:00Z",63.5,-166.03,"2023-09-11T17:17:00Z",63.49,-166.11,NA,20,51.34,22.5,"330",21752,"8818010101",NA,NA,0,0,NA,NA,NA,0,0,NA
"728","2023-09-11T17:17:00Z","20230201032","2023","0201","032","171337","Bering Wolffish","Anarhichas orientalis","U","TC",1,40,"400601","05","Bering Sea",32,2023,"63.5-166","S","Can Trawl 400 headrope, 601 sidewalls","2023-09-11T16:47:00Z",63.5,-166.03,"2023-09-11T17:17:00Z",63.49,-166.11,NA,20,51.34,22.5,"330",20322,"8842020101",NA,NA,0,0,NA,NA,NA,0,0,NA
"729","2023-09-11T17:17:00Z","20230201032","2023","0201","032","171672","Arctic Sand Lance","Ammodytes hexapterus","U","TC",3,53,"400601","05","Bering Sea",32,2023,"63.5-166","S","Can Trawl 400 headrope, 601 sidewalls","2023-09-11T16:47:00Z",63.5,-166.03,"2023-09-11T17:17:00Z",63.49,-166.11,NA,20,51.34,22.5,"330",20203,"8845010101",NA,NA,0,0,NA,NA,NA,0,0,NA
"730","2023-09-11T17:17:00Z","20230201032","2023","0201","032","172893","Starry Flounder","Platichthys stellatus","U","TC",4,890,"400601","05","Bering Sea",32,2023,"63.5-166","S","Can Trawl 400 headrope, 601 sidewalls","2023-09-11T16:47:00Z",63.5,-166.03,"2023-09-11T17:17:00Z",63.49,-166.11,NA,20,51.34,22.5,"330",10220,"8857041401",NA,NA,0,0,NA,NA,NA,0,0,NA
"731","2023-09-11T17:17:00Z","20230201032","2023","0201","032","172930","Greenland Halibut","Reinhardtius hippoglossoides","U","TC",1,2,"400601","05","Bering Sea",32,2023,"63.5-166","S","Can Trawl 400 headrope, 601 sidewalls","2023-09-11T16:47:00Z",63.5,-166.03,"2023-09-11T17:17:00Z",63.49,-166.11,NA,20,51.34,22.5,"330",10115,"8857041801",NA,NA,0,0,NA,NA,NA,0,0,NA
"732","2023-09-11T17:17:00Z","20230201032","2023","0201","032","551209","Pacific Herring","Clupea pallasi","A1+","TC",398.04,9561,"400601","05","Bering Sea",32,2023,"63.5-166","S","Can Trawl 400 headrope, 601 sidewalls","2023-09-11T16:47:00Z",63.5,-166.03,"2023-09-11T17:17:00Z",63.49,-166.11,NA,20,51.34,22.5,"330",21110,"8747010201",NA,NA,0,0,NA,NA,NA,0,0,NA
"733","2023-09-11T17:17:00Z","20230201032","2023","0201","032","622287","Arctic Lamprey","Lethenteron camtschaticum","U","TC",1,66,"400601","05","Bering Sea",32,2023,"63.5-166","S","Can Trawl 400 headrope, 601 sidewalls","2023-09-11T16:47:00Z",63.5,-166.03,"2023-09-11T17:17:00Z",63.49,-166.11,NA,20,51.34,22.5,"330",NA,"8603010201",NA,NA,0,0,NA,NA,NA,0,0,NA
"734","2023-09-11T17:17:00Z","20230201032","2023","0201","032","934083","Pollock","Gadus chalcogrammus","A1","TC",2,34,"400601","05","Bering Sea",32,2023,"63.5-166","S","Can Trawl 400 headrope, 601 sidewalls","2023-09-11T16:47:00Z",63.5,-166.03,"2023-09-11T17:17:00Z",63.49,-166.11,NA,20,51.34,22.5,"330",21740,"8791030701",NA,NA,0,0,NA,NA,NA,0,0,NA
"735","2023-09-11T21:05:00Z","20230201033","2023","0201","033","51641","Northern Sea Nettle","Chrysaora melanaster","U","TC",0,824600,"400601","05","Bering Sea",33,2023,"63.5-167","S","Can Trawl 400 headrope, 601 sidewalls","2023-09-11T20:45:00Z",63.49,-167.04,"2023-09-11T21:05:00Z",63.49,-167.09,NA,22,41.5,22.5,"330",40504,NA,NA,NA,0,0,NA,NA,NA,0,0,NA
"736","2023-09-11T21:05:00Z","20230201033","2023","0201","033","82418","Gonatus Squid, unident.","Gonatus","U","TC",2,1,"400601","05","Bering Sea",33,2023,"63.5-167","S","Can Trawl 400 headrope, 601 sidewalls","2023-09-11T20:45:00Z",63.49,-167.04,"2023-09-11T21:05:00Z",63.49,-167.09,NA,22,41.5,22.5,"330",79200,NA,NA,NA,0,0,NA,NA,NA,0,0,NA
"737","2023-09-11T21:05:00Z","20230201033","2023","0201","033","161975","Pink Salmon","Oncorhynchus gorbuscha","J","TC",9,412,"400601","05","Bering Sea",33,2023,"63.5-167","S","Can Trawl 400 headrope, 601 sidewalls","2023-09-11T20:45:00Z",63.49,-167.04,"2023-09-11T21:05:00Z",63.49,-167.09,NA,22,41.5,22.5,"330",23230,"8755010201",NA,NA,0,0,NA,NA,NA,0,0,NA
"738","2023-09-11T21:05:00Z","20230201033","2023","0201","033","161977","Coho Salmon","Oncorhynchus kisutch","J","TC",1,284,"400601","05","Bering Sea",33,2023,"63.5-167","S","Can Trawl 400 headrope, 601 sidewalls","2023-09-11T20:45:00Z",63.49,-167.04,"2023-09-11T21:05:00Z",63.49,-167.09,NA,22,41.5,22.5,"330",23225,"8755010203",NA,NA,0,0,NA,NA,NA,0,0,NA
"739","2023-09-11T21:05:00Z","20230201033","2023","0201","033","161980","Chinook Salmon","Oncorhynchus tshawytscha","J","TC",1,140,"400601","05","Bering Sea",33,2023,"63.5-167","S","Can Trawl 400 headrope, 601 sidewalls","2023-09-11T20:45:00Z",63.49,-167.04,"2023-09-11T21:05:00Z",63.49,-167.09,NA,22,41.5,22.5,"330",23220,"8755010206",NA,NA,0,0,NA,NA,NA,0,0,NA
"740","2023-09-11T21:05:00Z","20230201033","2023","0201","033","162041","Rainbow Smelt","Osmerus mordax dentex","U","TC",1,17,"400601","05","Bering Sea",33,2023,"63.5-167","S","Can Trawl 400 headrope, 601 sidewalls","2023-09-11T20:45:00Z",63.49,-167.04,"2023-09-11T21:05:00Z",63.49,-167.09,NA,22,41.5,22.5,"330",23055,"8755030302",NA,NA,0,0,NA,NA,NA,0,0,NA
"741","2023-09-11T21:05:00Z","20230201033","2023","0201","033","166387","Nine-spine Stickleback","Pungitius pungitius","U","TC",1,1,"400601","05","Bering Sea",33,2023,"63.5-167","S","Can Trawl 400 headrope, 601 sidewalls","2023-09-11T20:45:00Z",63.49,-167.04,"2023-09-11T21:05:00Z",63.49,-167.09,NA,22,41.5,22.5,"330",21753,"8818010201",NA,NA,0,0,NA,NA,NA,0,0,NA
"742","2023-09-11T21:05:00Z","20230201033","2023","0201","033","622287","Arctic Lamprey","Lethenteron camtschaticum","U","TC",2,86,"400601","05","Bering Sea",33,2023,"63.5-167","S","Can Trawl 400 headrope, 601 sidewalls","2023-09-11T20:45:00Z",63.49,-167.04,"2023-09-11T21:05:00Z",63.49,-167.09,NA,22,41.5,22.5,"330",NA,"8603010201",NA,NA,0,0,NA,NA,NA,0,0,NA
"743","2023-09-11T21:05:00Z","20230201033","2023","0201","033","934083","Pollock","Gadus chalcogrammus","A0","TC",161.84,238,"400601","05","Bering Sea",33,2023,"63.5-167","S","Can Trawl 400 headrope, 601 sidewalls","2023-09-11T20:45:00Z",63.49,-167.04,"2023-09-11T21:05:00Z",63.49,-167.09,NA,22,41.5,22.5,"330",21740,"8791030701",NA,NA,0,0,NA,NA,NA,0,0,NA
"744","2023-09-11T21:05:00Z","20230201033","2023","0201","033","934083","Pollock","Gadus chalcogrammus","A1","TC",1,20,"400601","05","Bering Sea",33,2023,"63.5-167","S","Can Trawl 400 headrope, 601 sidewalls","2023-09-11T20:45:00Z",63.49,-167.04,"2023-09-11T21:05:00Z",63.49,-167.09,NA,22,41.5,22.5,"330",21740,"8791030701",NA,NA,0,0,NA,NA,NA,0,0,NA
"745","2023-09-12T01:10:00Z","20230201034","2023","0201","034","50623","Aequorea  sp.","Aequorea sp.","U","TC",0,311,"400601","05","Bering Sea",34,2023,"63.5-168","S","Can Trawl 400 headrope, 601 sidewalls","2023-09-12T00:40:00Z",63.51,-168.03,"2023-09-12T01:10:00Z",63.54,-168.08,NA,28,43.23,20.73,"330",40506,NA,NA,NA,0,0,NA,NA,NA,0,0,NA
"746","2023-09-12T01:10:00Z","20230201034","2023","0201","034","51641","Northern Sea Nettle","Chrysaora melanaster","U","TC",0,208000,"400601","05","Bering Sea",34,2023,"63.5-168","S","Can Trawl 400 headrope, 601 sidewalls","2023-09-12T00:40:00Z",63.51,-168.03,"2023-09-12T01:10:00Z",63.54,-168.08,NA,28,43.23,20.73,"330",40504,NA,NA,NA,0,0,NA,NA,NA,0,0,NA
"747","2023-09-12T01:10:00Z","20230201034","2023","0201","034","51696","Phacellophora camtschatica","Phacellophora camtschatica","U","TC",0,276,"400601","05","Bering Sea",34,2023,"63.5-168","S","Can Trawl 400 headrope, 601 sidewalls","2023-09-12T00:40:00Z",63.51,-168.03,"2023-09-12T01:10:00Z",63.54,-168.08,NA,28,43.23,20.73,"330",NA,NA,NA,NA,0,0,NA,NA,NA,0,0,NA
"748","2023-09-12T01:10:00Z","20230201034","2023","0201","034","161975","Pink Salmon","Oncorhynchus gorbuscha","J","TC",1,57,"400601","05","Bering Sea",34,2023,"63.5-168","S","Can Trawl 400 headrope, 601 sidewalls","2023-09-12T00:40:00Z",63.51,-168.03,"2023-09-12T01:10:00Z",63.54,-168.08,NA,28,43.23,20.73,"330",23230,"8755010201",NA,NA,0,0,NA,NA,NA,0,0,NA
"749","2023-09-12T01:10:00Z","20230201034","2023","0201","034","161976","Chum Salmon","Oncorhynchus keta","IM","TC",1,3170,"400601","05","Bering Sea",34,2023,"63.5-168","S","Can Trawl 400 headrope, 601 sidewalls","2023-09-12T00:40:00Z",63.51,-168.03,"2023-09-12T01:10:00Z",63.54,-168.08,NA,28,43.23,20.73,"330",23235,"8755010202",NA,NA,0,0,NA,NA,NA,0,0,NA
"750","2023-09-12T01:10:00Z","20230201034","2023","0201","034","161980","Chinook Salmon","Oncorhynchus tshawytscha","IM","TC",1,363,"400601","05","Bering Sea",34,2023,"63.5-168","S","Can Trawl 400 headrope, 601 sidewalls","2023-09-12T00:40:00Z",63.51,-168.03,"2023-09-12T01:10:00Z",63.54,-168.08,NA,28,43.23,20.73,"330",23220,"8755010206",NA,NA,0,0,NA,NA,NA,0,0,NA
"751","2023-09-12T01:10:00Z","20230201034","2023","0201","034","172907","Yellowfin Sole","Limanda aspera","U","TC",3,1830,"400601","05","Bering Sea",34,2023,"63.5-168","S","Can Trawl 400 headrope, 601 sidewalls","2023-09-12T00:40:00Z",63.51,-168.03,"2023-09-12T01:10:00Z",63.54,-168.08,NA,28,43.23,20.73,"330",10210,"8857041505",NA,NA,0,0,NA,NA,NA,0,0,NA
"752","2023-09-12T01:10:00Z","20230201034","2023","0201","034","551209","Pacific Herring","Clupea pallasi","A1+","TC",384.59,44782,"400601","05","Bering Sea",34,2023,"63.5-168","S","Can Trawl 400 headrope, 601 sidewalls","2023-09-12T00:40:00Z",63.51,-168.03,"2023-09-12T01:10:00Z",63.54,-168.08,NA,28,43.23,20.73,"330",21110,"8747010201",NA,NA,0,0,NA,NA,NA,0,0,NA
"753","2023-09-12T01:10:00Z","20230201034","2023","0201","034","556311","Long Fin Squid","Gonatus kamtschaticus","U","TC",1,17,"400601","05","Bering Sea",34,2023,"63.5-168","S","Can Trawl 400 headrope, 601 sidewalls","2023-09-12T00:40:00Z",63.51,-168.03,"2023-09-12T01:10:00Z",63.54,-168.08,NA,28,43.23,20.73,"330",79206,NA,NA,NA,0,0,NA,NA,NA,0,0,NA
"754","2023-09-12T01:10:00Z","20230201034","2023","0201","034","630414","Ammodytes personatus","Ammodytes personatus","U","TC",1,15,"400601","05","Bering Sea",34,2023,"63.5-168","S","Can Trawl 400 headrope, 601 sidewalls","2023-09-12T00:40:00Z",63.51,-168.03,"2023-09-12T01:10:00Z",63.54,-168.08,NA,28,43.23,20.73,"330",NA,NA,NA,NA,0,0,NA,NA,NA,0,0,NA
"755","2023-09-12T01:10:00Z","20230201034","2023","0201","034","934083","Pollock","Gadus chalcogrammus","A0","TC",57.14,80,"400601","05","Bering Sea",34,2023,"63.5-168","S","Can Trawl 400 headrope, 601 sidewalls","2023-09-12T00:40:00Z",63.51,-168.03,"2023-09-12T01:10:00Z",63.54,-168.08,NA,28,43.23,20.73,"330",21740,"8791030701",NA,NA,0,0,NA,NA,NA,0,0,NA
"756","2023-09-12T17:38:00Z","20230201035","2023","0201","035","51641","Northern Sea Nettle","Chrysaora melanaster","U","TC",195.62,163740,"400601","05","Bering Sea",35,2023,"64-167","S","Can Trawl 400 headrope, 601 sidewalls","2023-09-12T17:08:00Z",63.99,-167.01,"2023-09-12T17:38:00Z",63.99,-167.09,NA,28,49.85,21.65,"330",40504,NA,NA,NA,0,0,NA,NA,NA,0,0,NA
"757","2023-09-12T17:38:00Z","20230201035","2023","0201","035","82418","Gonatus Squid, unident.","Gonatus","U","TC",1,1,"400601","05","Bering Sea",35,2023,"64-167","S","Can Trawl 400 headrope, 601 sidewalls","2023-09-12T17:08:00Z",63.99,-167.01,"2023-09-12T17:38:00Z",63.99,-167.09,NA,28,49.85,21.65,"330",79200,NA,NA,NA,0,0,NA,NA,NA,0,0,NA
"758","2023-09-12T17:38:00Z","20230201035","2023","0201","035","161975","Pink Salmon","Oncorhynchus gorbuscha","J","TC",17,784,"400601","05","Bering Sea",35,2023,"64-167","S","Can Trawl 400 headrope, 601 sidewalls","2023-09-12T17:08:00Z",63.99,-167.01,"2023-09-12T17:38:00Z",63.99,-167.09,NA,28,49.85,21.65,"330",23230,"8755010201",NA,NA,0,0,NA,NA,NA,0,0,NA
"759","2023-09-12T17:38:00Z","20230201035","2023","0201","035","161976","Chum Salmon","Oncorhynchus keta","J","TC",47,2917,"400601","05","Bering Sea",35,2023,"64-167","S","Can Trawl 400 headrope, 601 sidewalls","2023-09-12T17:08:00Z",63.99,-167.01,"2023-09-12T17:38:00Z",63.99,-167.09,NA,28,49.85,21.65,"330",23235,"8755010202",NA,NA,0,0,NA,NA,NA,0,0,NA
"760","2023-09-12T17:38:00Z","20230201035","2023","0201","035","161979","Sockeye Salmon","Oncorhynchus nerka","J","TC",1,88,"400601","05","Bering Sea",35,2023,"64-167","S","Can Trawl 400 headrope, 601 sidewalls","2023-09-12T17:08:00Z",63.99,-167.01,"2023-09-12T17:38:00Z",63.99,-167.09,NA,28,49.85,21.65,"330",23240,"8755010205",NA,NA,0,0,NA,NA,NA,0,0,NA
"761","2023-09-12T17:38:00Z","20230201035","2023","0201","035","161980","Chinook Salmon","Oncorhynchus tshawytscha","IM","TC",1,1222,"400601","05","Bering Sea",35,2023,"64-167","S","Can Trawl 400 headrope, 601 sidewalls","2023-09-12T17:08:00Z",63.99,-167.01,"2023-09-12T17:38:00Z",63.99,-167.09,NA,28,49.85,21.65,"330",23220,"8755010206",NA,NA,0,0,NA,NA,NA,0,0,NA
"762","2023-09-12T17:38:00Z","20230201035","2023","0201","035","161980","Chinook Salmon","Oncorhynchus tshawytscha","J","TC",2,201,"400601","05","Bering Sea",35,2023,"64-167","S","Can Trawl 400 headrope, 601 sidewalls","2023-09-12T17:08:00Z",63.99,-167.01,"2023-09-12T17:38:00Z",63.99,-167.09,NA,28,49.85,21.65,"330",23220,"8755010206",NA,NA,0,0,NA,NA,NA,0,0,NA
"763","2023-09-12T17:38:00Z","20230201035","2023","0201","035","162041","Rainbow Smelt","Osmerus mordax dentex","U","TC",2,38,"400601","05","Bering Sea",35,2023,"64-167","S","Can Trawl 400 headrope, 601 sidewalls","2023-09-12T17:08:00Z",63.99,-167.01,"2023-09-12T17:38:00Z",63.99,-167.09,NA,28,49.85,21.65,"330",23055,"8755030302",NA,NA,0,0,NA,NA,NA,0,0,NA
"764","2023-09-12T17:38:00Z","20230201035","2023","0201","035","164708","Saffron Cod","Eleginus gracilis","A0","TC",37,153,"400601","05","Bering Sea",35,2023,"64-167","S","Can Trawl 400 headrope, 601 sidewalls","2023-09-12T17:08:00Z",63.99,-167.01,"2023-09-12T17:38:00Z",63.99,-167.09,NA,28,49.85,21.65,"330",21735,"8791030301",NA,NA,0,0,NA,NA,NA,0,0,NA
"765","2023-09-12T17:38:00Z","20230201035","2023","0201","035","164708","Saffron Cod","Eleginus gracilis","A1+","TC",1,44,"400601","05","Bering Sea",35,2023,"64-167","S","Can Trawl 400 headrope, 601 sidewalls","2023-09-12T17:08:00Z",63.99,-167.01,"2023-09-12T17:38:00Z",63.99,-167.09,NA,28,49.85,21.65,"330",21735,"8791030301",NA,NA,0,0,NA,NA,NA,0,0,NA
"766","2023-09-12T17:38:00Z","20230201035","2023","0201","035","164711","Pacific Cod","Gadus macrocephalus","A0","TC",2,8,"400601","05","Bering Sea",35,2023,"64-167","S","Can Trawl 400 headrope, 601 sidewalls","2023-09-12T17:08:00Z",63.99,-167.01,"2023-09-12T17:38:00Z",63.99,-167.09,NA,28,49.85,21.65,"330",21720,"8791030401",NA,NA,0,0,NA,NA,NA,0,0,NA
"767","2022-08-21T03:35:00Z","20220308006","2022","0308","006","50623","Aequorea  sp.","Aequorea sp.","U",NA,0,232.04,"NETS156","02","Bering Sea",6,2022,"57-163","O","NETS Pelagic Trawl","2022-08-21T03:35:00Z",57.03,-163.08,"2022-08-21T03:35:00Z",57.03,-163.08,NA,63,15,8.5,"130",40506,NA,NA,"2022-08-21T03:30:00Z",57.03,57.03,NA,NA,NA,0,0,NA
"768","2022-08-21T03:35:00Z","20220308006","2022","0308","006","51641","Northern Sea Nettle","Chrysaora melanaster","U",NA,147,105615.46,"NETS156","02","Bering Sea",6,2022,"57-163","O","NETS Pelagic Trawl","2022-08-21T03:35:00Z",57.03,-163.08,"2022-08-21T03:35:00Z",57.03,-163.08,NA,63,15,8.5,"130",40504,NA,NA,"2022-08-21T03:30:00Z",57.03,57.03,NA,NA,NA,0,0,NA
"769","2022-08-21T03:35:00Z","20220308006","2022","0308","006","161979","Sockeye Salmon","Oncorhynchus nerka","J",NA,1,44,"NETS156","02","Bering Sea",6,2022,"57-163","O","NETS Pelagic Trawl","2022-08-21T03:35:00Z",57.03,-163.08,"2022-08-21T03:35:00Z",57.03,-163.08,NA,63,15,8.5,"130",23240,"8755010205",NA,"2022-08-21T03:30:00Z",57.03,57.03,NA,NA,NA,0,0,NA
"770","2022-08-21T03:35:00Z","20220308006","2022","0308","006","162035","Capelin","Mallotus villosus","U",NA,19,172,"NETS156","02","Bering Sea",6,2022,"57-163","O","NETS Pelagic Trawl","2022-08-21T03:35:00Z",57.03,-163.08,"2022-08-21T03:35:00Z",57.03,-163.08,NA,63,15,8.5,"130",23041,"8755030201",NA,"2022-08-21T03:30:00Z",57.03,57.03,NA,NA,NA,0,0,NA
"771","2022-08-21T03:35:00Z","20220308006","2022","0308","006","164711","Pacific Cod","Gadus macrocephalus","A0",NA,35,478.15,"NETS156","02","Bering Sea",6,2022,"57-163","O","NETS Pelagic Trawl","2022-08-21T03:35:00Z",57.03,-163.08,"2022-08-21T03:35:00Z",57.03,-163.08,NA,63,15,8.5,"130",21720,"8791030401",NA,"2022-08-21T03:30:00Z",57.03,57.03,NA,NA,NA,0,0,NA
"772","2022-08-21T03:35:00Z","20220308006","2022","0308","006","171672","Arctic Sand Lance","Ammodytes hexapterus","U",NA,169,112.5,"NETS156","02","Bering Sea",6,2022,"57-163","O","NETS Pelagic Trawl","2022-08-21T03:35:00Z",57.03,-163.08,"2022-08-21T03:35:00Z",57.03,-163.08,NA,63,15,8.5,"130",20203,"8845010101",NA,"2022-08-21T03:30:00Z",57.03,57.03,NA,NA,NA,0,0,NA
"773","2022-08-21T03:35:00Z","20220308006","2022","0308","006","172907","Yellowfin Sole","Limanda aspera","U",NA,2,1150,"NETS156","02","Bering Sea",6,2022,"57-163","O","NETS Pelagic Trawl","2022-08-21T03:35:00Z",57.03,-163.08,"2022-08-21T03:35:00Z",57.03,-163.08,NA,63,15,8.5,"130",10210,"8857041505",NA,"2022-08-21T03:30:00Z",57.03,57.03,NA,NA,NA,0,0,NA
"774","2022-08-21T03:35:00Z","20220308006","2022","0308","006","556311","Long Fin Squid","Gonatus kamtschaticus","U",NA,1,24,"NETS156","02","Bering Sea",6,2022,"57-163","O","NETS Pelagic Trawl","2022-08-21T03:35:00Z",57.03,-163.08,"2022-08-21T03:35:00Z",57.03,-163.08,NA,63,15,8.5,"130",79206,NA,NA,"2022-08-21T03:30:00Z",57.03,57.03,NA,NA,NA,0,0,NA
"775","2022-08-21T03:35:00Z","20220308006","2022","0308","006","934083","Pollock","Gadus chalcogrammus","A1+",NA,3,450,"NETS156","02","Bering Sea",6,2022,"57-163","O","NETS Pelagic Trawl","2022-08-21T03:35:00Z",57.03,-163.08,"2022-08-21T03:35:00Z",57.03,-163.08,NA,63,15,8.5,"130",21740,"8791030701",NA,"2022-08-21T03:30:00Z",57.03,57.03,NA,NA,NA,0,0,NA
"776","2022-08-21T03:35:00Z","20220308006","2022","0308","006","934083","Pollock","Gadus chalcogrammus","U",NA,31492,22044.23,"NETS156","02","Bering Sea",6,2022,"57-163","O","NETS Pelagic Trawl","2022-08-21T03:35:00Z",57.03,-163.08,"2022-08-21T03:35:00Z",57.03,-163.08,NA,63,15,8.5,"130",21740,"8791030701",NA,"2022-08-21T03:30:00Z",57.03,57.03,NA,NA,NA,0,0,NA
"777","2022-08-21T18:07:00Z","20220308006","2022","0308","006","50513","Staurophora mertensi","Staurophora mertensi","U",NA,0,13380,"400601","06","Bering Sea",6,2022,"57-163","S","Can Trawl 400 headrope, 601 sidewalls","2022-08-21T17:37:00Z",56.98,-163.04,"2022-08-21T18:07:00Z",56.95,-163.1,NA,62,55.5,21.21,"204.85",NA,"40562",NA,"2022-08-21T17:31:00Z",56.98,56.98,NA,NA,NA,0,0,NA
"778","2022-08-21T18:07:00Z","20220308006","2022","0308","006","50623","Aequorea  sp.","Aequorea sp.","U",NA,0,19,"400601","06","Bering Sea",6,2022,"57-163","S","Can Trawl 400 headrope, 601 sidewalls","2022-08-21T17:37:00Z",56.98,-163.04,"2022-08-21T18:07:00Z",56.95,-163.1,NA,62,55.5,21.21,"204.85",40506,NA,NA,"2022-08-21T17:31:00Z",56.98,56.98,NA,NA,NA,0,0,NA
"779","2022-08-21T18:07:00Z","20220308006","2022","0308","006","51641","Northern Sea Nettle","Chrysaora melanaster","U",NA,48,15790,"400601","06","Bering Sea",6,2022,"57-163","S","Can Trawl 400 headrope, 601 sidewalls","2022-08-21T17:37:00Z",56.98,-163.04,"2022-08-21T18:07:00Z",56.95,-163.1,NA,62,55.5,21.21,"204.85",40504,NA,NA,"2022-08-21T17:31:00Z",56.98,56.98,NA,NA,NA,0,0,NA
"780","2022-08-21T18:07:00Z","20220308006","2022","0308","006","161975","Pink Salmon","Oncorhynchus gorbuscha","IM",NA,1,1730,"400601","06","Bering Sea",6,2022,"57-163","S","Can Trawl 400 headrope, 601 sidewalls","2022-08-21T17:37:00Z",56.98,-163.04,"2022-08-21T18:07:00Z",56.95,-163.1,NA,62,55.5,21.21,"204.85",23230,"8755010201",NA,"2022-08-21T17:31:00Z",56.98,56.98,NA,NA,NA,0,0,NA
"781","2022-08-21T18:07:00Z","20220308006","2022","0308","006","161979","Sockeye Salmon","Oncorhynchus nerka","IM",NA,1,2330,"400601","06","Bering Sea",6,2022,"57-163","S","Can Trawl 400 headrope, 601 sidewalls","2022-08-21T17:37:00Z",56.98,-163.04,"2022-08-21T18:07:00Z",56.95,-163.1,NA,62,55.5,21.21,"204.85",23240,"8755010205",NA,"2022-08-21T17:31:00Z",56.98,56.98,NA,NA,NA,0,0,NA
"782","2022-08-21T18:07:00Z","20220308006","2022","0308","006","161979","Sockeye Salmon","Oncorhynchus nerka","J",NA,216,9250,"400601","06","Bering Sea",6,2022,"57-163","S","Can Trawl 400 headrope, 601 sidewalls","2022-08-21T17:37:00Z",56.98,-163.04,"2022-08-21T18:07:00Z",56.95,-163.1,NA,62,55.5,21.21,"204.85",23240,"8755010205",NA,"2022-08-21T17:31:00Z",56.98,56.98,NA,NA,NA,0,0,NA
"783","2022-08-21T18:07:00Z","20220308006","2022","0308","006","164711","Pacific Cod","Gadus macrocephalus","A0",NA,52,209,"400601","06","Bering Sea",6,2022,"57-163","S","Can Trawl 400 headrope, 601 sidewalls","2022-08-21T17:37:00Z",56.98,-163.04,"2022-08-21T18:07:00Z",56.95,-163.1,NA,62,55.5,21.21,"204.85",21720,"8791030401",NA,"2022-08-21T17:31:00Z",56.98,56.98,NA,NA,NA,0,0,NA
"784","2022-08-21T18:07:00Z","20220308006","2022","0308","006","170919","Pacific Sandfish","Trichodon trichodon","U",NA,1,111,"400601","06","Bering Sea",6,2022,"57-163","S","Can Trawl 400 headrope, 601 sidewalls","2022-08-21T17:37:00Z",56.98,-163.04,"2022-08-21T18:07:00Z",56.95,-163.1,NA,62,55.5,21.21,"204.85",21592,"8840010201",NA,"2022-08-21T17:31:00Z",56.98,56.98,NA,NA,NA,0,0,NA
"785","2022-08-21T18:07:00Z","20220308006","2022","0308","006","172907","Yellowfin Sole","Limanda aspera","U",NA,2,820,"400601","06","Bering Sea",6,2022,"57-163","S","Can Trawl 400 headrope, 601 sidewalls","2022-08-21T17:37:00Z",56.98,-163.04,"2022-08-21T18:07:00Z",56.95,-163.1,NA,62,55.5,21.21,"204.85",10210,"8857041505",NA,"2022-08-21T17:31:00Z",56.98,56.98,NA,NA,NA,0,0,NA
"786","2022-08-21T18:07:00Z","20220308006","2022","0308","006","551209","Pacific Herring","Clupea pallasi","U",NA,1,88,"400601","06","Bering Sea",6,2022,"57-163","S","Can Trawl 400 headrope, 601 sidewalls","2022-08-21T17:37:00Z",56.98,-163.04,"2022-08-21T18:07:00Z",56.95,-163.1,NA,62,55.5,21.21,"204.85",21110,"8747010201",NA,"2022-08-21T17:31:00Z",56.98,56.98,NA,NA,NA,0,0,NA
"787","2022-08-21T18:07:00Z","20220308006","2022","0308","006","934083","Pollock","Gadus chalcogrammus","U",NA,1694,2236,"400601","06","Bering Sea",6,2022,"57-163","S","Can Trawl 400 headrope, 601 sidewalls","2022-08-21T17:37:00Z",56.98,-163.04,"2022-08-21T18:07:00Z",56.95,-163.1,NA,62,55.5,21.21,"204.85",21740,"8791030701",NA,"2022-08-21T17:31:00Z",56.98,56.98,NA,NA,NA,0,0,NA
"788","2022-08-21T23:48:00Z","20220308008","2022","0308","008","50623","Aequorea  sp.","Aequorea sp.","U",NA,0,3474.72,"NETS156","02","Bering Sea",8,2022,"56.5-164","O","NETS Pelagic Trawl","2022-08-21T23:48:00Z",56.55,-164,"2022-08-21T23:48:00Z",56.55,-164,NA,80,16.2,6.8,"230",40506,NA,NA,"2022-08-21T23:37:00Z",56.54,56.54,NA,NA,NA,0,0,NA
"789","2022-08-21T23:48:00Z","20220308008","2022","0308","008","51641","Northern Sea Nettle","Chrysaora melanaster","U",NA,1408,933769.73,"NETS156","02","Bering Sea",8,2022,"56.5-164","O","NETS Pelagic Trawl","2022-08-21T23:48:00Z",56.55,-164,"2022-08-21T23:48:00Z",56.55,-164,NA,80,16.2,6.8,"230",40504,NA,NA,"2022-08-21T23:37:00Z",56.54,56.54,NA,NA,NA,0,0,NA
"790","2022-08-21T23:48:00Z","20220308008","2022","0308","008","51671","Cyanea capillata","Cyanea capillata","U",NA,1,8080,"NETS156","02","Bering Sea",8,2022,"56.5-164","O","NETS Pelagic Trawl","2022-08-21T23:48:00Z",56.55,-164,"2022-08-21T23:48:00Z",56.55,-164,NA,80,16.2,6.8,"230",40561,NA,NA,"2022-08-21T23:37:00Z",56.54,56.54,NA,NA,NA,0,0,NA
"791","2022-08-21T23:48:00Z","20220308008","2022","0308","008","82326","Squid, unident.","Cephalopoda","U",NA,1,17,"NETS156","02","Bering Sea",8,2022,"56.5-164","O","NETS Pelagic Trawl","2022-08-21T23:48:00Z",56.55,-164,"2022-08-21T23:48:00Z",56.55,-164,NA,80,16.2,6.8,"230",78000,"5700000000",NA,"2022-08-21T23:37:00Z",56.54,56.54,NA,NA,NA,0,0,NA
"792","2022-08-21T23:48:00Z","20220308008","2022","0308","008","164711","Pacific Cod","Gadus macrocephalus","A0",NA,178,457.64,"NETS156","02","Bering Sea",8,2022,"56.5-164","O","NETS Pelagic Trawl","2022-08-21T23:48:00Z",56.55,-164,"2022-08-21T23:48:00Z",56.55,-164,NA,80,16.2,6.8,"230",21720,"8791030401",NA,"2022-08-21T23:37:00Z",56.54,56.54,NA,NA,NA,0,0,NA
"793","2022-08-21T23:48:00Z","20220308008","2022","0308","008","171672","Arctic Sand Lance","Ammodytes hexapterus","U",NA,17,16.94,"NETS156","02","Bering Sea",8,2022,"56.5-164","O","NETS Pelagic Trawl","2022-08-21T23:48:00Z",56.55,-164,"2022-08-21T23:48:00Z",56.55,-164,NA,80,16.2,6.8,"230",20203,"8845010101",NA,"2022-08-21T23:37:00Z",56.54,56.54,NA,NA,NA,0,0,NA
"794","2022-08-21T23:48:00Z","20220308008","2022","0308","008","934083","Pollock","Gadus chalcogrammus","A1+",NA,23,11467,"NETS156","02","Bering Sea",8,2022,"56.5-164","O","NETS Pelagic Trawl","2022-08-21T23:48:00Z",56.55,-164,"2022-08-21T23:48:00Z",56.55,-164,NA,80,16.2,6.8,"230",21740,"8791030701",NA,"2022-08-21T23:37:00Z",56.54,56.54,NA,NA,NA,0,0,NA
"795","2022-08-21T23:48:00Z","20220308008","2022","0308","008","934083","Pollock","Gadus chalcogrammus","U",NA,13390,13390.41,"NETS156","02","Bering Sea",8,2022,"56.5-164","O","NETS Pelagic Trawl","2022-08-21T23:48:00Z",56.55,-164,"2022-08-21T23:48:00Z",56.55,-164,NA,80,16.2,6.8,"230",21740,"8791030701",NA,"2022-08-21T23:37:00Z",56.54,56.54,NA,NA,NA,0,0,NA
"796","2022-08-22T01:52:00Z","20220308008","2022","0308","008","50623","Aequorea  sp.","Aequorea sp.","U",NA,0,5920,"400601","03","Bering Sea",8,2022,"56.5-164","S","Can Trawl 400 headrope, 601 sidewalls","2022-08-22T01:22:00Z",56.57,-164.01,"2022-08-22T01:52:00Z",56.6,-164.03,NA,79,55.5,23.97,"180",40506,NA,NA,"2022-08-22T01:22:00Z",56.57,56.57,NA,NA,NA,0,0,NA
"797","2022-08-22T01:52:00Z","20220308008","2022","0308","008","51641","Northern Sea Nettle","Chrysaora melanaster","U",NA,51,31870,"400601","03","Bering Sea",8,2022,"56.5-164","S","Can Trawl 400 headrope, 601 sidewalls","2022-08-22T01:22:00Z",56.57,-164.01,"2022-08-22T01:52:00Z",56.6,-164.03,NA,79,55.5,23.97,"180",40504,NA,NA,"2022-08-22T01:22:00Z",56.57,56.57,NA,NA,NA,0,0,NA
"798","2022-08-22T01:52:00Z","20220308008","2022","0308","008","161975","Pink Salmon","Oncorhynchus gorbuscha","IM",NA,1,1260,"400601","03","Bering Sea",8,2022,"56.5-164","S","Can Trawl 400 headrope, 601 sidewalls","2022-08-22T01:22:00Z",56.57,-164.01,"2022-08-22T01:52:00Z",56.6,-164.03,NA,79,55.5,23.97,"180",23230,"8755010201",NA,"2022-08-22T01:22:00Z",56.57,56.57,NA,NA,NA,0,0,NA
"799","2022-08-22T01:52:00Z","20220308008","2022","0308","008","161975","Pink Salmon","Oncorhynchus gorbuscha","J",NA,2,66,"400601","03","Bering Sea",8,2022,"56.5-164","S","Can Trawl 400 headrope, 601 sidewalls","2022-08-22T01:22:00Z",56.57,-164.01,"2022-08-22T01:52:00Z",56.6,-164.03,NA,79,55.5,23.97,"180",23230,"8755010201",NA,"2022-08-22T01:22:00Z",56.57,56.57,NA,NA,NA,0,0,NA
"800","2022-08-22T01:52:00Z","20220308008","2022","0308","008","161976","Chum Salmon","Oncorhynchus keta","IM",NA,1,2900,"400601","03","Bering Sea",8,2022,"56.5-164","S","Can Trawl 400 headrope, 601 sidewalls","2022-08-22T01:22:00Z",56.57,-164.01,"2022-08-22T01:52:00Z",56.6,-164.03,NA,79,55.5,23.97,"180",23235,"8755010202",NA,"2022-08-22T01:22:00Z",56.57,56.57,NA,NA,NA,0,0,NA
"801","2022-08-22T01:52:00Z","20220308008","2022","0308","008","161976","Chum Salmon","Oncorhynchus keta","J",NA,2,110,"400601","03","Bering Sea",8,2022,"56.5-164","S","Can Trawl 400 headrope, 601 sidewalls","2022-08-22T01:22:00Z",56.57,-164.01,"2022-08-22T01:52:00Z",56.6,-164.03,NA,79,55.5,23.97,"180",23235,"8755010202",NA,"2022-08-22T01:22:00Z",56.57,56.57,NA,NA,NA,0,0,NA
"802","2022-08-22T01:52:00Z","20220308008","2022","0308","008","161977","Coho Salmon","Oncorhynchus kisutch","IM",NA,3,12560,"400601","03","Bering Sea",8,2022,"56.5-164","S","Can Trawl 400 headrope, 601 sidewalls","2022-08-22T01:22:00Z",56.57,-164.01,"2022-08-22T01:52:00Z",56.6,-164.03,NA,79,55.5,23.97,"180",23225,"8755010203",NA,"2022-08-22T01:22:00Z",56.57,56.57,NA,NA,NA,0,0,NA
"803","2022-08-22T01:52:00Z","20220308008","2022","0308","008","161979","Sockeye Salmon","Oncorhynchus nerka","J",NA,170,7270,"400601","03","Bering Sea",8,2022,"56.5-164","S","Can Trawl 400 headrope, 601 sidewalls","2022-08-22T01:22:00Z",56.57,-164.01,"2022-08-22T01:52:00Z",56.6,-164.03,NA,79,55.5,23.97,"180",23240,"8755010205",NA,"2022-08-22T01:22:00Z",56.57,56.57,NA,NA,NA,0,0,NA
"804","2022-08-22T01:52:00Z","20220308008","2022","0308","008","164711","Pacific Cod","Gadus macrocephalus","A0",NA,16,40,"400601","03","Bering Sea",8,2022,"56.5-164","S","Can Trawl 400 headrope, 601 sidewalls","2022-08-22T01:22:00Z",56.57,-164.01,"2022-08-22T01:52:00Z",56.6,-164.03,NA,79,55.5,23.97,"180",21720,"8791030401",NA,"2022-08-22T01:22:00Z",56.57,56.57,NA,NA,NA,0,0,NA
"805","2022-08-22T01:52:00Z","20220308008","2022","0308","008","170919","Pacific Sandfish","Trichodon trichodon","U",NA,1,85,"400601","03","Bering Sea",8,2022,"56.5-164","S","Can Trawl 400 headrope, 601 sidewalls","2022-08-22T01:22:00Z",56.57,-164.01,"2022-08-22T01:52:00Z",56.6,-164.03,NA,79,55.5,23.97,"180",21592,"8840010201",NA,"2022-08-22T01:22:00Z",56.57,56.57,NA,NA,NA,0,0,NA
"806","2022-08-22T01:52:00Z","20220308008","2022","0308","008","551209","Pacific Herring","Clupea pallasi","U",NA,1,93,"400601","03","Bering Sea",8,2022,"56.5-164","S","Can Trawl 400 headrope, 601 sidewalls","2022-08-22T01:22:00Z",56.57,-164.01,"2022-08-22T01:52:00Z",56.6,-164.03,NA,79,55.5,23.97,"180",21110,"8747010201",NA,"2022-08-22T01:22:00Z",56.57,56.57,NA,NA,NA,0,0,NA
"807","2022-08-22T01:52:00Z","20220308008","2022","0308","008","934083","Pollock","Gadus chalcogrammus","A1+",NA,2,640,"400601","03","Bering Sea",8,2022,"56.5-164","S","Can Trawl 400 headrope, 601 sidewalls","2022-08-22T01:22:00Z",56.57,-164.01,"2022-08-22T01:52:00Z",56.6,-164.03,NA,79,55.5,23.97,"180",21740,"8791030701",NA,"2022-08-22T01:22:00Z",56.57,56.57,NA,NA,NA,0,0,NA
"808","2022-08-22T01:52:00Z","20220308008","2022","0308","008","934083","Pollock","Gadus chalcogrammus","U",NA,3950,3555,"400601","03","Bering Sea",8,2022,"56.5-164","S","Can Trawl 400 headrope, 601 sidewalls","2022-08-22T01:22:00Z",56.57,-164.01,"2022-08-22T01:52:00Z",56.6,-164.03,NA,79,55.5,23.97,"180",21740,"8791030701",NA,"2022-08-22T01:22:00Z",56.57,56.57,NA,NA,NA,0,0,NA
"809","2022-08-22T19:01:00Z","20220308010","2022","0308","010","51641","Northern Sea Nettle","Chrysaora melanaster","U",NA,2781,1293180.91,"NETS156","07","Bering Sea",10,2022,"56-165","O","NETS Pelagic Trawl","2022-08-22T19:01:00Z",56.01,-165.01,"2022-08-22T19:01:00Z",56.01,-165.01,NA,95,17.7,9.6,"300",40504,NA,NA,"2022-08-22T18:50:00Z",56,56,NA,NA,NA,0,0,NA
"810","2022-08-22T19:01:00Z","20220308010","2022","0308","010","161979","Sockeye Salmon","Oncorhynchus nerka","J",NA,27,1383.36,"NETS156","07","Bering Sea",10,2022,"56-165","O","NETS Pelagic Trawl","2022-08-22T19:01:00Z",56.01,-165.01,"2022-08-22T19:01:00Z",56.01,-165.01,NA,95,17.7,9.6,"300",23240,"8755010205",NA,"2022-08-22T18:50:00Z",56,56,NA,NA,NA,0,0,NA
"811","2022-08-22T19:01:00Z","20220308010","2022","0308","010","164711","Pacific Cod","Gadus macrocephalus","A0",NA,133,345.84,"NETS156","07","Bering Sea",10,2022,"56-165","O","NETS Pelagic Trawl","2022-08-22T19:01:00Z",56.01,-165.01,"2022-08-22T19:01:00Z",56.01,-165.01,NA,95,17.7,9.6,"300",21720,"8791030401",NA,"2022-08-22T18:50:00Z",56,56,NA,NA,NA,0,0,NA
"812","2022-08-22T19:01:00Z","20220308010","2022","0308","010","171671","Sand lance, unident.","Ammodytes sp.","A0",NA,27,26.6,"NETS156","07","Bering Sea",10,2022,"56-165","O","NETS Pelagic Trawl","2022-08-22T19:01:00Z",56.01,-165.01,"2022-08-22T19:01:00Z",56.01,-165.01,NA,95,17.7,9.6,"300",20202,NA,NA,"2022-08-22T18:50:00Z",56,56,NA,NA,NA,0,0,NA
"813","2022-08-22T19:01:00Z","20220308010","2022","0308","010","934083","Pollock","Gadus chalcogrammus","A1+",NA,106,38042.55,"NETS156","07","Bering Sea",10,2022,"56-165","O","NETS Pelagic Trawl","2022-08-22T19:01:00Z",56.01,-165.01,"2022-08-22T19:01:00Z",56.01,-165.01,NA,95,17.7,9.6,"300",21740,"8791030701",NA,"2022-08-22T18:50:00Z",56,56,NA,NA,NA,0,0,NA
"814","2022-08-22T19:01:00Z","20220308010","2022","0308","010","934083","Pollock","Gadus chalcogrammus","U",NA,27194,19579.94,"NETS156","07","Bering Sea",10,2022,"56-165","O","NETS Pelagic Trawl","2022-08-22T19:01:00Z",56.01,-165.01,"2022-08-22T19:01:00Z",56.01,-165.01,NA,95,17.7,9.6,"300",21740,"8791030701",NA,"2022-08-22T18:50:00Z",56,56,NA,NA,NA,0,0,NA
"815","2022-08-22T22:00:00Z","20220308010","2022","0308","010","50623","Aequorea  sp.","Aequorea sp.","U",NA,0,2760,"400601","08","Bering Sea",10,2022,"56-165","S","Can Trawl 400 headrope, 601 sidewalls","2022-08-22T21:30:00Z",56,-165,"2022-08-22T22:00:00Z",56.03,-165.01,NA,95,55.5,24.41,"189.91",40506,NA,NA,"2022-08-22T21:24:00Z",55.99,55.99,NA,NA,NA,0,0,NA
"816","2022-08-22T22:00:00Z","20220308010","2022","0308","010","51641","Northern Sea Nettle","Chrysaora melanaster","U",NA,57,50020,"400601","08","Bering Sea",10,2022,"56-165","S","Can Trawl 400 headrope, 601 sidewalls","2022-08-22T21:30:00Z",56,-165,"2022-08-22T22:00:00Z",56.03,-165.01,NA,95,55.5,24.41,"189.91",40504,NA,NA,"2022-08-22T21:24:00Z",55.99,55.99,NA,NA,NA,0,0,NA
"817","2022-08-22T22:00:00Z","20220308010","2022","0308","010","51671","Cyanea capillata","Cyanea capillata","U",NA,10,2010,"400601","08","Bering Sea",10,2022,"56-165","S","Can Trawl 400 headrope, 601 sidewalls","2022-08-22T21:30:00Z",56,-165,"2022-08-22T22:00:00Z",56.03,-165.01,NA,95,55.5,24.41,"189.91",40561,NA,NA,"2022-08-22T21:24:00Z",55.99,55.99,NA,NA,NA,0,0,NA
"818","2022-08-22T22:00:00Z","20220308010","2022","0308","010","161976","Chum Salmon","Oncorhynchus keta","IM",NA,24,46870,"400601","08","Bering Sea",10,2022,"56-165","S","Can Trawl 400 headrope, 601 sidewalls","2022-08-22T21:30:00Z",56,-165,"2022-08-22T22:00:00Z",56.03,-165.01,NA,95,55.5,24.41,"189.91",23235,"8755010202",NA,"2022-08-22T21:24:00Z",55.99,55.99,NA,NA,NA,0,0,NA
"819","2022-08-22T22:00:00Z","20220308010","2022","0308","010","161979","Sockeye Salmon","Oncorhynchus nerka","IM",NA,8,3480,"400601","08","Bering Sea",10,2022,"56-165","S","Can Trawl 400 headrope, 601 sidewalls","2022-08-22T21:30:00Z",56,-165,"2022-08-22T22:00:00Z",56.03,-165.01,NA,95,55.5,24.41,"189.91",23240,"8755010205",NA,"2022-08-22T21:24:00Z",55.99,55.99,NA,NA,NA,0,0,NA
"820","2022-08-22T22:00:00Z","20220308010","2022","0308","010","161979","Sockeye Salmon","Oncorhynchus nerka","J",NA,62,3185,"400601","08","Bering Sea",10,2022,"56-165","S","Can Trawl 400 headrope, 601 sidewalls","2022-08-22T21:30:00Z",56,-165,"2022-08-22T22:00:00Z",56.03,-165.01,NA,95,55.5,24.41,"189.91",23240,"8755010205",NA,"2022-08-22T21:24:00Z",55.99,55.99,NA,NA,NA,0,0,NA
"821","2022-08-22T22:00:00Z","20220308010","2022","0308","010","171337","Bering Wolffish","Anarhichas orientalis","U",NA,1,75,"400601","08","Bering Sea",10,2022,"56-165","S","Can Trawl 400 headrope, 601 sidewalls","2022-08-22T21:30:00Z",56,-165,"2022-08-22T22:00:00Z",56.03,-165.01,NA,95,55.5,24.41,"189.91",20322,"8842020101",NA,"2022-08-22T21:24:00Z",55.99,55.99,NA,NA,NA,0,0,NA
"822","2022-08-23T18:50:00Z","20220308011","2022","0308","011","50623","Aequorea  sp.","Aequorea sp.","U",NA,0,530,"400601","05","Bering Sea",11,2022,"56.5-166","S","Can Trawl 400 headrope, 601 sidewalls","2022-08-23T18:20:00Z",56.48,-165.99,"2022-08-23T18:50:00Z",56.51,-166.02,NA,87,55.5,23.73,"191.42",40506,NA,NA,"2022-08-23T18:15:00Z",56.48,56.48,NA,NA,NA,0,0,NA
"823","2022-08-23T18:50:00Z","20220308011","2022","0308","011","51641","Northern Sea Nettle","Chrysaora melanaster","U",NA,73,54930,"400601","05","Bering Sea",11,2022,"56.5-166","S","Can Trawl 400 headrope, 601 sidewalls","2022-08-23T18:20:00Z",56.48,-165.99,"2022-08-23T18:50:00Z",56.51,-166.02,NA,87,55.5,23.73,"191.42",40504,NA,NA,"2022-08-23T18:15:00Z",56.48,56.48,NA,NA,NA,0,0,NA
"824","2022-08-23T18:50:00Z","20220308011","2022","0308","011","51671","Cyanea capillata","Cyanea capillata","U",NA,4,884,"400601","05","Bering Sea",11,2022,"56.5-166","S","Can Trawl 400 headrope, 601 sidewalls","2022-08-23T18:20:00Z",56.48,-165.99,"2022-08-23T18:50:00Z",56.51,-166.02,NA,87,55.5,23.73,"191.42",40561,NA,NA,"2022-08-23T18:15:00Z",56.48,56.48,NA,NA,NA,0,0,NA
"825","2022-08-23T18:50:00Z","20220308011","2022","0308","011","161976","Chum Salmon","Oncorhynchus keta","IM",NA,1,2580,"400601","05","Bering Sea",11,2022,"56.5-166","S","Can Trawl 400 headrope, 601 sidewalls","2022-08-23T18:20:00Z",56.48,-165.99,"2022-08-23T18:50:00Z",56.51,-166.02,NA,87,55.5,23.73,"191.42",23235,"8755010202",NA,"2022-08-23T18:15:00Z",56.48,56.48,NA,NA,NA,0,0,NA
"826","2022-08-23T18:50:00Z","20220308011","2022","0308","011","161976","Chum Salmon","Oncorhynchus keta","J",NA,1,102,"400601","05","Bering Sea",11,2022,"56.5-166","S","Can Trawl 400 headrope, 601 sidewalls","2022-08-23T18:20:00Z",56.48,-165.99,"2022-08-23T18:50:00Z",56.51,-166.02,NA,87,55.5,23.73,"191.42",23235,"8755010202",NA,"2022-08-23T18:15:00Z",56.48,56.48,NA,NA,NA,0,0,NA
"827","2022-08-23T18:50:00Z","20220308011","2022","0308","011","161979","Sockeye Salmon","Oncorhynchus nerka","J",NA,371,37810,"400601","05","Bering Sea",11,2022,"56.5-166","S","Can Trawl 400 headrope, 601 sidewalls","2022-08-23T18:20:00Z",56.48,-165.99,"2022-08-23T18:50:00Z",56.51,-166.02,NA,87,55.5,23.73,"191.42",23240,"8755010205",NA,"2022-08-23T18:15:00Z",56.48,56.48,NA,NA,NA,0,0,NA
"828","2022-08-23T18:50:00Z","20220308011","2022","0308","011","164711","Pacific Cod","Gadus macrocephalus","A0",NA,7,13,"400601","05","Bering Sea",11,2022,"56.5-166","S","Can Trawl 400 headrope, 601 sidewalls","2022-08-23T18:20:00Z",56.48,-165.99,"2022-08-23T18:50:00Z",56.51,-166.02,NA,87,55.5,23.73,"191.42",21720,"8791030401",NA,"2022-08-23T18:15:00Z",56.48,56.48,NA,NA,NA,0,0,NA
"829","2023-08-31T02:41:00Z","20230201003","2023","0201","003","171337","Bering Wolffish","Anarhichas orientalis","U","TC",1,64,"400601","05","Bering Sea",3,2023,"60-170","S","Can Trawl 400 headrope, 601 sidewalls","2023-08-31T02:11:00Z",59.99,-170.01,"2023-08-31T02:41:00Z",59.99,-170.07,NA,49,54.33,23.34,"330",20322,"8842020101",NA,NA,0,0,NA,NA,NA,0,0,NA
"830","2023-08-31T02:41:00Z","20230201003","2023","0201","003","551209","Pacific Herring","Clupea pallasi","A1+","TC",5,364,"400601","05","Bering Sea",3,2023,"60-170","S","Can Trawl 400 headrope, 601 sidewalls","2023-08-31T02:11:00Z",59.99,-170.01,"2023-08-31T02:41:00Z",59.99,-170.07,NA,49,54.33,23.34,"330",21110,"8747010201",NA,NA,0,0,NA,NA,NA,0,0,NA
"831","2023-08-31T02:41:00Z","20230201003","2023","0201","003","622287","Arctic Lamprey","Lethenteron camtschaticum","U","TC",3,237,"400601","05","Bering Sea",3,2023,"60-170","S","Can Trawl 400 headrope, 601 sidewalls","2023-08-31T02:11:00Z",59.99,-170.01,"2023-08-31T02:41:00Z",59.99,-170.07,NA,49,54.33,23.34,"330",NA,"8603010201",NA,NA,0,0,NA,NA,NA,0,0,NA
"832","2023-08-31T02:41:00Z","20230201003","2023","0201","003","934083","Pollock","Gadus chalcogrammus","A0","SC",4871.38,2061,"400601","05","Bering Sea",3,2023,"60-170","S","Can Trawl 400 headrope, 601 sidewalls","2023-08-31T02:11:00Z",59.99,-170.01,"2023-08-31T02:41:00Z",59.99,-170.07,NA,49,54.33,23.34,"330",21740,"8791030701",NA,NA,0,0,NA,NA,NA,0,0,NA
"833","2023-08-31T02:41:00Z","20230201003","2023","0201","003","934083","Pollock","Gadus chalcogrammus","A1","TC",3,78,"400601","05","Bering Sea",3,2023,"60-170","S","Can Trawl 400 headrope, 601 sidewalls","2023-08-31T02:11:00Z",59.99,-170.01,"2023-08-31T02:41:00Z",59.99,-170.07,NA,49,54.33,23.34,"330",21740,"8791030701",NA,NA,0,0,NA,NA,NA,0,0,NA
"834","2023-08-31T02:41:00Z","20230201003","2023","0201","003","934083","Pollock","Gadus chalcogrammus","A1+","TC",2,1530,"400601","05","Bering Sea",3,2023,"60-170","S","Can Trawl 400 headrope, 601 sidewalls","2023-08-31T02:11:00Z",59.99,-170.01,"2023-08-31T02:41:00Z",59.99,-170.07,NA,49,54.33,23.34,"330",21740,"8791030701",NA,NA,0,0,NA,NA,NA,0,0,NA
"835","2023-08-31T17:49:00Z","20230201004","2023","0201","004","51641","Northern Sea Nettle","Chrysaora melanaster","U","SC",79.88,65048.6,"400601","05","Bering Sea",4,2023,"60-171","S","Can Trawl 400 headrope, 601 sidewalls","2023-08-31T17:19:00Z",59.99,-170.99,"2023-08-31T17:49:00Z",60.01,-170.93,NA,64,51.17,22.36,"330",40504,NA,NA,NA,0,0,NA,NA,NA,0,0,NA
"836","2023-08-31T17:49:00Z","20230201004","2023","0201","004","161976","Chum Salmon","Oncorhynchus keta","IM","TC",4,10730,"400601","05","Bering Sea",4,2023,"60-171","S","Can Trawl 400 headrope, 601 sidewalls","2023-08-31T17:19:00Z",59.99,-170.99,"2023-08-31T17:49:00Z",60.01,-170.93,NA,64,51.17,22.36,"330",23235,"8755010202",NA,NA,0,0,NA,NA,NA,0,0,NA
"837","2023-08-31T17:49:00Z","20230201004","2023","0201","004","161979","Sockeye Salmon","Oncorhynchus nerka","IM","TC",12,9020,"400601","05","Bering Sea",4,2023,"60-171","S","Can Trawl 400 headrope, 601 sidewalls","2023-08-31T17:19:00Z",59.99,-170.99,"2023-08-31T17:49:00Z",60.01,-170.93,NA,64,51.17,22.36,"330",23240,"8755010205",NA,NA,0,0,NA,NA,NA,0,0,NA
"838","2023-08-31T17:49:00Z","20230201004","2023","0201","004","162035","Capelin","Mallotus villosus","U","TC",109.48,981,"400601","05","Bering Sea",4,2023,"60-171","S","Can Trawl 400 headrope, 601 sidewalls","2023-08-31T17:19:00Z",59.99,-170.99,"2023-08-31T17:49:00Z",60.01,-170.93,NA,64,51.17,22.36,"330",23041,"8755030201",NA,NA,0,0,NA,NA,NA,0,0,NA
"839","2023-08-31T17:49:00Z","20230201004","2023","0201","004","164711","Pacific Cod","Gadus macrocephalus","A0","TC",1,7,"400601","05","Bering Sea",4,2023,"60-171","S","Can Trawl 400 headrope, 601 sidewalls","2023-08-31T17:19:00Z",59.99,-170.99,"2023-08-31T17:49:00Z",60.01,-170.93,NA,64,51.17,22.36,"330",21720,"8791030401",NA,NA,0,0,NA,NA,NA,0,0,NA
"840","2023-08-31T17:49:00Z","20230201004","2023","0201","004","551209","Pacific Herring","Clupea pallasi","A1+","TC",8,607,"400601","05","Bering Sea",4,2023,"60-171","S","Can Trawl 400 headrope, 601 sidewalls","2023-08-31T17:19:00Z",59.99,-170.99,"2023-08-31T17:49:00Z",60.01,-170.93,NA,64,51.17,22.36,"330",21110,"8747010201",NA,NA,0,0,NA,NA,NA,0,0,NA
"841","2023-08-31T17:49:00Z","20230201004","2023","0201","004","622287","Arctic Lamprey","Lethenteron camtschaticum","U","TC",1,118,"400601","05","Bering Sea",4,2023,"60-171","S","Can Trawl 400 headrope, 601 sidewalls","2023-08-31T17:19:00Z",59.99,-170.99,"2023-08-31T17:49:00Z",60.01,-170.93,NA,64,51.17,22.36,"330",NA,"8603010201",NA,NA,0,0,NA,NA,NA,0,0,NA
"842","2023-08-31T17:49:00Z","20230201004","2023","0201","004","934083","Pollock","Gadus chalcogrammus","A0","SC",871.03,1315.4,"400601","05","Bering Sea",4,2023,"60-171","S","Can Trawl 400 headrope, 601 sidewalls","2023-08-31T17:19:00Z",59.99,-170.99,"2023-08-31T17:49:00Z",60.01,-170.93,NA,64,51.17,22.36,"330",21740,"8791030701",NA,NA,0,0,NA,NA,NA,0,0,NA
"843","2023-08-31T17:49:00Z","20230201004","2023","0201","004","934083","Pollock","Gadus chalcogrammus","A1","TC",1,30,"400601","05","Bering Sea",4,2023,"60-171","S","Can Trawl 400 headrope, 601 sidewalls","2023-08-31T17:19:00Z",59.99,-170.99,"2023-08-31T17:49:00Z",60.01,-170.93,NA,64,51.17,22.36,"330",21740,"8791030701",NA,NA,0,0,NA,NA,NA,0,0,NA
"844","2023-08-31T17:49:00Z","20230201004","2023","0201","004","934083","Pollock","Gadus chalcogrammus","A1+","TC",14,8900,"400601","05","Bering Sea",4,2023,"60-171","S","Can Trawl 400 headrope, 601 sidewalls","2023-08-31T17:19:00Z",59.99,-170.99,"2023-08-31T17:49:00Z",60.01,-170.93,NA,64,51.17,22.36,"330",21740,"8791030701",NA,NA,0,0,NA,NA,NA,0,0,NA
"845","2023-08-31T23:29:00Z","20230201005","2023","0201","005","51641","Northern Sea Nettle","Chrysaora melanaster","U","TC",0,4980,"400601","05","Bering Sea",5,2023,"60.5-171","S","Can Trawl 400 headrope, 601 sidewalls","2023-08-31T22:59:00Z",60.49,-170.99,"2023-08-31T23:29:00Z",60.49,-170.93,NA,59,52.32,20.17,"330",40504,NA,NA,NA,0,0,NA,NA,NA,0,0,NA
"846","2023-08-31T23:29:00Z","20230201005","2023","0201","005","161976","Chum Salmon","Oncorhynchus keta","IM","TC",1,2050,"400601","05","Bering Sea",5,2023,"60.5-171","S","Can Trawl 400 headrope, 601 sidewalls","2023-08-31T22:59:00Z",60.49,-170.99,"2023-08-31T23:29:00Z",60.49,-170.93,NA,59,52.32,20.17,"330",23235,"8755010202",NA,NA,0,0,NA,NA,NA,0,0,NA
"847","2023-08-31T23:29:00Z","20230201005","2023","0201","005","161979","Sockeye Salmon","Oncorhynchus nerka","IM","TC",3,1960,"400601","05","Bering Sea",5,2023,"60.5-171","S","Can Trawl 400 headrope, 601 sidewalls","2023-08-31T22:59:00Z",60.49,-170.99,"2023-08-31T23:29:00Z",60.49,-170.93,NA,59,52.32,20.17,"330",23240,"8755010205",NA,NA,0,0,NA,NA,NA,0,0,NA
"848","2023-08-31T23:29:00Z","20230201005","2023","0201","005","162035","Capelin","Mallotus villosus","U","TC",84.36,761,"400601","05","Bering Sea",5,2023,"60.5-171","S","Can Trawl 400 headrope, 601 sidewalls","2023-08-31T22:59:00Z",60.49,-170.99,"2023-08-31T23:29:00Z",60.49,-170.93,NA,59,52.32,20.17,"330",23041,"8755030201",NA,NA,0,0,NA,NA,NA,0,0,NA
"849","2023-08-31T23:29:00Z","20230201005","2023","0201","005","164711","Pacific Cod","Gadus macrocephalus","A0","TC",1,3,"400601","05","Bering Sea",5,2023,"60.5-171","S","Can Trawl 400 headrope, 601 sidewalls","2023-08-31T22:59:00Z",60.49,-170.99,"2023-08-31T23:29:00Z",60.49,-170.93,NA,59,52.32,20.17,"330",21720,"8791030401",NA,NA,0,0,NA,NA,NA,0,0,NA
"850","2023-08-31T23:29:00Z","20230201005","2023","0201","005","622287","Arctic Lamprey","Lethenteron camtschaticum","U","TC",1,140,"400601","05","Bering Sea",5,2023,"60.5-171","S","Can Trawl 400 headrope, 601 sidewalls","2023-08-31T22:59:00Z",60.49,-170.99,"2023-08-31T23:29:00Z",60.49,-170.93,NA,59,52.32,20.17,"330",NA,"8603010201",NA,NA,0,0,NA,NA,NA,0,0,NA
"851","2023-08-31T23:29:00Z","20230201005","2023","0201","005","934083","Pollock","Gadus chalcogrammus","A0","TC",4556,2680,"400601","05","Bering Sea",5,2023,"60.5-171","S","Can Trawl 400 headrope, 601 sidewalls","2023-08-31T22:59:00Z",60.49,-170.99,"2023-08-31T23:29:00Z",60.49,-170.93,NA,59,52.32,20.17,"330",21740,"8791030701",NA,NA,0,0,NA,NA,NA,0,0,NA
"852","2023-08-31T23:29:00Z","20230201005","2023","0201","005","934083","Pollock","Gadus chalcogrammus","A1","TC",2,43,"400601","05","Bering Sea",5,2023,"60.5-171","S","Can Trawl 400 headrope, 601 sidewalls","2023-08-31T22:59:00Z",60.49,-170.99,"2023-08-31T23:29:00Z",60.49,-170.93,NA,59,52.32,20.17,"330",21740,"8791030701",NA,NA,0,0,NA,NA,NA,0,0,NA
"853","2023-08-31T23:29:00Z","20230201005","2023","0201","005","934083","Pollock","Gadus chalcogrammus","A1+","TC",7,5010,"400601","05","Bering Sea",5,2023,"60.5-171","S","Can Trawl 400 headrope, 601 sidewalls","2023-08-31T22:59:00Z",60.49,-170.99,"2023-08-31T23:29:00Z",60.49,-170.93,NA,59,52.32,20.17,"330",21740,"8791030701",NA,NA,0,0,NA,NA,NA,0,0,NA
"854","2023-09-01T04:29:00Z","20230201006","2023","0201","006","51641","Northern Sea Nettle","Chrysaora melanaster","U","TC",0,7450,"400601","05","Bering Sea",6,2023,"60.5-170","S","Can Trawl 400 headrope, 601 sidewalls","2023-09-01T03:59:00Z",60.5,-169.99,"2023-09-01T04:29:00Z",60.51,-169.93,NA,45,55.4,22.85,"330",40504,NA,NA,NA,0,0,NA,NA,NA,0,0,NA
"855","2023-09-01T04:29:00Z","20230201006","2023","0201","006","161979","Sockeye Salmon","Oncorhynchus nerka","IM","TC",2,780,"400601","05","Bering Sea",6,2023,"60.5-170","S","Can Trawl 400 headrope, 601 sidewalls","2023-09-01T03:59:00Z",60.5,-169.99,"2023-09-01T04:29:00Z",60.51,-169.93,NA,45,55.4,22.85,"330",23240,"8755010205",NA,NA,0,0,NA,NA,NA,0,0,NA
"856","2023-09-01T04:29:00Z","20230201006","2023","0201","006","161979","Sockeye Salmon","Oncorhynchus nerka","J","TC",1,91,"400601","05","Bering Sea",6,2023,"60.5-170","S","Can Trawl 400 headrope, 601 sidewalls","2023-09-01T03:59:00Z",60.5,-169.99,"2023-09-01T04:29:00Z",60.51,-169.93,NA,45,55.4,22.85,"330",23240,"8755010205",NA,NA,0,0,NA,NA,NA,0,0,NA
"857","2023-09-01T04:29:00Z","20230201006","2023","0201","006","161980","Chinook Salmon","Oncorhynchus tshawytscha","IM","TC",2,1610,"400601","05","Bering Sea",6,2023,"60.5-170","S","Can Trawl 400 headrope, 601 sidewalls","2023-09-01T03:59:00Z",60.5,-169.99,"2023-09-01T04:29:00Z",60.51,-169.93,NA,45,55.4,22.85,"330",23220,"8755010206",NA,NA,0,0,NA,NA,NA,0,0,NA
"858","2023-09-01T04:29:00Z","20230201006","2023","0201","006","162035","Capelin","Mallotus villosus","U","TC",4,35,"400601","05","Bering Sea",6,2023,"60.5-170","S","Can Trawl 400 headrope, 601 sidewalls","2023-09-01T03:59:00Z",60.5,-169.99,"2023-09-01T04:29:00Z",60.51,-169.93,NA,45,55.4,22.85,"330",23041,"8755030201",NA,NA,0,0,NA,NA,NA,0,0,NA
"859","2023-09-01T04:29:00Z","20230201006","2023","0201","006","164711","Pacific Cod","Gadus macrocephalus","A0","TC",3,24,"400601","05","Bering Sea",6,2023,"60.5-170","S","Can Trawl 400 headrope, 601 sidewalls","2023-09-01T03:59:00Z",60.5,-169.99,"2023-09-01T04:29:00Z",60.51,-169.93,NA,45,55.4,22.85,"330",21720,"8791030401",NA,NA,0,0,NA,NA,NA,0,0,NA
"860","2023-09-01T04:29:00Z","20230201006","2023","0201","006","934083","Pollock","Gadus chalcogrammus","A0","TC",4236.27,4321,"400601","05","Bering Sea",6,2023,"60.5-170","S","Can Trawl 400 headrope, 601 sidewalls","2023-09-01T03:59:00Z",60.5,-169.99,"2023-09-01T04:29:00Z",60.51,-169.93,NA,45,55.4,22.85,"330",21740,"8791030701",NA,NA,0,0,NA,NA,NA,0,0,NA
"861","2023-09-01T04:29:00Z","20230201006","2023","0201","006","934083","Pollock","Gadus chalcogrammus","A1","TC",6,197,"400601","05","Bering Sea",6,2023,"60.5-170","S","Can Trawl 400 headrope, 601 sidewalls","2023-09-01T03:59:00Z",60.5,-169.99,"2023-09-01T04:29:00Z",60.51,-169.93,NA,45,55.4,22.85,"330",21740,"8791030701",NA,NA,0,0,NA,NA,NA,0,0,NA
"862","2023-09-01T04:29:00Z","20230201006","2023","0201","006","934083","Pollock","Gadus chalcogrammus","A1+","TC",1,950,"400601","05","Bering Sea",6,2023,"60.5-170","S","Can Trawl 400 headrope, 601 sidewalls","2023-09-01T03:59:00Z",60.5,-169.99,"2023-09-01T04:29:00Z",60.51,-169.93,NA,45,55.4,22.85,"330",21740,"8791030701",NA,NA,0,0,NA,NA,NA,0,0,NA
"863","2023-09-01T17:25:00Z","20230201007","2023","0201","007","50513","Staurophora mertensi","Staurophora mertensi","U","TC",0,159,"400601","05","Bering Sea",7,2023,"60.5-169","S","Can Trawl 400 headrope, 601 sidewalls","2023-09-01T16:55:00Z",60.5,-168.98,"2023-09-01T17:25:00Z",60.5,-168.9,NA,33,55.65,23.42,"330",NA,"40562",NA,NA,0,0,NA,NA,NA,0,0,NA
"864","2023-09-01T17:25:00Z","20230201007","2023","0201","007","51641","Northern Sea Nettle","Chrysaora melanaster","U","TC",14.28,17680,"400601","05","Bering Sea",7,2023,"60.5-169","S","Can Trawl 400 headrope, 601 sidewalls","2023-09-01T16:55:00Z",60.5,-168.98,"2023-09-01T17:25:00Z",60.5,-168.9,NA,33,55.65,23.42,"330",40504,NA,NA,NA,0,0,NA,NA,NA,0,0,NA
"865","2023-09-01T17:25:00Z","20230201007","2023","0201","007","51669","Cyanea sp.","Cyanea sp.","U","TC",0,580,"400601","05","Bering Sea",7,2023,"60.5-169","S","Can Trawl 400 headrope, 601 sidewalls","2023-09-01T16:55:00Z",60.5,-168.98,"2023-09-01T17:25:00Z",60.5,-168.9,NA,33,55.65,23.42,"330",40560,NA,NA,NA,0,0,NA,NA,NA,0,0,NA
"866","2023-09-01T17:25:00Z","20230201007","2023","0201","007","161979","Sockeye Salmon","Oncorhynchus nerka","IM","TC",1,810,"400601","05","Bering Sea",7,2023,"60.5-169","S","Can Trawl 400 headrope, 601 sidewalls","2023-09-01T16:55:00Z",60.5,-168.98,"2023-09-01T17:25:00Z",60.5,-168.9,NA,33,55.65,23.42,"330",23240,"8755010205",NA,NA,0,0,NA,NA,NA,0,0,NA
"867","2023-09-01T17:25:00Z","20230201007","2023","0201","007","162035","Capelin","Mallotus villosus","U","TC",1,8,"400601","05","Bering Sea",7,2023,"60.5-169","S","Can Trawl 400 headrope, 601 sidewalls","2023-09-01T16:55:00Z",60.5,-168.98,"2023-09-01T17:25:00Z",60.5,-168.9,NA,33,55.65,23.42,"330",23041,"8755030201",NA,NA,0,0,NA,NA,NA,0,0,NA
"868","2023-09-01T17:25:00Z","20230201007","2023","0201","007","164711","Pacific Cod","Gadus macrocephalus","A0","TC",5,16,"400601","05","Bering Sea",7,2023,"60.5-169","S","Can Trawl 400 headrope, 601 sidewalls","2023-09-01T16:55:00Z",60.5,-168.98,"2023-09-01T17:25:00Z",60.5,-168.9,NA,33,55.65,23.42,"330",21720,"8791030401",NA,NA,0,0,NA,NA,NA,0,0,NA
"869","2023-09-01T17:25:00Z","20230201007","2023","0201","007","172893","Starry Flounder","Platichthys stellatus","U","TC",1,1670,"400601","05","Bering Sea",7,2023,"60.5-169","S","Can Trawl 400 headrope, 601 sidewalls","2023-09-01T16:55:00Z",60.5,-168.98,"2023-09-01T17:25:00Z",60.5,-168.9,NA,33,55.65,23.42,"330",10220,"8857041401",NA,NA,0,0,NA,NA,NA,0,0,NA
"870","2023-09-01T17:25:00Z","20230201007","2023","0201","007","172930","Greenland Halibut","Reinhardtius hippoglossoides","U","TC",2,4,"400601","05","Bering Sea",7,2023,"60.5-169","S","Can Trawl 400 headrope, 601 sidewalls","2023-09-01T16:55:00Z",60.5,-168.98,"2023-09-01T17:25:00Z",60.5,-168.9,NA,33,55.65,23.42,"330",10115,"8857041801",NA,NA,0,0,NA,NA,NA,0,0,NA
"871","2023-09-01T17:25:00Z","20230201007","2023","0201","007","934083","Pollock","Gadus chalcogrammus","A0","TC",7399,6795,"400601","05","Bering Sea",7,2023,"60.5-169","S","Can Trawl 400 headrope, 601 sidewalls","2023-09-01T16:55:00Z",60.5,-168.98,"2023-09-01T17:25:00Z",60.5,-168.9,NA,33,55.65,23.42,"330",21740,"8791030701",NA,NA,0,0,NA,NA,NA,0,0,NA
"872","2023-09-01T17:25:00Z","20230201007","2023","0201","007","934083","Pollock","Gadus chalcogrammus","A1","TC",23,726,"400601","05","Bering Sea",7,2023,"60.5-169","S","Can Trawl 400 headrope, 601 sidewalls","2023-09-01T16:55:00Z",60.5,-168.98,"2023-09-01T17:25:00Z",60.5,-168.9,NA,33,55.65,23.42,"330",21740,"8791030701",NA,NA,0,0,NA,NA,NA,0,0,NA
"873","2023-09-01T17:25:00Z","20230201007","2023","0201","007","934083","Pollock","Gadus chalcogrammus","A1+","TC",17,14220,"400601","05","Bering Sea",7,2023,"60.5-169","S","Can Trawl 400 headrope, 601 sidewalls","2023-09-01T16:55:00Z",60.5,-168.98,"2023-09-01T17:25:00Z",60.5,-168.9,NA,33,55.65,23.42,"330",21740,"8791030701",NA,NA,0,0,NA,NA,NA,0,0,NA
"874","2023-09-01T21:44:00Z","20230201008","2023","0201","008","51641","Northern Sea Nettle","Chrysaora melanaster","U","TC",0,13360,"400601","05","Bering Sea",8,2023,"60.5-168","S","Can Trawl 400 headrope, 601 sidewalls","2023-09-01T21:14:00Z",60.49,-167.99,"2023-09-01T21:44:00Z",60.49,-167.93,NA,25,55.25,23.2,"330",40504,NA,NA,NA,0,0,NA,NA,NA,0,0,NA
"875","2023-09-01T21:44:00Z","20230201008","2023","0201","008","51669","Cyanea sp.","Cyanea sp.","U","TC",0,790,"400601","05","Bering Sea",8,2023,"60.5-168","S","Can Trawl 400 headrope, 601 sidewalls","2023-09-01T21:14:00Z",60.49,-167.99,"2023-09-01T21:44:00Z",60.49,-167.93,NA,25,55.25,23.2,"330",40560,NA,NA,NA,0,0,NA,NA,NA,0,0,NA
"876","2023-09-01T21:44:00Z","20230201008","2023","0201","008","161975","Pink Salmon","Oncorhynchus gorbuscha","J","TC",199.86,8922,"400601","05","Bering Sea",8,2023,"60.5-168","S","Can Trawl 400 headrope, 601 sidewalls","2023-09-01T21:14:00Z",60.49,-167.99,"2023-09-01T21:44:00Z",60.49,-167.93,NA,25,55.25,23.2,"330",23230,"8755010201",NA,NA,0,0,NA,NA,NA,0,0,NA
"877","2023-09-01T21:44:00Z","20230201008","2023","0201","008","161976","Chum Salmon","Oncorhynchus keta","J","TC",204.85,13930,"400601","05","Bering Sea",8,2023,"60.5-168","S","Can Trawl 400 headrope, 601 sidewalls","2023-09-01T21:14:00Z",60.49,-167.99,"2023-09-01T21:44:00Z",60.49,-167.93,NA,25,55.25,23.2,"330",23235,"8755010202",NA,NA,0,0,NA,NA,NA,0,0,NA
"878","2023-09-01T21:44:00Z","20230201008","2023","0201","008","161980","Chinook Salmon","Oncorhynchus tshawytscha","IM","TC",1,5470,"400601","05","Bering Sea",8,2023,"60.5-168","S","Can Trawl 400 headrope, 601 sidewalls","2023-09-01T21:14:00Z",60.49,-167.99,"2023-09-01T21:44:00Z",60.49,-167.93,NA,25,55.25,23.2,"330",23220,"8755010206",NA,NA,0,0,NA,NA,NA,0,0,NA
"879","2023-09-01T21:44:00Z","20230201008","2023","0201","008","161980","Chinook Salmon","Oncorhynchus tshawytscha","J","TC",6,821,"400601","05","Bering Sea",8,2023,"60.5-168","S","Can Trawl 400 headrope, 601 sidewalls","2023-09-01T21:14:00Z",60.49,-167.99,"2023-09-01T21:44:00Z",60.49,-167.93,NA,25,55.25,23.2,"330",23220,"8755010206",NA,NA,0,0,NA,NA,NA,0,0,NA
"880","2023-09-01T21:44:00Z","20230201008","2023","0201","008","162041","Rainbow Smelt","Osmerus mordax dentex","U","TC",1,40,"400601","05","Bering Sea",8,2023,"60.5-168","S","Can Trawl 400 headrope, 601 sidewalls","2023-09-01T21:14:00Z",60.49,-167.99,"2023-09-01T21:44:00Z",60.49,-167.93,NA,25,55.25,23.2,"330",23055,"8755030302",NA,NA,0,0,NA,NA,NA,0,0,NA
"881","2023-09-01T21:44:00Z","20230201008","2023","0201","008","172932","Pacific Halibut","Hippoglossus stenolepis","U","TC",2,4040,"400601","05","Bering Sea",8,2023,"60.5-168","S","Can Trawl 400 headrope, 601 sidewalls","2023-09-01T21:14:00Z",60.49,-167.99,"2023-09-01T21:44:00Z",60.49,-167.93,NA,25,55.25,23.2,"330",10120,"8857041901",NA,NA,0,0,NA,NA,NA,0,0,NA
"882","2023-09-01T21:44:00Z","20230201008","2023","0201","008","551209","Pacific Herring","Clupea pallasi","A1+","TC",38,1039,"400601","05","Bering Sea",8,2023,"60.5-168","S","Can Trawl 400 headrope, 601 sidewalls","2023-09-01T21:14:00Z",60.49,-167.99,"2023-09-01T21:44:00Z",60.49,-167.93,NA,25,55.25,23.2,"330",21110,"8747010201",NA,NA,0,0,NA,NA,NA,0,0,NA
"883","2023-09-01T21:44:00Z","20230201008","2023","0201","008","934083","Pollock","Gadus chalcogrammus","A0","TC",9166.5,8148,"400601","05","Bering Sea",8,2023,"60.5-168","S","Can Trawl 400 headrope, 601 sidewalls","2023-09-01T21:14:00Z",60.49,-167.99,"2023-09-01T21:44:00Z",60.49,-167.93,NA,25,55.25,23.2,"330",21740,"8791030701",NA,NA,0,0,NA,NA,NA,0,0,NA
"884","2023-09-02T02:19:00Z","20230201009","2023","0201","009","51669","Cyanea sp.","Cyanea sp.","U","TC",0,4970,"400601","05","Bering Sea",9,2023,"60.5-167","S","Can Trawl 400 headrope, 601 sidewalls","2023-09-02T01:49:00Z",60.5,-167,"2023-09-02T02:19:00Z",60.53,-166.99,NA,20,54.41,22.07,"300",40560,NA,NA,NA,0,0,NA,NA,NA,0,0,NA
"885","2023-09-02T02:19:00Z","20230201009","2023","0201","009","161975","Pink Salmon","Oncorhynchus gorbuscha","J","TC",158.11,5550,"400601","05","Bering Sea",9,2023,"60.5-167","S","Can Trawl 400 headrope, 601 sidewalls","2023-09-02T01:49:00Z",60.5,-167,"2023-09-02T02:19:00Z",60.53,-166.99,NA,20,54.41,22.07,"300",23230,"8755010201",NA,NA,0,0,NA,NA,NA,0,0,NA
"886","2023-09-02T02:19:00Z","20230201009","2023","0201","009","161976","Chum Salmon","Oncorhynchus keta","J","TC",219.81,11870,"400601","05","Bering Sea",9,2023,"60.5-167","S","Can Trawl 400 headrope, 601 sidewalls","2023-09-02T01:49:00Z",60.5,-167,"2023-09-02T02:19:00Z",60.53,-166.99,NA,20,54.41,22.07,"300",23235,"8755010202",NA,NA,0,0,NA,NA,NA,0,0,NA
"887","2021-09-13T17:22:00Z","20210201042","2021","0201","042","161977","Coho Salmon","Oncorhynchus kisutch","J",NA,2,550,"400601","04","Bering Sea",42,2021,NA,"S","Can Trawl 400 headrope, 601 sidewalls","2021-09-13T16:51:00Z",64,-166.94,"2021-09-13T17:22:00Z",64,-166.87,NA,32,47.75,23.2,"330",23225,"8755010203",NA,NA,0,0,NA,NA,NA,0,0,NA
"888","2021-09-13T17:22:00Z","20210201042","2021","0201","042","161980","Chinook Salmon","Oncorhynchus tshawytscha","IM",NA,1,1018,"400601","04","Bering Sea",42,2021,NA,"S","Can Trawl 400 headrope, 601 sidewalls","2021-09-13T16:51:00Z",64,-166.94,"2021-09-13T17:22:00Z",64,-166.87,NA,32,47.75,23.2,"330",23220,"8755010206",NA,NA,0,0,NA,NA,NA,0,0,NA
"889","2021-09-13T17:22:00Z","20210201042","2021","0201","042","162035","Capelin","Mallotus villosus","U",NA,2,12,"400601","04","Bering Sea",42,2021,NA,"S","Can Trawl 400 headrope, 601 sidewalls","2021-09-13T16:51:00Z",64,-166.94,"2021-09-13T17:22:00Z",64,-166.87,NA,32,47.75,23.2,"330",23041,"8755030201",NA,NA,0,0,NA,NA,NA,0,0,NA
"890","2021-09-13T17:22:00Z","20210201042","2021","0201","042","551209","Pacific Herring","Clupea pallasi","A1+",NA,1,88,"400601","04","Bering Sea",42,2021,NA,"S","Can Trawl 400 headrope, 601 sidewalls","2021-09-13T16:51:00Z",64,-166.94,"2021-09-13T17:22:00Z",64,-166.87,NA,32,47.75,23.2,"330",21110,"8747010201",NA,NA,0,0,NA,NA,NA,0,0,NA
"891","2021-09-13T17:22:00Z","20210201042","2021","0201","042","934083","Pollock","Gadus chalcogrammus","A0",NA,21,30,"400601","04","Bering Sea",42,2021,NA,"S","Can Trawl 400 headrope, 601 sidewalls","2021-09-13T16:51:00Z",64,-166.94,"2021-09-13T17:22:00Z",64,-166.87,NA,32,47.75,23.2,"330",21740,"8791030701",NA,NA,0,0,NA,NA,NA,0,0,NA
"892","2021-09-13T17:22:00Z","20210201042","2021","0201","042","934083","Pollock","Gadus chalcogrammus","A1+",NA,5,632,"400601","04","Bering Sea",42,2021,NA,"S","Can Trawl 400 headrope, 601 sidewalls","2021-09-13T16:51:00Z",64,-166.94,"2021-09-13T17:22:00Z",64,-166.87,NA,32,47.75,23.2,"330",21740,"8791030701",NA,NA,0,0,NA,NA,NA,0,0,NA
"893","2021-09-13T21:24:00Z","20210201043","2021","0201","043","51641","Northern Sea Nettle","Chrysaora melanaster","U",NA,0,3700,"400601","04","Bering Sea",43,2021,NA,"S","Can Trawl 400 headrope, 601 sidewalls","2021-09-13T20:53:00Z",63.99,-165.95,"2021-09-13T21:24:00Z",63.98,-165.88,NA,21,52.55,17.83,"330",40504,NA,NA,NA,0,0,NA,NA,NA,0,0,NA
"894","2021-09-13T21:24:00Z","20210201043","2021","0201","043","97935","Red king crab","Paralithodes camtschaticus","U",NA,1,830,"400601","04","Bering Sea",43,2021,NA,"S","Can Trawl 400 headrope, 601 sidewalls","2021-09-13T20:53:00Z",63.99,-165.95,"2021-09-13T21:24:00Z",63.98,-165.88,NA,21,52.55,17.83,"330",NA,"69322",NA,NA,0,0,NA,NA,NA,0,0,NA
"895","2021-09-13T21:24:00Z","20210201043","2021","0201","043","156862","starfish unident.","Asteroidea","U",NA,1,350,"400601","04","Bering Sea",43,2021,NA,"S","Can Trawl 400 headrope, 601 sidewalls","2021-09-13T20:53:00Z",63.99,-165.95,"2021-09-13T21:24:00Z",63.98,-165.88,NA,21,52.55,17.83,"330",NA,NA,NA,NA,0,0,NA,NA,NA,0,0,NA
"896","2021-09-13T21:24:00Z","20210201043","2021","0201","043","161977","Coho Salmon","Oncorhynchus kisutch","J",NA,2,471,"400601","04","Bering Sea",43,2021,NA,"S","Can Trawl 400 headrope, 601 sidewalls","2021-09-13T20:53:00Z",63.99,-165.95,"2021-09-13T21:24:00Z",63.98,-165.88,NA,21,52.55,17.83,"330",23225,"8755010203",NA,NA,0,0,NA,NA,NA,0,0,NA
"897","2021-09-13T21:24:00Z","20210201043","2021","0201","043","162041","Rainbow Smelt","Osmerus mordax dentex","U",NA,1,37,"400601","04","Bering Sea",43,2021,NA,"S","Can Trawl 400 headrope, 601 sidewalls","2021-09-13T20:53:00Z",63.99,-165.95,"2021-09-13T21:24:00Z",63.98,-165.88,NA,21,52.55,17.83,"330",23055,"8755030302",NA,NA,0,0,NA,NA,NA,0,0,NA
"898","2021-09-13T21:24:00Z","20210201043","2021","0201","043","164708","Saffron Cod","Eleginus gracilis","A0",NA,3,33,"400601","04","Bering Sea",43,2021,NA,"S","Can Trawl 400 headrope, 601 sidewalls","2021-09-13T20:53:00Z",63.99,-165.95,"2021-09-13T21:24:00Z",63.98,-165.88,NA,21,52.55,17.83,"330",21735,"8791030301",NA,NA,0,0,NA,NA,NA,0,0,NA
"899","2021-09-13T21:24:00Z","20210201043","2021","0201","043","164708","Saffron Cod","Eleginus gracilis","A1+",NA,1,116,"400601","04","Bering Sea",43,2021,NA,"S","Can Trawl 400 headrope, 601 sidewalls","2021-09-13T20:53:00Z",63.99,-165.95,"2021-09-13T21:24:00Z",63.98,-165.88,NA,21,52.55,17.83,"330",21735,"8791030301",NA,NA,0,0,NA,NA,NA,0,0,NA
"900","2021-09-13T21:24:00Z","20210201043","2021","0201","043","166365","Threespine stickleback","Gasterosteus aculeatus","U",NA,60,332,"400601","04","Bering Sea",43,2021,NA,"S","Can Trawl 400 headrope, 601 sidewalls","2021-09-13T20:53:00Z",63.99,-165.95,"2021-09-13T21:24:00Z",63.98,-165.88,NA,21,52.55,17.83,"330",21752,"8818010101",NA,NA,0,0,NA,NA,NA,0,0,NA
"901","2021-09-13T21:24:00Z","20210201043","2021","0201","043","166387","Nine-spine Stickleback","Pungitius pungitius","U",NA,38,70,"400601","04","Bering Sea",43,2021,NA,"S","Can Trawl 400 headrope, 601 sidewalls","2021-09-13T20:53:00Z",63.99,-165.95,"2021-09-13T21:24:00Z",63.98,-165.88,NA,21,52.55,17.83,"330",21753,"8818010201",NA,NA,0,0,NA,NA,NA,0,0,NA
"902","2021-09-13T21:24:00Z","20210201043","2021","0201","043","171672","Arctic Sand Lance","Ammodytes hexapterus","U",NA,9,19,"400601","04","Bering Sea",43,2021,NA,"S","Can Trawl 400 headrope, 601 sidewalls","2021-09-13T20:53:00Z",63.99,-165.95,"2021-09-13T21:24:00Z",63.98,-165.88,NA,21,52.55,17.83,"330",20203,"8845010101",NA,NA,0,0,NA,NA,NA,0,0,NA
"903","2021-09-13T21:24:00Z","20210201043","2021","0201","043","172893","Starry Flounder","Platichthys stellatus","U",NA,1,400,"400601","04","Bering Sea",43,2021,NA,"S","Can Trawl 400 headrope, 601 sidewalls","2021-09-13T20:53:00Z",63.99,-165.95,"2021-09-13T21:24:00Z",63.98,-165.88,NA,21,52.55,17.83,"330",10220,"8857041401",NA,NA,0,0,NA,NA,NA,0,0,NA
"904","2022-09-11T02:03:00Z","20220202025","2022","0202","025","934083","Pollock","Gadus chalcogrammus","A1+",NA,4,3800,"400601","03",NA,25,2022,NA,"S","Can Trawl 400 headrope, 601 sidewalls","2022-09-11T01:33:00Z",62.5,-167.95,"2022-09-11T02:03:00Z",62.51,-167.88,NA,30,49.56,23.56,"330",21740,"8791030701",NA,NA,0,0,NA,NA,NA,0,0,NA
"905","2022-09-11T17:27:00Z","20220202026","2022","0202","026","51641","Northern Sea Nettle","Chrysaora melanaster","U",NA,0,13430,"400601","03",NA,26,2022,NA,"S","Can Trawl 400 headrope, 601 sidewalls","2022-09-11T16:56:00Z",63.01,-166,"2022-09-11T17:27:00Z",63.05,-166.04,NA,21,49.76,15.72,"330",40504,NA,NA,NA,0,0,NA,NA,NA,0,0,NA
"906","2022-09-11T17:27:00Z","20220202026","2022","0202","026","51671","Cyanea capillata","Cyanea capillata","U",NA,0,2860,"400601","03",NA,26,2022,NA,"S","Can Trawl 400 headrope, 601 sidewalls","2022-09-11T16:56:00Z",63.01,-166,"2022-09-11T17:27:00Z",63.05,-166.04,NA,21,49.76,15.72,"330",40561,NA,NA,NA,0,0,NA,NA,NA,0,0,NA
"907","2022-09-11T17:27:00Z","20220202026","2022","0202","026","159910","Salmon Shark","Lamna ditropis","U",NA,1,250000,"400601","03",NA,26,2022,NA,"S","Can Trawl 400 headrope, 601 sidewalls","2022-09-11T16:56:00Z",63.01,-166,"2022-09-11T17:27:00Z",63.05,-166.04,NA,21,49.76,15.72,"330",232,"8707040301","Tagged for Sabrina Garcia",NA,0,0,NA,NA,NA,0,0,NA
"908","2022-09-11T17:27:00Z","20220202026","2022","0202","026","161975","Pink Salmon","Oncorhynchus gorbuscha","J",NA,1,67,"400601","03",NA,26,2022,NA,"S","Can Trawl 400 headrope, 601 sidewalls","2022-09-11T16:56:00Z",63.01,-166,"2022-09-11T17:27:00Z",63.05,-166.04,NA,21,49.76,15.72,"330",23230,"8755010201",NA,NA,0,0,NA,NA,NA,0,0,NA
"909","2022-09-11T17:27:00Z","20220202026","2022","0202","026","161976","Chum Salmon","Oncorhynchus keta","J",NA,16,1063,"400601","03",NA,26,2022,NA,"S","Can Trawl 400 headrope, 601 sidewalls","2022-09-11T16:56:00Z",63.01,-166,"2022-09-11T17:27:00Z",63.05,-166.04,NA,21,49.76,15.72,"330",23235,"8755010202",NA,NA,0,0,NA,NA,NA,0,0,NA
"910","2022-09-11T17:27:00Z","20220202026","2022","0202","026","161977","Coho Salmon","Oncorhynchus kisutch","J",NA,9,2852,"400601","03",NA,26,2022,NA,"S","Can Trawl 400 headrope, 601 sidewalls","2022-09-11T16:56:00Z",63.01,-166,"2022-09-11T17:27:00Z",63.05,-166.04,NA,21,49.76,15.72,"330",23225,"8755010203",NA,NA,0,0,NA,NA,NA,0,0,NA
"911","2022-09-11T17:27:00Z","20220202026","2022","0202","026","161980","Chinook Salmon","Oncorhynchus tshawytscha","J",NA,2,289,"400601","03",NA,26,2022,NA,"S","Can Trawl 400 headrope, 601 sidewalls","2022-09-11T16:56:00Z",63.01,-166,"2022-09-11T17:27:00Z",63.05,-166.04,NA,21,49.76,15.72,"330",23220,"8755010206",NA,NA,0,0,NA,NA,NA,0,0,NA
"912","2022-09-11T17:27:00Z","20220202026","2022","0202","026","162041","Rainbow Smelt","Osmerus mordax dentex","U",NA,28,726,"400601","03",NA,26,2022,NA,"S","Can Trawl 400 headrope, 601 sidewalls","2022-09-11T16:56:00Z",63.01,-166,"2022-09-11T17:27:00Z",63.05,-166.04,NA,21,49.76,15.72,"330",23055,"8755030302",NA,NA,0,0,NA,NA,NA,0,0,NA
"913","2022-09-11T17:27:00Z","20220202026","2022","0202","026","166365","Threespine stickleback","Gasterosteus aculeatus","U",NA,4,19,"400601","03",NA,26,2022,NA,"S","Can Trawl 400 headrope, 601 sidewalls","2022-09-11T16:56:00Z",63.01,-166,"2022-09-11T17:27:00Z",63.05,-166.04,NA,21,49.76,15.72,"330",21752,"8818010101",NA,NA,0,0,NA,NA,NA,0,0,NA
"914","2022-09-11T17:27:00Z","20220202026","2022","0202","026","167220","Crested Sculpin","Blepsias bilobus","U",NA,1,21,"400601","03",NA,26,2022,NA,"S","Can Trawl 400 headrope, 601 sidewalls","2022-09-11T16:56:00Z",63.01,-166,"2022-09-11T17:27:00Z",63.05,-166.04,NA,21,49.76,15.72,"330",21397,"8831020601",NA,NA,0,0,NA,NA,NA,0,0,NA
"915","2022-09-11T17:27:00Z","20220202026","2022","0202","026","171337","Bering Wolffish","Anarhichas orientalis","U",NA,1,76,"400601","03",NA,26,2022,NA,"S","Can Trawl 400 headrope, 601 sidewalls","2022-09-11T16:56:00Z",63.01,-166,"2022-09-11T17:27:00Z",63.05,-166.04,NA,21,49.76,15.72,"330",20322,"8842020101",NA,NA,0,0,NA,NA,NA,0,0,NA
"916","2022-09-11T17:27:00Z","20220202026","2022","0202","026","551209","Pacific Herring","Clupea pallasi","A0",NA,2495.32,3325,"400601","03",NA,26,2022,NA,"S","Can Trawl 400 headrope, 601 sidewalls","2022-09-11T16:56:00Z",63.01,-166,"2022-09-11T17:27:00Z",63.05,-166.04,NA,21,49.76,15.72,"330",21110,"8747010201","BAKER AND GLASS RECEIVED SAMPLES FROM TOSS ",NA,0,0,NA,NA,NA,0,0,NA
"917","2022-09-11T17:27:00Z","20220202026","2022","0202","026","551209","Pacific Herring","Clupea pallasi","A1+",NA,242.65,7203,"400601","03",NA,26,2022,NA,"S","Can Trawl 400 headrope, 601 sidewalls","2022-09-11T16:56:00Z",63.01,-166,"2022-09-11T17:27:00Z",63.05,-166.04,NA,21,49.76,15.72,"330",21110,"8747010201",NA,NA,0,0,NA,NA,NA,0,0,NA
"918","2022-09-11T21:57:00Z","20220202027","2022","0202","027","50623","Aequorea  sp.","Aequorea sp.","U",NA,0,5040,"400601","03",NA,27,2022,NA,"S","Can Trawl 400 headrope, 601 sidewalls","2022-09-11T21:27:00Z",63.49,-166.01,"2022-09-11T21:57:00Z",63.48,-166.09,NA,25,49.88,20.81,"330",40506,NA,NA,NA,0,0,NA,NA,NA,0,0,NA
"919","2022-09-11T21:57:00Z","20220202027","2022","0202","027","51641","Northern Sea Nettle","Chrysaora melanaster","U",NA,0,60060,"400601","03",NA,27,2022,NA,"S","Can Trawl 400 headrope, 601 sidewalls","2022-09-11T21:27:00Z",63.49,-166.01,"2022-09-11T21:57:00Z",63.48,-166.09,NA,25,49.88,20.81,"330",40504,NA,NA,NA,0,0,NA,NA,NA,0,0,NA
"920","2022-09-11T21:57:00Z","20220202027","2022","0202","027","51671","Cyanea capillata","Cyanea capillata","U",NA,0,25150,"400601","03",NA,27,2022,NA,"S","Can Trawl 400 headrope, 601 sidewalls","2022-09-11T21:27:00Z",63.49,-166.01,"2022-09-11T21:57:00Z",63.48,-166.09,NA,25,49.88,20.81,"330",40561,NA,NA,NA,0,0,NA,NA,NA,0,0,NA
"921","2022-09-11T21:57:00Z","20220202027","2022","0202","027","51696","Phacellophora camtschatica","Phacellophora camtschatica","U",NA,2,530,"400601","03",NA,27,2022,NA,"S","Can Trawl 400 headrope, 601 sidewalls","2022-09-11T21:27:00Z",63.49,-166.01,"2022-09-11T21:57:00Z",63.48,-166.09,NA,25,49.88,20.81,"330",NA,NA,NA,NA,0,0,NA,NA,NA,0,0,NA
"922","2022-09-11T21:57:00Z","20220202027","2022","0202","027","161977","Coho Salmon","Oncorhynchus kisutch","J",NA,30,8880,"400601","03",NA,27,2022,NA,"S","Can Trawl 400 headrope, 601 sidewalls","2022-09-11T21:27:00Z",63.49,-166.01,"2022-09-11T21:57:00Z",63.48,-166.09,NA,25,49.88,20.81,"330",23225,"8755010203","WASHDOWN ",NA,0,0,NA,NA,NA,0,0,NA
"923","2022-09-11T21:57:00Z","20220202027","2022","0202","027","161980","Chinook Salmon","Oncorhynchus tshawytscha","IM",NA,2,1970,"400601","03",NA,27,2022,NA,"S","Can Trawl 400 headrope, 601 sidewalls","2022-09-11T21:27:00Z",63.49,-166.01,"2022-09-11T21:57:00Z",63.48,-166.09,NA,25,49.88,20.81,"330",23220,"8755010206",NA,NA,0,0,NA,NA,NA,0,0,NA
"924","2022-09-11T21:57:00Z","20220202027","2022","0202","027","161980","Chinook Salmon","Oncorhynchus tshawytscha","J",NA,9,1253,"400601","03",NA,27,2022,NA,"S","Can Trawl 400 headrope, 601 sidewalls","2022-09-11T21:27:00Z",63.49,-166.01,"2022-09-11T21:57:00Z",63.48,-166.09,NA,25,49.88,20.81,"330",23220,"8755010206",NA,NA,0,0,NA,NA,NA,0,0,NA
"925","2022-09-11T21:57:00Z","20220202027","2022","0202","027","162041","Rainbow Smelt","Osmerus mordax dentex","U",NA,17,484,"400601","03",NA,27,2022,NA,"S","Can Trawl 400 headrope, 601 sidewalls","2022-09-11T21:27:00Z",63.49,-166.01,"2022-09-11T21:57:00Z",63.48,-166.09,NA,25,49.88,20.81,"330",23055,"8755030302",NA,NA,0,0,NA,NA,NA,0,0,NA
"926","2022-09-11T21:57:00Z","20220202027","2022","0202","027","164708","Saffron Cod","Eleginus gracilis","A0",NA,4,59,"400601","03",NA,27,2022,NA,"S","Can Trawl 400 headrope, 601 sidewalls","2022-09-11T21:27:00Z",63.49,-166.01,"2022-09-11T21:57:00Z",63.48,-166.09,NA,25,49.88,20.81,"330",21735,"8791030301",NA,NA,0,0,NA,NA,NA,0,0,NA
"927","2022-09-11T21:57:00Z","20220202027","2022","0202","027","164708","Saffron Cod","Eleginus gracilis","A1+",NA,3,177,"400601","03",NA,27,2022,NA,"S","Can Trawl 400 headrope, 601 sidewalls","2022-09-11T21:27:00Z",63.49,-166.01,"2022-09-11T21:57:00Z",63.48,-166.09,NA,25,49.88,20.81,"330",21735,"8791030301",NA,NA,0,0,NA,NA,NA,0,0,NA
"928","2022-09-11T21:57:00Z","20220202027","2022","0202","027","166365","Threespine stickleback","Gasterosteus aculeatus","U",NA,8,51,"400601","03",NA,27,2022,NA,"S","Can Trawl 400 headrope, 601 sidewalls","2022-09-11T21:27:00Z",63.49,-166.01,"2022-09-11T21:57:00Z",63.48,-166.09,NA,25,49.88,20.81,"330",21752,"8818010101",NA,NA,0,0,NA,NA,NA,0,0,NA
"929","2022-09-11T21:57:00Z","20220202027","2022","0202","027","167220","Crested Sculpin","Blepsias bilobus","U",NA,1,7,"400601","03",NA,27,2022,NA,"S","Can Trawl 400 headrope, 601 sidewalls","2022-09-11T21:27:00Z",63.49,-166.01,"2022-09-11T21:57:00Z",63.48,-166.09,NA,25,49.88,20.81,"330",21397,"8831020601",NA,NA,0,0,NA,NA,NA,0,0,NA
"930","2022-09-11T21:57:00Z","20220202027","2022","0202","027","172907","Yellowfin Sole","Limanda aspera","U",NA,1,144,"400601","03",NA,27,2022,NA,"S","Can Trawl 400 headrope, 601 sidewalls","2022-09-11T21:27:00Z",63.49,-166.01,"2022-09-11T21:57:00Z",63.48,-166.09,NA,25,49.88,20.81,"330",10210,"8857041505",NA,NA,0,0,NA,NA,NA,0,0,NA
"931","2022-09-11T21:57:00Z","20220202027","2022","0202","027","172911","Longhead Dab","Limanda proboscidea","L",NA,1,1,"400601","03",NA,27,2022,NA,"S","Can Trawl 400 headrope, 601 sidewalls","2022-09-11T21:27:00Z",63.49,-166.01,"2022-09-11T21:57:00Z",63.48,-166.09,NA,25,49.88,20.81,"330",10211,"8857041507",NA,NA,0,0,NA,NA,NA,0,0,NA
"932","2022-09-11T21:57:00Z","20220202027","2022","0202","027","172930","Greenland Halibut","Reinhardtius hippoglossoides","L",NA,1,2,"400601","03",NA,27,2022,NA,"S","Can Trawl 400 headrope, 601 sidewalls","2022-09-11T21:27:00Z",63.49,-166.01,"2022-09-11T21:57:00Z",63.48,-166.09,NA,25,49.88,20.81,"330",10115,"8857041801",NA,NA,0,0,NA,NA,NA,0,0,NA
"933","2022-09-11T21:57:00Z","20220202027","2022","0202","027","551209","Pacific Herring","Clupea pallasi","A1+",NA,15,459,"400601","03",NA,27,2022,NA,"S","Can Trawl 400 headrope, 601 sidewalls","2022-09-11T21:27:00Z",63.49,-166.01,"2022-09-11T21:57:00Z",63.48,-166.09,NA,25,49.88,20.81,"330",21110,"8747010201",NA,NA,0,0,NA,NA,NA,0,0,NA
"934","2022-09-11T21:57:00Z","20220202027","2022","0202","027","934083","Pollock","Gadus chalcogrammus","A0",NA,1806.72,3826,"400601","03",NA,27,2022,NA,"S","Can Trawl 400 headrope, 601 sidewalls","2022-09-11T21:27:00Z",63.49,-166.01,"2022-09-11T21:57:00Z",63.48,-166.09,NA,25,49.88,20.81,"330",21740,"8791030701",NA,NA,0,0,NA,NA,NA,0,0,NA
"935","2022-09-12T02:30:00Z","20220202028","2022","0202","028","50623","Aequorea  sp.","Aequorea sp.","U",NA,0,2830,"400601","03",NA,28,2022,NA,"S","Can Trawl 400 headrope, 601 sidewalls","2022-09-12T01:59:00Z",63.49,-167,"2022-09-12T02:30:00Z",63.49,-167.08,NA,27,49.06,21.24,"330",40506,NA,NA,NA,0,0,NA,NA,NA,0,0,NA
"936","2022-09-12T02:30:00Z","20220202028","2022","0202","028","51641","Northern Sea Nettle","Chrysaora melanaster","U",NA,0,14120,"400601","03",NA,28,2022,NA,"S","Can Trawl 400 headrope, 601 sidewalls","2022-09-12T01:59:00Z",63.49,-167,"2022-09-12T02:30:00Z",63.49,-167.08,NA,27,49.06,21.24,"330",40504,NA,NA,NA,0,0,NA,NA,NA,0,0,NA
"937","2022-09-12T02:30:00Z","20220202028","2022","0202","028","51671","Cyanea capillata","Cyanea capillata","U",NA,0,21520,"400601","03",NA,28,2022,NA,"S","Can Trawl 400 headrope, 601 sidewalls","2022-09-12T01:59:00Z",63.49,-167,"2022-09-12T02:30:00Z",63.49,-167.08,NA,27,49.06,21.24,"330",40561,NA,NA,NA,0,0,NA,NA,NA,0,0,NA
"938","2022-09-12T02:30:00Z","20220202028","2022","0202","028","161977","Coho Salmon","Oncorhynchus kisutch","J",NA,1,440,"400601","03",NA,28,2022,NA,"S","Can Trawl 400 headrope, 601 sidewalls","2022-09-12T01:59:00Z",63.49,-167,"2022-09-12T02:30:00Z",63.49,-167.08,NA,27,49.06,21.24,"330",23225,"8755010203",NA,NA,0,0,NA,NA,NA,0,0,NA
"939","2022-09-12T02:30:00Z","20220202028","2022","0202","028","162035","Capelin","Mallotus villosus","U",NA,1114.03,10481,"400601","03",NA,28,2022,NA,"S","Can Trawl 400 headrope, 601 sidewalls","2022-09-12T01:59:00Z",63.49,-167,"2022-09-12T02:30:00Z",63.49,-167.08,NA,27,49.06,21.24,"330",23041,"8755030201",NA,NA,0,0,NA,NA,NA,0,0,NA
"940","2022-09-12T02:30:00Z","20220202028","2022","0202","028","164708","Saffron Cod","Eleginus gracilis","A0",NA,2,5,"400601","03",NA,28,2022,NA,"S","Can Trawl 400 headrope, 601 sidewalls","2022-09-12T01:59:00Z",63.49,-167,"2022-09-12T02:30:00Z",63.49,-167.08,NA,27,49.06,21.24,"330",21735,"8791030301",NA,NA,0,0,NA,NA,NA,0,0,NA
"941","2022-09-12T02:30:00Z","20220202028","2022","0202","028","166365","Threespine stickleback","Gasterosteus aculeatus","U",NA,0,9,"400601","03",NA,28,2022,NA,"S","Can Trawl 400 headrope, 601 sidewalls","2022-09-12T01:59:00Z",63.49,-167,"2022-09-12T02:30:00Z",63.49,-167.08,NA,27,49.06,21.24,"330",21752,"8818010101",NA,NA,0,0,NA,NA,NA,0,0,NA
"942","2022-09-12T02:30:00Z","20220202028","2022","0202","028","171672","Arctic Sand Lance","Ammodytes hexapterus","A0",NA,8,6,"400601","03",NA,28,2022,NA,"S","Can Trawl 400 headrope, 601 sidewalls","2022-09-12T01:59:00Z",63.49,-167,"2022-09-12T02:30:00Z",63.49,-167.08,NA,27,49.06,21.24,"330",20203,"8845010101",NA,NA,0,0,NA,NA,NA,0,0,NA
"943","2021-08-31T17:21:00Z","20210201004","2021","0201","004","161980","Chinook Salmon","Oncorhynchus tshawytscha","IM",NA,4,10080,"400601","04","Bering Sea",4,2021,NA,"S","Can Trawl 400 headrope, 601 sidewalls","2021-08-31T16:50:00Z",60,-170.97,"2021-08-31T17:21:00Z",60.02,-170.93,NA,68,50.18,19.29,"330",23220,"8755010206",NA,NA,0,0,NA,NA,NA,0,0,NA
"944","2021-08-31T17:21:00Z","20210201004","2021","0201","004","166387","Nine-spine Stickleback","Pungitius pungitius","A0",NA,127.9,1100,"400601","04","Bering Sea",4,2021,NA,"S","Can Trawl 400 headrope, 601 sidewalls","2021-08-31T16:50:00Z",60,-170.97,"2021-08-31T17:21:00Z",60.02,-170.93,NA,68,50.18,19.29,"330",21753,"8818010201",NA,NA,0,0,NA,NA,NA,0,0,NA
"945","2021-08-31T17:21:00Z","20210201004","2021","0201","004","551209","Pacific Herring","Clupea pallasi","U",NA,174.26,16590,"400601","04","Bering Sea",4,2021,NA,"S","Can Trawl 400 headrope, 601 sidewalls","2021-08-31T16:50:00Z",60,-170.97,"2021-08-31T17:21:00Z",60.02,-170.93,NA,68,50.18,19.29,"330",21110,"8747010201",NA,NA,0,0,NA,NA,NA,0,0,NA
"946","2021-08-31T17:21:00Z","20210201004","2021","0201","004","934083","Pollock","Gadus chalcogrammus","A0",NA,6809.09,14980,"400601","04","Bering Sea",4,2021,NA,"S","Can Trawl 400 headrope, 601 sidewalls","2021-08-31T16:50:00Z",60,-170.97,"2021-08-31T17:21:00Z",60.02,-170.93,NA,68,50.18,19.29,"330",21740,"8791030701",NA,NA,0,0,NA,NA,NA,0,0,NA
"947","2021-08-31T17:21:00Z","20210201004","2021","0201","004","934083","Pollock","Gadus chalcogrammus","A1+",NA,19,3460,"400601","04","Bering Sea",4,2021,NA,"S","Can Trawl 400 headrope, 601 sidewalls","2021-08-31T16:50:00Z",60,-170.97,"2021-08-31T17:21:00Z",60.02,-170.93,NA,68,50.18,19.29,"330",21740,"8791030701",NA,NA,0,0,NA,NA,NA,0,0,NA
"948","2021-08-31T21:47:00Z","20210201005","2021","0201","005","50623","Aequorea  sp.","Aequorea sp.","U",NA,1,200,"400601","04","Bering Sea",5,2021,NA,"S","Can Trawl 400 headrope, 601 sidewalls","2021-08-31T21:17:00Z",60.5,-170.96,"2021-08-31T21:47:00Z",60.51,-170.9,NA,62,45.68,22.36,"330",40506,NA,NA,NA,0,0,NA,NA,NA,0,0,NA
"949","2021-08-31T21:47:00Z","20210201005","2021","0201","005","161980","Chinook Salmon","Oncorhynchus tshawytscha","IM",NA,2,1650,"400601","04","Bering Sea",5,2021,NA,"S","Can Trawl 400 headrope, 601 sidewalls","2021-08-31T21:17:00Z",60.5,-170.96,"2021-08-31T21:47:00Z",60.51,-170.9,NA,62,45.68,22.36,"330",23220,"8755010206",NA,NA,0,0,NA,NA,NA,0,0,NA
"950","2021-08-31T21:47:00Z","20210201005","2021","0201","005","166387","Nine-spine Stickleback","Pungitius pungitius","A0",NA,45,326,"400601","04","Bering Sea",5,2021,NA,"S","Can Trawl 400 headrope, 601 sidewalls","2021-08-31T21:17:00Z",60.5,-170.96,"2021-08-31T21:47:00Z",60.51,-170.9,NA,62,45.68,22.36,"330",21753,"8818010201",NA,NA,0,0,NA,NA,NA,0,0,NA
"951","2021-08-31T21:47:00Z","20210201005","2021","0201","005","167123","Sablefish","Anoplopoma fimbria","A0",NA,1,7,"400601","04","Bering Sea",5,2021,NA,"S","Can Trawl 400 headrope, 601 sidewalls","2021-08-31T21:17:00Z",60.5,-170.96,"2021-08-31T21:47:00Z",60.51,-170.9,NA,62,45.68,22.36,"330",20510,"8827020101",NA,NA,0,0,NA,NA,NA,0,0,NA
"952","2021-08-31T21:47:00Z","20210201005","2021","0201","005","551209","Pacific Herring","Clupea pallasi","U",NA,84.15,7490,"400601","04","Bering Sea",5,2021,NA,"S","Can Trawl 400 headrope, 601 sidewalls","2021-08-31T21:17:00Z",60.5,-170.96,"2021-08-31T21:47:00Z",60.51,-170.9,NA,62,45.68,22.36,"330",21110,"8747010201",NA,NA,0,0,NA,NA,NA,0,0,NA
"953","2021-08-31T21:47:00Z","20210201005","2021","0201","005","934083","Pollock","Gadus chalcogrammus","A0",NA,6046.52,7033.7,"400601","04","Bering Sea",5,2021,NA,"S","Can Trawl 400 headrope, 601 sidewalls","2021-08-31T21:17:00Z",60.5,-170.96,"2021-08-31T21:47:00Z",60.51,-170.9,NA,62,45.68,22.36,"330",21740,"8791030701",NA,NA,0,0,NA,NA,NA,0,0,NA
"954","2021-09-01T02:34:00Z","20210201006","2021","0201","006","51669","Cyanea sp.","Cyanea sp.","U",NA,1,4,"400601","05","Bering Sea",6,2021,NA,"S","Can Trawl 400 headrope, 601 sidewalls","2021-09-01T02:03:00Z",60.5,-169.93,"2021-09-01T02:34:00Z",60.5,-169.86,NA,50,48.78,21.87,"330",40560,NA,NA,NA,0,0,NA,NA,NA,0,0,NA
"955","2021-09-01T02:34:00Z","20210201006","2021","0201","006","161980","Chinook Salmon","Oncorhynchus tshawytscha","IM",NA,2,1760,"400601","05","Bering Sea",6,2021,NA,"S","Can Trawl 400 headrope, 601 sidewalls","2021-09-01T02:03:00Z",60.5,-169.93,"2021-09-01T02:34:00Z",60.5,-169.86,NA,50,48.78,21.87,"330",23220,"8755010206",NA,NA,0,0,NA,NA,NA,0,0,NA
"956","2021-09-01T02:34:00Z","20210201006","2021","0201","006","166387","Nine-spine Stickleback","Pungitius pungitius","A0",NA,8,53,"400601","05","Bering Sea",6,2021,NA,"S","Can Trawl 400 headrope, 601 sidewalls","2021-09-01T02:03:00Z",60.5,-169.93,"2021-09-01T02:34:00Z",60.5,-169.86,NA,50,48.78,21.87,"330",21753,"8818010201",NA,NA,0,0,NA,NA,NA,0,0,NA
"957","2021-09-13T21:24:00Z","20210201043","2021","0201","043","551209","Pacific Herring","Clupea pallasi","A1+",NA,14,530,"400601","04","Bering Sea",43,2021,NA,"S","Can Trawl 400 headrope, 601 sidewalls","2021-09-13T20:53:00Z",63.99,-165.95,"2021-09-13T21:24:00Z",63.98,-165.88,NA,21,52.55,17.83,"330",21110,"8747010201",NA,NA,0,0,NA,NA,NA,0,0,NA
"958","2021-09-13T21:24:00Z","20210201043","2021","0201","043","622287","Arctic Lamprey","Lethenteron camtschaticum","U",NA,6,303,"400601","04","Bering Sea",43,2021,NA,"S","Can Trawl 400 headrope, 601 sidewalls","2021-09-13T20:53:00Z",63.99,-165.95,"2021-09-13T21:24:00Z",63.98,-165.88,NA,21,52.55,17.83,"330",NA,"8603010201",NA,NA,0,0,NA,NA,NA,0,0,NA
"959","2021-09-14T02:57:00Z","20210201044","2021","0201","044","51641","Northern Sea Nettle","Chrysaora melanaster","U",NA,0,1310,"400601","04","Bering Sea",44,2021,NA,"S","Can Trawl 400 headrope, 601 sidewalls","2021-09-14T02:26:00Z",64.1,-164.42,"2021-09-14T02:57:00Z",64.1,-164.34,NA,19,51.51,17.58,"330",40504,NA,NA,NA,0,0,NA,NA,NA,0,0,NA
"960","2021-09-14T02:57:00Z","20210201044","2021","0201","044","51669","Cyanea sp.","Cyanea sp.","U",NA,0,1680,"400601","04","Bering Sea",44,2021,NA,"S","Can Trawl 400 headrope, 601 sidewalls","2021-09-14T02:26:00Z",64.1,-164.42,"2021-09-14T02:57:00Z",64.1,-164.34,NA,19,51.51,17.58,"330",40560,NA,NA,NA,0,0,NA,NA,NA,0,0,NA
"961","2021-09-14T02:57:00Z","20210201044","2021","0201","044","156862","starfish unident.","Asteroidea","U",NA,1,540,"400601","04","Bering Sea",44,2021,NA,"S","Can Trawl 400 headrope, 601 sidewalls","2021-09-14T02:26:00Z",64.1,-164.42,"2021-09-14T02:57:00Z",64.1,-164.34,NA,19,51.51,17.58,"330",NA,NA,NA,NA,0,0,NA,NA,NA,0,0,NA
"962","2021-09-14T02:57:00Z","20210201044","2021","0201","044","161975","Pink Salmon","Oncorhynchus gorbuscha","J",NA,42,1560,"400601","04","Bering Sea",44,2021,NA,"S","Can Trawl 400 headrope, 601 sidewalls","2021-09-14T02:26:00Z",64.1,-164.42,"2021-09-14T02:57:00Z",64.1,-164.34,NA,19,51.51,17.58,"330",23230,"8755010201",NA,NA,0,0,NA,NA,NA,0,0,NA
"963","2021-09-14T02:57:00Z","20210201044","2021","0201","044","161976","Chum Salmon","Oncorhynchus keta","J",NA,13,700,"400601","04","Bering Sea",44,2021,NA,"S","Can Trawl 400 headrope, 601 sidewalls","2021-09-14T02:26:00Z",64.1,-164.42,"2021-09-14T02:57:00Z",64.1,-164.34,NA,19,51.51,17.58,"330",23235,"8755010202",NA,NA,0,0,NA,NA,NA,0,0,NA
"964","2021-09-14T02:57:00Z","20210201044","2021","0201","044","161977","Coho Salmon","Oncorhynchus kisutch","IM",NA,1,3020,"400601","04","Bering Sea",44,2021,NA,"S","Can Trawl 400 headrope, 601 sidewalls","2021-09-14T02:26:00Z",64.1,-164.42,"2021-09-14T02:57:00Z",64.1,-164.34,NA,19,51.51,17.58,"330",23225,"8755010203",NA,NA,0,0,NA,NA,NA,0,0,NA
"965","2021-09-14T02:57:00Z","20210201044","2021","0201","044","161977","Coho Salmon","Oncorhynchus kisutch","J",NA,8,1520,"400601","04","Bering Sea",44,2021,NA,"S","Can Trawl 400 headrope, 601 sidewalls","2021-09-14T02:26:00Z",64.1,-164.42,"2021-09-14T02:57:00Z",64.1,-164.34,NA,19,51.51,17.58,"330",23225,"8755010203",NA,NA,0,0,NA,NA,NA,0,0,NA
"966","2021-09-14T02:57:00Z","20210201044","2021","0201","044","161980","Chinook Salmon","Oncorhynchus tshawytscha","J",NA,12,1520,"400601","04","Bering Sea",44,2021,NA,"S","Can Trawl 400 headrope, 601 sidewalls","2021-09-14T02:26:00Z",64.1,-164.42,"2021-09-14T02:57:00Z",64.1,-164.34,NA,19,51.51,17.58,"330",23220,"8755010206",NA,NA,0,0,NA,NA,NA,0,0,NA
"967","2021-09-14T02:57:00Z","20210201044","2021","0201","044","162041","Rainbow Smelt","Osmerus mordax dentex","U",NA,5,102,"400601","04","Bering Sea",44,2021,NA,"S","Can Trawl 400 headrope, 601 sidewalls","2021-09-14T02:26:00Z",64.1,-164.42,"2021-09-14T02:57:00Z",64.1,-164.34,NA,19,51.51,17.58,"330",23055,"8755030302",NA,NA,0,0,NA,NA,NA,0,0,NA
"968","2021-09-14T02:57:00Z","20210201044","2021","0201","044","166365","Threespine stickleback","Gasterosteus aculeatus","U",NA,72.81,407.8,"400601","04","Bering Sea",44,2021,NA,"S","Can Trawl 400 headrope, 601 sidewalls","2021-09-14T02:26:00Z",64.1,-164.42,"2021-09-14T02:57:00Z",64.1,-164.34,NA,19,51.51,17.58,"330",21752,"8818010101",NA,NA,0,0,NA,NA,NA,0,0,NA
"969","2021-09-14T02:57:00Z","20210201044","2021","0201","044","166387","Nine-spine Stickleback","Pungitius pungitius","U",NA,643.75,592.3,"400601","04","Bering Sea",44,2021,NA,"S","Can Trawl 400 headrope, 601 sidewalls","2021-09-14T02:26:00Z",64.1,-164.42,"2021-09-14T02:57:00Z",64.1,-164.34,NA,19,51.51,17.58,"330",21753,"8818010201",NA,NA,0,0,NA,NA,NA,0,0,NA
"970","2021-09-14T02:57:00Z","20210201044","2021","0201","044","167220","Crested Sculpin","Blepsias bilobus","U",NA,1,15,"400601","04","Bering Sea",44,2021,NA,"S","Can Trawl 400 headrope, 601 sidewalls","2021-09-14T02:26:00Z",64.1,-164.42,"2021-09-14T02:57:00Z",64.1,-164.34,NA,19,51.51,17.58,"330",21397,"8831020601",NA,NA,0,0,NA,NA,NA,0,0,NA
"971","2021-09-14T02:57:00Z","20210201044","2021","0201","044","172893","Starry Flounder","Platichthys stellatus","U",NA,3,490,"400601","04","Bering Sea",44,2021,NA,"S","Can Trawl 400 headrope, 601 sidewalls","2021-09-14T02:26:00Z",64.1,-164.42,"2021-09-14T02:57:00Z",64.1,-164.34,NA,19,51.51,17.58,"330",10220,"8857041401",NA,NA,0,0,NA,NA,NA,0,0,NA
"972","2021-09-14T02:57:00Z","20210201044","2021","0201","044","551209","Pacific Herring","Clupea pallasi","A0",NA,12920.66,41511.1,"400601","04","Bering Sea",44,2021,NA,"S","Can Trawl 400 headrope, 601 sidewalls","2021-09-14T02:26:00Z",64.1,-164.42,"2021-09-14T02:57:00Z",64.1,-164.34,NA,19,51.51,17.58,"330",21110,"8747010201",NA,NA,0,0,NA,NA,NA,0,0,NA
"973","2021-09-14T02:57:00Z","20210201044","2021","0201","044","551209","Pacific Herring","Clupea pallasi","A1+",NA,24.27,475.7,"400601","04","Bering Sea",44,2021,NA,"S","Can Trawl 400 headrope, 601 sidewalls","2021-09-14T02:26:00Z",64.1,-164.42,"2021-09-14T02:57:00Z",64.1,-164.34,NA,19,51.51,17.58,"330",21110,"8747010201",NA,NA,0,0,NA,NA,NA,0,0,NA
"974","2021-09-14T17:28:00Z","20210201045","2021","0201","045","51669","Cyanea sp.","Cyanea sp.","U",NA,0,1360,"400601","05","Bering Sea",45,2021,NA,"S","Can Trawl 400 headrope, 601 sidewalls","2021-09-14T16:58:00Z",64.1,-163.44,"2021-09-14T17:28:00Z",64.11,-163.38,NA,23,50.69,21.41,"330",40560,NA,NA,NA,0,0,NA,NA,NA,0,0,NA
"975","2021-09-14T17:28:00Z","20210201045","2021","0201","045","161975","Pink Salmon","Oncorhynchus gorbuscha","J",NA,8,380,"400601","05","Bering Sea",45,2021,NA,"S","Can Trawl 400 headrope, 601 sidewalls","2021-09-14T16:58:00Z",64.1,-163.44,"2021-09-14T17:28:00Z",64.11,-163.38,NA,23,50.69,21.41,"330",23230,"8755010201",NA,NA,0,0,NA,NA,NA,0,0,NA
"976","2021-09-14T17:28:00Z","20210201045","2021","0201","045","161976","Chum Salmon","Oncorhynchus keta","J",NA,4,210,"400601","05","Bering Sea",45,2021,NA,"S","Can Trawl 400 headrope, 601 sidewalls","2021-09-14T16:58:00Z",64.1,-163.44,"2021-09-14T17:28:00Z",64.11,-163.38,NA,23,50.69,21.41,"330",23235,"8755010202",NA,NA,0,0,NA,NA,NA,0,0,NA
"977","2021-09-14T17:28:00Z","20210201045","2021","0201","045","161977","Coho Salmon","Oncorhynchus kisutch","J",NA,14,2490,"400601","05","Bering Sea",45,2021,NA,"S","Can Trawl 400 headrope, 601 sidewalls","2021-09-14T16:58:00Z",64.1,-163.44,"2021-09-14T17:28:00Z",64.11,-163.38,NA,23,50.69,21.41,"330",23225,"8755010203",NA,NA,0,0,NA,NA,NA,0,0,NA
"978","2021-09-14T17:28:00Z","20210201045","2021","0201","045","161980","Chinook Salmon","Oncorhynchus tshawytscha","J",NA,15,1790,"400601","05","Bering Sea",45,2021,NA,"S","Can Trawl 400 headrope, 601 sidewalls","2021-09-14T16:58:00Z",64.1,-163.44,"2021-09-14T17:28:00Z",64.11,-163.38,NA,23,50.69,21.41,"330",23220,"8755010206",NA,NA,0,0,NA,NA,NA,0,0,NA
"979","2021-09-14T17:28:00Z","20210201045","2021","0201","045","162041","Rainbow Smelt","Osmerus mordax dentex","U",NA,38,368,"400601","05","Bering Sea",45,2021,NA,"S","Can Trawl 400 headrope, 601 sidewalls","2021-09-14T16:58:00Z",64.1,-163.44,"2021-09-14T17:28:00Z",64.11,-163.38,NA,23,50.69,21.41,"330",23055,"8755030302",NA,NA,0,0,NA,NA,NA,0,0,NA
"980","2021-09-14T17:28:00Z","20210201045","2021","0201","045","166387","Nine-spine Stickleback","Pungitius pungitius","U",NA,46.66,49,"400601","05","Bering Sea",45,2021,NA,"S","Can Trawl 400 headrope, 601 sidewalls","2021-09-14T16:58:00Z",64.1,-163.44,"2021-09-14T17:28:00Z",64.11,-163.38,NA,23,50.69,21.41,"330",21753,"8818010201",NA,NA,0,0,NA,NA,NA,0,0,NA
"981","2021-09-14T17:28:00Z","20210201045","2021","0201","045","172893","Starry Flounder","Platichthys stellatus","U",NA,4,570,"400601","05","Bering Sea",45,2021,NA,"S","Can Trawl 400 headrope, 601 sidewalls","2021-09-14T16:58:00Z",64.1,-163.44,"2021-09-14T17:28:00Z",64.11,-163.38,NA,23,50.69,21.41,"330",10220,"8857041401",NA,NA,0,0,NA,NA,NA,0,0,NA
"982","2021-09-14T17:28:00Z","20210201045","2021","0201","045","551209","Pacific Herring","Clupea pallasi","A0",NA,7314.7,18708.8,"400601","05","Bering Sea",45,2021,NA,"S","Can Trawl 400 headrope, 601 sidewalls","2021-09-14T16:58:00Z",64.1,-163.44,"2021-09-14T17:28:00Z",64.11,-163.38,NA,23,50.69,21.41,"330",21110,"8747010201",NA,NA,0,0,NA,NA,NA,0,0,NA
"983","2021-09-14T17:28:00Z","20210201045","2021","0201","045","551209","Pacific Herring","Clupea pallasi","A1+",NA,5,444,"400601","05","Bering Sea",45,2021,NA,"S","Can Trawl 400 headrope, 601 sidewalls","2021-09-14T16:58:00Z",64.1,-163.44,"2021-09-14T17:28:00Z",64.11,-163.38,NA,23,50.69,21.41,"330",21110,"8747010201",NA,NA,0,0,NA,NA,NA,0,0,NA
"984","2021-09-14T21:43:00Z","20210201046","2021","0201","046","51669","Cyanea sp.","Cyanea sp.","U",NA,16.49,4660,"400601","04","Bering Sea",46,2021,NA,"S","Can Trawl 400 headrope, 601 sidewalls","2021-09-14T21:13:00Z",64.09,-162.53,"2021-09-14T21:43:00Z",64.09,-162.61,NA,20,51.78,15.42,"330",40560,NA,NA,NA,0,0,NA,NA,NA,0,0,NA
"985","2021-09-14T21:43:00Z","20210201046","2021","0201","046","161975","Pink Salmon","Oncorhynchus gorbuscha","J",NA,3,126,"400601","04","Bering Sea",46,2021,NA,"S","Can Trawl 400 headrope, 601 sidewalls","2021-09-14T21:13:00Z",64.09,-162.53,"2021-09-14T21:43:00Z",64.09,-162.61,NA,20,51.78,15.42,"330",23230,"8755010201",NA,NA,0,0,NA,NA,NA,0,0,NA
"986","2021-09-14T21:43:00Z","20210201046","2021","0201","046","161976","Chum Salmon","Oncorhynchus keta","J",NA,11,584,"400601","04","Bering Sea",46,2021,NA,"S","Can Trawl 400 headrope, 601 sidewalls","2021-09-14T21:13:00Z",64.09,-162.53,"2021-09-14T21:43:00Z",64.09,-162.61,NA,20,51.78,15.42,"330",23235,"8755010202",NA,NA,0,0,NA,NA,NA,0,0,NA
"987","2021-09-14T21:43:00Z","20210201046","2021","0201","046","161980","Chinook Salmon","Oncorhynchus tshawytscha","J",NA,64,6710,"400601","04","Bering Sea",46,2021,NA,"S","Can Trawl 400 headrope, 601 sidewalls","2021-09-14T21:13:00Z",64.09,-162.53,"2021-09-14T21:43:00Z",64.09,-162.61,NA,20,51.78,15.42,"330",23220,"8755010206",NA,NA,0,0,NA,NA,NA,0,0,NA
"988","2021-09-14T21:43:00Z","20210201046","2021","0201","046","162041","Rainbow Smelt","Osmerus mordax dentex","U",NA,103.09,577.4,"400601","04","Bering Sea",46,2021,NA,"S","Can Trawl 400 headrope, 601 sidewalls","2021-09-14T21:13:00Z",64.09,-162.53,"2021-09-14T21:43:00Z",64.09,-162.61,NA,20,51.78,15.42,"330",23055,"8755030302",NA,NA,0,0,NA,NA,NA,0,0,NA
"989","2021-09-14T21:43:00Z","20210201046","2021","0201","046","166387","Nine-spine Stickleback","Pungitius pungitius","U",NA,74.23,90.7,"400601","04","Bering Sea",46,2021,NA,"S","Can Trawl 400 headrope, 601 sidewalls","2021-09-14T21:13:00Z",64.09,-162.53,"2021-09-14T21:43:00Z",64.09,-162.61,NA,20,51.78,15.42,"330",21753,"8818010201",NA,NA,0,0,NA,NA,NA,0,0,NA
"990","2021-09-14T21:43:00Z","20210201046","2021","0201","046","551209","Pacific Herring","Clupea pallasi","A0",NA,1437.19,2874.4,"400601","04","Bering Sea",46,2021,NA,"S","Can Trawl 400 headrope, 601 sidewalls","2021-09-14T21:13:00Z",64.09,-162.53,"2021-09-14T21:43:00Z",64.09,-162.61,NA,20,51.78,15.42,"330",21110,"8747010201",NA,NA,0,0,NA,NA,NA,0,0,NA
"991","2022-09-01T20:18:00Z","20220202001","2022","0202","001","51641","Northern Sea Nettle","Chrysaora melanaster","U",NA,3,60,"400601","03",NA,1,2022,NA,"S","Can Trawl 400 headrope, 601 sidewalls","2022-09-01T19:48:00Z",60,-168.07,"2022-09-01T20:18:00Z",60,-168.13,NA,26,49,23,"330",40504,NA,NA,NA,0,0,NA,NA,NA,0,0,NA
"992","2022-09-01T20:18:00Z","20220202001","2022","0202","001","160939","Bathyraja parmifera","Bathyraja parmifera","U",NA,1,7450,"400601","03",NA,1,2022,NA,"S","Can Trawl 400 headrope, 601 sidewalls","2022-09-01T19:48:00Z",60,-168.07,"2022-09-01T20:18:00Z",60,-168.13,NA,26,49,23,"330",471,NA,NA,NA,0,0,NA,NA,NA,0,0,NA
"993","2022-09-01T20:18:00Z","20220202001","2022","0202","001","161977","Coho Salmon","Oncorhynchus kisutch","IM",NA,1,2900,"400601","03",NA,1,2022,NA,"S","Can Trawl 400 headrope, 601 sidewalls","2022-09-01T19:48:00Z",60,-168.07,"2022-09-01T20:18:00Z",60,-168.13,NA,26,49,23,"330",23225,"8755010203",NA,NA,0,0,NA,NA,NA,0,0,NA
"994","2022-09-01T20:18:00Z","20220202001","2022","0202","001","161980","Chinook Salmon","Oncorhynchus tshawytscha","J",NA,1,110,"400601","03",NA,1,2022,NA,"S","Can Trawl 400 headrope, 601 sidewalls","2022-09-01T19:48:00Z",60,-168.07,"2022-09-01T20:18:00Z",60,-168.13,NA,26,49,23,"330",23220,"8755010206",NA,NA,0,0,NA,NA,NA,0,0,NA
"995","2022-09-01T20:18:00Z","20220202001","2022","0202","001","162035","Capelin","Mallotus villosus","A0",NA,1972.2,845.2,"400601","03",NA,1,2022,NA,"S","Can Trawl 400 headrope, 601 sidewalls","2022-09-01T19:48:00Z",60,-168.07,"2022-09-01T20:18:00Z",60,-168.13,NA,26,49,23,"330",23041,"8755030201","SPECIMENS ARE IN POOR SHAPE ",NA,0,0,NA,NA,NA,0,0,NA
"996","2022-09-01T20:18:00Z","20220202001","2022","0202","001","162035","Capelin","Mallotus villosus","U",NA,15,43,"400601","03",NA,1,2022,NA,"S","Can Trawl 400 headrope, 601 sidewalls","2022-09-01T19:48:00Z",60,-168.07,"2022-09-01T20:18:00Z",60,-168.13,NA,26,49,23,"330",23041,"8755030201",NA,NA,0,0,NA,NA,NA,0,0,NA
"997","2022-09-01T20:18:00Z","20220202001","2022","0202","001","172907","Yellowfin Sole","Limanda aspera","U",NA,4,840,"400601","03",NA,1,2022,NA,"S","Can Trawl 400 headrope, 601 sidewalls","2022-09-01T19:48:00Z",60,-168.07,"2022-09-01T20:18:00Z",60,-168.13,NA,26,49,23,"330",10210,"8857041505",NA,NA,0,0,NA,NA,NA,0,0,NA
"998","2022-09-01T20:18:00Z","20220202001","2022","0202","001","172911","Longhead Dab","Limanda proboscidea","L",NA,4,2,"400601","03",NA,1,2022,NA,"S","Can Trawl 400 headrope, 601 sidewalls","2022-09-01T19:48:00Z",60,-168.07,"2022-09-01T20:18:00Z",60,-168.13,NA,26,49,23,"330",10211,"8857041507",NA,NA,0,0,NA,NA,NA,0,0,NA
"999","2022-09-01T20:18:00Z","20220202001","2022","0202","001","172930","Greenland Halibut","Reinhardtius hippoglossoides","L",NA,9,15,"400601","03",NA,1,2022,NA,"S","Can Trawl 400 headrope, 601 sidewalls","2022-09-01T19:48:00Z",60,-168.07,"2022-09-01T20:18:00Z",60,-168.13,NA,26,49,23,"330",10115,"8857041801",NA,NA,0,0,NA,NA,NA,0,0,NA
"1000","2022-09-01T20:18:00Z","20220202001","2022","0202","001","551209","Pacific Herring","Clupea pallasi","A1+",NA,143.3,4270,"400601","03",NA,1,2022,NA,"S","Can Trawl 400 headrope, 601 sidewalls","2022-09-01T19:48:00Z",60,-168.07,"2022-09-01T20:18:00Z",60,-168.13,NA,26,49,23,"330",21110,"8747010201",NA,NA,0,0,NA,NA,NA,0,0,NA
"1001","2022-09-01T20:18:00Z","20220202001","2022","0202","001","934083","Pollock","Gadus chalcogrammus","A0",NA,574.84,1525.5,"400601","03",NA,1,2022,NA,"S","Can Trawl 400 headrope, 601 sidewalls","2022-09-01T19:48:00Z",60,-168.07,"2022-09-01T20:18:00Z",60,-168.13,NA,26,49,23,"330",21740,"8791030701",NA,NA,0,0,NA,NA,NA,0,0,NA
"1002","2022-09-02T02:44:00Z","20220202002","2022","0202","002","51641","Northern Sea Nettle","Chrysaora melanaster","U",NA,6,120,"400601","03",NA,2,2022,NA,"S","Can Trawl 400 headrope, 601 sidewalls","2022-09-02T02:14:00Z",59.99,-169.06,"2022-09-02T02:44:00Z",59.99,-169.13,NA,43,48.75,23.27,"330",40504,NA,NA,NA,0,0,NA,NA,NA,0,0,NA
"1003","2022-09-02T02:44:00Z","20220202002","2022","0202","002","161975","Pink Salmon","Oncorhynchus gorbuscha","J",NA,1,44,"400601","03",NA,2,2022,NA,"S","Can Trawl 400 headrope, 601 sidewalls","2022-09-02T02:14:00Z",59.99,-169.06,"2022-09-02T02:44:00Z",59.99,-169.13,NA,43,48.75,23.27,"330",23230,"8755010201",NA,NA,0,0,NA,NA,NA,0,0,NA
"1004","2022-09-02T02:44:00Z","20220202002","2022","0202","002","161979","Sockeye Salmon","Oncorhynchus nerka","IM",NA,1,2430,"400601","03",NA,2,2022,NA,"S","Can Trawl 400 headrope, 601 sidewalls","2022-09-02T02:14:00Z",59.99,-169.06,"2022-09-02T02:44:00Z",59.99,-169.13,NA,43,48.75,23.27,"330",23240,"8755010205"," ",NA,0,0,NA,NA,NA,0,0,NA
"1005","2022-09-02T02:44:00Z","20220202002","2022","0202","002","161980","Chinook Salmon","Oncorhynchus tshawytscha","IM",NA,1,5460,"400601","03",NA,2,2022,NA,"S","Can Trawl 400 headrope, 601 sidewalls","2022-09-02T02:14:00Z",59.99,-169.06,"2022-09-02T02:44:00Z",59.99,-169.13,NA,43,48.75,23.27,"330",23220,"8755010206","BARCODE 2  ",NA,0,0,NA,NA,NA,0,0,NA
"1006","2022-09-02T02:44:00Z","20220202002","2022","0202","002","934083","Pollock","Gadus chalcogrammus","A0",NA,1454.1,1098,"400601","03",NA,2,2022,NA,"S","Can Trawl 400 headrope, 601 sidewalls","2022-09-02T02:14:00Z",59.99,-169.06,"2022-09-02T02:44:00Z",59.99,-169.13,NA,43,48.75,23.27,"330",21740,"8791030701",NA,NA,0,0,NA,NA,NA,0,0,NA
"1007","2022-09-02T02:44:00Z","20220202002","2022","0202","002","934083","Pollock","Gadus chalcogrammus","A1+",NA,17,13300,"400601","03",NA,2,2022,NA,"S","Can Trawl 400 headrope, 601 sidewalls","2022-09-02T02:14:00Z",59.99,-169.06,"2022-09-02T02:44:00Z",59.99,-169.13,NA,43,48.75,23.27,"330",21740,"8791030701",NA,NA,0,0,NA,NA,NA,0,0,NA
"1008","2022-09-02T18:06:00Z","20220202003","2022","0202","003","51641","Northern Sea Nettle","Chrysaora melanaster","U",NA,0,5450,"400601","03",NA,3,2022,NA,"S","Can Trawl 400 headrope, 601 sidewalls","2022-09-02T17:35:00Z",60.02,-170.06,"2022-09-02T18:06:00Z",60.06,-170.08,NA,55,48.99,26.05,"330",40504,NA,NA,NA,0,0,NA,NA,NA,0,0,NA
"1009","2022-09-02T18:06:00Z","20220202003","2022","0202","003","161976","Chum Salmon","Oncorhynchus keta","J",NA,1,60,"400601","03",NA,3,2022,NA,"S","Can Trawl 400 headrope, 601 sidewalls","2022-09-02T17:35:00Z",60.02,-170.06,"2022-09-02T18:06:00Z",60.06,-170.08,NA,55,48.99,26.05,"330",23235,"8755010202",NA,NA,0,0,NA,NA,NA,0,0,NA
"1010","2022-09-02T18:06:00Z","20220202003","2022","0202","003","161979","Sockeye Salmon","Oncorhynchus nerka","J",NA,1,102,"400601","03",NA,3,2022,NA,"S","Can Trawl 400 headrope, 601 sidewalls","2022-09-02T17:35:00Z",60.02,-170.06,"2022-09-02T18:06:00Z",60.06,-170.08,NA,55,48.99,26.05,"330",23240,"8755010205",NA,NA,0,0,NA,NA,NA,0,0,NA
"1011","2022-09-02T18:06:00Z","20220202003","2022","0202","003","164711","Pacific Cod","Gadus macrocephalus","A0",NA,2,9,"400601","03",NA,3,2022,NA,"S","Can Trawl 400 headrope, 601 sidewalls","2022-09-02T17:35:00Z",60.02,-170.06,"2022-09-02T18:06:00Z",60.06,-170.08,NA,55,48.99,26.05,"330",21720,"8791030401",NA,NA,0,0,NA,NA,NA,0,0,NA
"1012","2022-09-02T18:06:00Z","20220202003","2022","0202","003","934083","Pollock","Gadus chalcogrammus","A0",NA,2651.29,4102,"400601","03",NA,3,2022,NA,"S","Can Trawl 400 headrope, 601 sidewalls","2022-09-02T17:35:00Z",60.02,-170.06,"2022-09-02T18:06:00Z",60.06,-170.08,NA,55,48.99,26.05,"330",21740,"8791030701",NA,NA,0,0,NA,NA,NA,0,0,NA
"1013","2023-09-05T02:40:00Z","20230201016","2023","0201","016","164711","Pacific Cod","Gadus macrocephalus","A0","TC",6,8,"400601","05","Bering Sea",16,2023,"61.5-170","S","Can Trawl 400 headrope, 601 sidewalls","2023-09-05T02:10:00Z",61.49,-169.99,"2023-09-05T02:40:00Z",61.5,-169.93,NA,43,52.41,21.99,"330",21720,"8791030401",NA,NA,0,0,NA,NA,NA,0,0,NA
"1014","2023-09-05T02:40:00Z","20230201016","2023","0201","016","551209","Pacific Herring","Clupea pallasi","A1+","TC",21,2360,"400601","05","Bering Sea",16,2023,"61.5-170","S","Can Trawl 400 headrope, 601 sidewalls","2023-09-05T02:10:00Z",61.49,-169.99,"2023-09-05T02:40:00Z",61.5,-169.93,NA,43,52.41,21.99,"330",21110,"8747010201",NA,NA,0,0,NA,NA,NA,0,0,NA
"1015","2023-09-05T02:40:00Z","20230201016","2023","0201","016","934083","Pollock","Gadus chalcogrammus","A0","TC",2646.09,4478,"400601","05","Bering Sea",16,2023,"61.5-170","S","Can Trawl 400 headrope, 601 sidewalls","2023-09-05T02:10:00Z",61.49,-169.99,"2023-09-05T02:40:00Z",61.5,-169.93,NA,43,52.41,21.99,"330",21740,"8791030701",NA,NA,0,0,NA,NA,NA,0,0,NA
"1016","2023-09-05T02:40:00Z","20230201016","2023","0201","016","934083","Pollock","Gadus chalcogrammus","A1","TC",556.86,17029,"400601","05","Bering Sea",16,2023,"61.5-170","S","Can Trawl 400 headrope, 601 sidewalls","2023-09-05T02:10:00Z",61.49,-169.99,"2023-09-05T02:40:00Z",61.5,-169.93,NA,43,52.41,21.99,"330",21740,"8791030701",NA,NA,0,0,NA,NA,NA,0,0,NA
"1017","2023-09-05T02:40:00Z","20230201016","2023","0201","016","934083","Pollock","Gadus chalcogrammus","A1+","TC",1,770,"400601","05","Bering Sea",16,2023,"61.5-170","S","Can Trawl 400 headrope, 601 sidewalls","2023-09-05T02:10:00Z",61.49,-169.99,"2023-09-05T02:40:00Z",61.5,-169.93,NA,43,52.41,21.99,"330",21740,"8791030701",NA,NA,0,0,NA,NA,NA,0,0,NA
"1018","2023-09-05T17:24:00Z","20230201017","2023","0201","017","51641","Northern Sea Nettle","Chrysaora melanaster","U","TC",47.6,33560,"400601","05","Bering Sea",17,2023,"61.5-169","S","Can Trawl 400 headrope, 601 sidewalls","2023-09-05T16:54:00Z",61.5,-169.01,"2023-09-05T17:24:00Z",61.51,-168.95,NA,30,52.22,21.27,"330",40504,NA,NA,NA,0,0,NA,NA,NA,0,0,NA
"1019","2023-09-05T17:24:00Z","20230201017","2023","0201","017","82418","Gonatus Squid, unident.","Gonatus","U","TC",1,23,"400601","05","Bering Sea",17,2023,"61.5-169","S","Can Trawl 400 headrope, 601 sidewalls","2023-09-05T16:54:00Z",61.5,-169.01,"2023-09-05T17:24:00Z",61.51,-168.95,NA,30,52.22,21.27,"330",79200,NA,NA,NA,0,0,NA,NA,NA,0,0,NA
"1020","2023-09-05T17:24:00Z","20230201017","2023","0201","017","161976","Chum Salmon","Oncorhynchus keta","IM","TC",2,8150,"400601","05","Bering Sea",17,2023,"61.5-169","S","Can Trawl 400 headrope, 601 sidewalls","2023-09-05T16:54:00Z",61.5,-169.01,"2023-09-05T17:24:00Z",61.51,-168.95,NA,30,52.22,21.27,"330",23235,"8755010202",NA,NA,0,0,NA,NA,NA,0,0,NA
"1021","2023-09-05T17:24:00Z","20230201017","2023","0201","017","161980","Chinook Salmon","Oncorhynchus tshawytscha","IM","TC",2,5390,"400601","05","Bering Sea",17,2023,"61.5-169","S","Can Trawl 400 headrope, 601 sidewalls","2023-09-05T16:54:00Z",61.5,-169.01,"2023-09-05T17:24:00Z",61.51,-168.95,NA,30,52.22,21.27,"330",23220,"8755010206",NA,NA,0,0,NA,NA,NA,0,0,NA
"1022","2023-09-05T17:24:00Z","20230201017","2023","0201","017","162035","Capelin","Mallotus villosus","U","TC",506.47,4737,"400601","05","Bering Sea",17,2023,"61.5-169","S","Can Trawl 400 headrope, 601 sidewalls","2023-09-05T16:54:00Z",61.5,-169.01,"2023-09-05T17:24:00Z",61.51,-168.95,NA,30,52.22,21.27,"330",23041,"8755030201",NA,NA,0,0,NA,NA,NA,0,0,NA
"1023","2023-09-05T17:24:00Z","20230201017","2023","0201","017","164711","Pacific Cod","Gadus macrocephalus","A0","TC",1,1,"400601","05","Bering Sea",17,2023,"61.5-169","S","Can Trawl 400 headrope, 601 sidewalls","2023-09-05T16:54:00Z",61.5,-169.01,"2023-09-05T17:24:00Z",61.51,-168.95,NA,30,52.22,21.27,"330",21720,"8791030401",NA,NA,0,0,NA,NA,NA,0,0,NA
"1024","2023-09-05T17:24:00Z","20230201017","2023","0201","017","551209","Pacific Herring","Clupea pallasi","A1+","TC",1,88,"400601","05","Bering Sea",17,2023,"61.5-169","S","Can Trawl 400 headrope, 601 sidewalls","2023-09-05T16:54:00Z",61.5,-169.01,"2023-09-05T17:24:00Z",61.51,-168.95,NA,30,52.22,21.27,"330",21110,"8747010201",NA,NA,0,0,NA,NA,NA,0,0,NA
"1025","2023-09-05T17:24:00Z","20230201017","2023","0201","017","934083","Pollock","Gadus chalcogrammus","A0","TC",1820,2800,"400601","05","Bering Sea",17,2023,"61.5-169","S","Can Trawl 400 headrope, 601 sidewalls","2023-09-05T16:54:00Z",61.5,-169.01,"2023-09-05T17:24:00Z",61.51,-168.95,NA,30,52.22,21.27,"330",21740,"8791030701",NA,NA,0,0,NA,NA,NA,0,0,NA
"1026","2023-09-05T17:24:00Z","20230201017","2023","0201","017","934083","Pollock","Gadus chalcogrammus","A1","TC",1,16,"400601","05","Bering Sea",17,2023,"61.5-169","S","Can Trawl 400 headrope, 601 sidewalls","2023-09-05T16:54:00Z",61.5,-169.01,"2023-09-05T17:24:00Z",61.51,-168.95,NA,30,52.22,21.27,"330",21740,"8791030701",NA,NA,0,0,NA,NA,NA,0,0,NA
"1027","2023-09-05T17:24:00Z","20230201017","2023","0201","017","934083","Pollock","Gadus chalcogrammus","A1+","TC",7,4080,"400601","05","Bering Sea",17,2023,"61.5-169","S","Can Trawl 400 headrope, 601 sidewalls","2023-09-05T16:54:00Z",61.5,-169.01,"2023-09-05T17:24:00Z",61.51,-168.95,NA,30,52.22,21.27,"330",21740,"8791030701",NA,NA,0,0,NA,NA,NA,0,0,NA
"1028","2023-09-05T22:22:00Z","20230201018","2023","0201","018","51641","Northern Sea Nettle","Chrysaora melanaster","U","TC",0,1460,"400601","05","Bering Sea",18,2023,"61.5-168","S","Can Trawl 400 headrope, 601 sidewalls","2023-09-05T21:52:00Z",61.51,-167.98,"2023-09-05T22:22:00Z",61.51,-167.89,NA,23,52.89,23.28,"300",40504,NA,NA,NA,0,0,NA,NA,NA,0,0,NA
"1029","2022-09-12T02:30:00Z","20220202028","2022","0202","028","172702","Flatfish, unident.","Pleuronectiformes","U",NA,1,1,"400601","03",NA,28,2022,NA,"S","Can Trawl 400 headrope, 601 sidewalls","2022-09-12T01:59:00Z",63.49,-167,"2022-09-12T02:30:00Z",63.49,-167.08,NA,27,49.06,21.24,"330",10001,NA,NA,NA,0,0,NA,NA,NA,0,0,NA
"1030","2022-09-12T02:30:00Z","20220202028","2022","0202","028","172911","Longhead Dab","Limanda proboscidea","L",NA,26,13,"400601","03",NA,28,2022,NA,"S","Can Trawl 400 headrope, 601 sidewalls","2022-09-12T01:59:00Z",63.49,-167,"2022-09-12T02:30:00Z",63.49,-167.08,NA,27,49.06,21.24,"330",10211,"8857041507",NA,NA,0,0,NA,NA,NA,0,0,NA
"1031","2022-09-12T02:30:00Z","20220202028","2022","0202","028","551209","Pacific Herring","Clupea pallasi","A1+",NA,9,342,"400601","03",NA,28,2022,NA,"S","Can Trawl 400 headrope, 601 sidewalls","2022-09-12T01:59:00Z",63.49,-167,"2022-09-12T02:30:00Z",63.49,-167.08,NA,27,49.06,21.24,"330",21110,"8747010201",NA,NA,0,0,NA,NA,NA,0,0,NA
"1032","2022-09-12T02:30:00Z","20220202028","2022","0202","028","556311","Long Fin Squid","Gonatus kamtschaticus","U",NA,4,37,"400601","03",NA,28,2022,NA,"S","Can Trawl 400 headrope, 601 sidewalls","2022-09-12T01:59:00Z",63.49,-167,"2022-09-12T02:30:00Z",63.49,-167.08,NA,27,49.06,21.24,"330",79206,NA,NA,NA,0,0,NA,NA,NA,0,0,NA
"1033","2022-09-12T02:30:00Z","20220202028","2022","0202","028","622287","Arctic Lamprey","Lethenteron camtschaticum","U",NA,3,240,"400601","03",NA,28,2022,NA,"S","Can Trawl 400 headrope, 601 sidewalls","2022-09-12T01:59:00Z",63.49,-167,"2022-09-12T02:30:00Z",63.49,-167.08,NA,27,49.06,21.24,"330",NA,"8603010201",NA,NA,0,0,NA,NA,NA,0,0,NA
"1034","2022-09-12T02:30:00Z","20220202028","2022","0202","028","934083","Pollock","Gadus chalcogrammus","A0",NA,79.79,97,"400601","03",NA,28,2022,NA,"S","Can Trawl 400 headrope, 601 sidewalls","2022-09-12T01:59:00Z",63.49,-167,"2022-09-12T02:30:00Z",63.49,-167.08,NA,27,49.06,21.24,"330",21740,"8791030701",NA,NA,0,0,NA,NA,NA,0,0,NA
"1035","2022-09-12T17:19:00Z","20220202029","2022","0202","029","50623","Aequorea  sp.","Aequorea sp.","U",NA,0,2290,"400601","03",NA,29,2022,NA,"S","Can Trawl 400 headrope, 601 sidewalls","2022-09-12T16:49:00Z",63.5,-168.01,"2022-09-12T17:19:00Z",63.55,-168.04,NA,33,47.97,19.18,"330",40506,NA,NA,NA,0,0,NA,NA,NA,0,0,NA
"1036","2022-09-12T17:19:00Z","20220202029","2022","0202","029","51641","Northern Sea Nettle","Chrysaora melanaster","U",NA,0,27300,"400601","03",NA,29,2022,NA,"S","Can Trawl 400 headrope, 601 sidewalls","2022-09-12T16:49:00Z",63.5,-168.01,"2022-09-12T17:19:00Z",63.55,-168.04,NA,33,47.97,19.18,"330",40504,NA,NA,NA,0,0,NA,NA,NA,0,0,NA
"1037","2022-09-12T17:19:00Z","20220202029","2022","0202","029","51671","Cyanea capillata","Cyanea capillata","U",NA,0,37490,"400601","03",NA,29,2022,NA,"S","Can Trawl 400 headrope, 601 sidewalls","2022-09-12T16:49:00Z",63.5,-168.01,"2022-09-12T17:19:00Z",63.55,-168.04,NA,33,47.97,19.18,"330",40561,NA,NA,NA,0,0,NA,NA,NA,0,0,NA
"1038","2022-09-12T17:19:00Z","20220202029","2022","0202","029","51696","Phacellophora camtschatica","Phacellophora camtschatica","U",NA,0,660,"400601","03",NA,29,2022,NA,"S","Can Trawl 400 headrope, 601 sidewalls","2022-09-12T16:49:00Z",63.5,-168.01,"2022-09-12T17:19:00Z",63.55,-168.04,NA,33,47.97,19.18,"330",NA,NA,NA,NA,0,0,NA,NA,NA,0,0,NA
"1039","2022-09-12T17:19:00Z","20220202029","2022","0202","029","161980","Chinook Salmon","Oncorhynchus tshawytscha","IM",NA,2,5430,"400601","03",NA,29,2022,NA,"S","Can Trawl 400 headrope, 601 sidewalls","2022-09-12T16:49:00Z",63.5,-168.01,"2022-09-12T17:19:00Z",63.55,-168.04,NA,33,47.97,19.18,"330",23220,"8755010206",NA,NA,0,0,NA,NA,NA,0,0,NA
"1040","2022-09-12T17:19:00Z","20220202029","2022","0202","029","162035","Capelin","Mallotus villosus","U",NA,247.73,3062,"400601","03",NA,29,2022,NA,"S","Can Trawl 400 headrope, 601 sidewalls","2022-09-12T16:49:00Z",63.5,-168.01,"2022-09-12T17:19:00Z",63.55,-168.04,NA,33,47.97,19.18,"330",23041,"8755030201",NA,NA,0,0,NA,NA,NA,0,0,NA
"1041","2022-09-12T17:19:00Z","20220202029","2022","0202","029","622287","Arctic Lamprey","Lethenteron camtschaticum","U",NA,1,105,"400601","03",NA,29,2022,NA,"S","Can Trawl 400 headrope, 601 sidewalls","2022-09-12T16:49:00Z",63.5,-168.01,"2022-09-12T17:19:00Z",63.55,-168.04,NA,33,47.97,19.18,"330",NA,"8603010201",NA,NA,0,0,NA,NA,NA,0,0,NA
"1042","2022-09-12T17:19:00Z","20220202029","2022","0202","029","934083","Pollock","Gadus chalcogrammus","A0",NA,915.27,1318,"400601","03",NA,29,2022,NA,"S","Can Trawl 400 headrope, 601 sidewalls","2022-09-12T16:49:00Z",63.5,-168.01,"2022-09-12T17:19:00Z",63.55,-168.04,NA,33,47.97,19.18,"330",21740,"8791030701",NA,NA,0,0,NA,NA,NA,0,0,NA
"1043","2022-09-12T17:19:00Z","20220202029","2022","0202","029","934083","Pollock","Gadus chalcogrammus","A1+",NA,4,4520,"400601","03",NA,29,2022,NA,"S","Can Trawl 400 headrope, 601 sidewalls","2022-09-12T16:49:00Z",63.5,-168.01,"2022-09-12T17:19:00Z",63.55,-168.04,NA,33,47.97,19.18,"330",21740,"8791030701",NA,NA,0,0,NA,NA,NA,0,0,NA
"1044","2022-09-12T21:35:00Z","20220202030","2022","0202","030","50623","Aequorea  sp.","Aequorea sp.","U",NA,0,9500,"400601","03",NA,30,2022,NA,"S","Can Trawl 400 headrope, 601 sidewalls","2022-09-12T21:04:00Z",64,-168,"2022-09-12T21:35:00Z",64,-168.08,NA,30,51.19,22.93,"330",40506,NA,NA,NA,0,0,NA,NA,NA,0,0,NA
"1045","2022-09-12T21:35:00Z","20220202030","2022","0202","030","51641","Northern Sea Nettle","Chrysaora melanaster","U",NA,0,1900,"400601","03",NA,30,2022,NA,"S","Can Trawl 400 headrope, 601 sidewalls","2022-09-12T21:04:00Z",64,-168,"2022-09-12T21:35:00Z",64,-168.08,NA,30,51.19,22.93,"330",40504,NA,NA,NA,0,0,NA,NA,NA,0,0,NA
"1046","2022-09-12T21:35:00Z","20220202030","2022","0202","030","51696","Phacellophora camtschatica","Phacellophora camtschatica","U",NA,1,50,"400601","03",NA,30,2022,NA,"S","Can Trawl 400 headrope, 601 sidewalls","2022-09-12T21:04:00Z",64,-168,"2022-09-12T21:35:00Z",64,-168.08,NA,30,51.19,22.93,"330",NA,NA,NA,NA,0,0,NA,NA,NA,0,0,NA
"1047","2022-09-12T21:35:00Z","20220202030","2022","0202","030","161980","Chinook Salmon","Oncorhynchus tshawytscha","IM",NA,2,5650,"400601","03",NA,30,2022,NA,"S","Can Trawl 400 headrope, 601 sidewalls","2022-09-12T21:04:00Z",64,-168,"2022-09-12T21:35:00Z",64,-168.08,NA,30,51.19,22.93,"330",23220,"8755010206",NA,NA,0,0,NA,NA,NA,0,0,NA
"1048","2022-09-12T21:35:00Z","20220202030","2022","0202","030","162035","Capelin","Mallotus villosus","U",NA,3,32,"400601","03",NA,30,2022,NA,"S","Can Trawl 400 headrope, 601 sidewalls","2022-09-12T21:04:00Z",64,-168,"2022-09-12T21:35:00Z",64,-168.08,NA,30,51.19,22.93,"330",23041,"8755030201",NA,NA,0,0,NA,NA,NA,0,0,NA
"1049","2022-09-12T21:35:00Z","20220202030","2022","0202","030","171672","Arctic Sand Lance","Ammodytes hexapterus","A0",NA,51,33,"400601","03",NA,30,2022,NA,"S","Can Trawl 400 headrope, 601 sidewalls","2022-09-12T21:04:00Z",64,-168,"2022-09-12T21:35:00Z",64,-168.08,NA,30,51.19,22.93,"330",20203,"8845010101","FERGUSON PAQUIN AND BAKER ",NA,0,0,NA,NA,NA,0,0,NA
"1050","2022-09-12T21:35:00Z","20220202030","2022","0202","030","622287","Arctic Lamprey","Lethenteron camtschaticum","U",NA,6,490,"400601","03",NA,30,2022,NA,"S","Can Trawl 400 headrope, 601 sidewalls","2022-09-12T21:04:00Z",64,-168,"2022-09-12T21:35:00Z",64,-168.08,NA,30,51.19,22.93,"330",NA,"8603010201",NA,NA,0,0,NA,NA,NA,0,0,NA
"1051","2022-09-12T21:35:00Z","20220202030","2022","0202","030","934083","Pollock","Gadus chalcogrammus","A0",NA,58.74,91,"400601","03",NA,30,2022,NA,"S","Can Trawl 400 headrope, 601 sidewalls","2022-09-12T21:04:00Z",64,-168,"2022-09-12T21:35:00Z",64,-168.08,NA,30,51.19,22.93,"330",21740,"8791030701",NA,NA,0,0,NA,NA,NA,0,0,NA
"1052","2022-09-13T01:49:00Z","20220202031","2022","0202","031","50623","Aequorea  sp.","Aequorea sp.","U",NA,0,3820,"400601","03",NA,31,2022,NA,"S","Can Trawl 400 headrope, 601 sidewalls","2022-09-13T01:18:00Z",64,-168.99,"2022-09-13T01:49:00Z",64.04,-169.01,NA,36,50.64,17.97,"330",40506,NA,NA,NA,0,0,NA,NA,NA,0,0,NA
"1053","2022-09-13T01:49:00Z","20220202031","2022","0202","031","51641","Northern Sea Nettle","Chrysaora melanaster","U",NA,0,89710,"400601","03",NA,31,2022,NA,"S","Can Trawl 400 headrope, 601 sidewalls","2022-09-13T01:18:00Z",64,-168.99,"2022-09-13T01:49:00Z",64.04,-169.01,NA,36,50.64,17.97,"330",40504,NA,NA,NA,0,0,NA,NA,NA,0,0,NA
"1054","2022-09-13T01:49:00Z","20220202031","2022","0202","031","51671","Cyanea capillata","Cyanea capillata","U",NA,0,1460,"400601","03",NA,31,2022,NA,"S","Can Trawl 400 headrope, 601 sidewalls","2022-09-13T01:18:00Z",64,-168.99,"2022-09-13T01:49:00Z",64.04,-169.01,NA,36,50.64,17.97,"330",40561,NA,NA,NA,0,0,NA,NA,NA,0,0,NA
"1055","2022-09-13T01:49:00Z","20220202031","2022","0202","031","161979","Sockeye Salmon","Oncorhynchus nerka","J",NA,2,129,"400601","03",NA,31,2022,NA,"S","Can Trawl 400 headrope, 601 sidewalls","2022-09-13T01:18:00Z",64,-168.99,"2022-09-13T01:49:00Z",64.04,-169.01,NA,36,50.64,17.97,"330",23240,"8755010205",NA,NA,0,0,NA,NA,NA,0,0,NA
"1056","2022-09-13T17:36:00Z","20220202032","2022","0202","032","50623","Aequorea  sp.","Aequorea sp.","U",NA,0,12610,"400601","03",NA,32,2022,NA,"S","Can Trawl 400 headrope, 601 sidewalls","2022-09-13T17:05:00Z",64.49,-169,"2022-09-13T17:36:00Z",64.48,-168.93,NA,42,46.8,22.61,"330",40506,NA,NA,NA,0,0,NA,NA,NA,0,0,NA
"1057","2022-09-13T17:36:00Z","20220202032","2022","0202","032","51641","Northern Sea Nettle","Chrysaora melanaster","U",NA,0,165120,"400601","03",NA,32,2022,NA,"S","Can Trawl 400 headrope, 601 sidewalls","2022-09-13T17:05:00Z",64.49,-169,"2022-09-13T17:36:00Z",64.48,-168.93,NA,42,46.8,22.61,"330",40504,NA,NA,NA,0,0,NA,NA,NA,0,0,NA
"1058","2022-09-13T17:36:00Z","20220202032","2022","0202","032","51696","Phacellophora camtschatica","Phacellophora camtschatica","U",NA,0,700,"400601","03",NA,32,2022,NA,"S","Can Trawl 400 headrope, 601 sidewalls","2022-09-13T17:05:00Z",64.49,-169,"2022-09-13T17:36:00Z",64.48,-168.93,NA,42,46.8,22.61,"330",NA,NA,NA,NA,0,0,NA,NA,NA,0,0,NA
"1059","2022-09-13T17:36:00Z","20220202032","2022","0202","032","161975","Pink Salmon","Oncorhynchus gorbuscha","J",NA,9,507,"400601","03",NA,32,2022,NA,"S","Can Trawl 400 headrope, 601 sidewalls","2022-09-13T17:05:00Z",64.49,-169,"2022-09-13T17:36:00Z",64.48,-168.93,NA,42,46.8,22.61,"330",23230,"8755010201",NA,NA,0,0,NA,NA,NA,0,0,NA
"1060","2022-09-13T17:36:00Z","20220202032","2022","0202","032","161976","Chum Salmon","Oncorhynchus keta","IM",NA,2,5650,"400601","03",NA,32,2022,NA,"S","Can Trawl 400 headrope, 601 sidewalls","2022-09-13T17:05:00Z",64.49,-169,"2022-09-13T17:36:00Z",64.48,-168.93,NA,42,46.8,22.61,"330",23235,"8755010202",NA,NA,0,0,NA,NA,NA,0,0,NA
"1061","2022-09-13T17:36:00Z","20220202032","2022","0202","032","161976","Chum Salmon","Oncorhynchus keta","J",NA,3,100,"400601","03",NA,32,2022,NA,"S","Can Trawl 400 headrope, 601 sidewalls","2022-09-13T17:05:00Z",64.49,-169,"2022-09-13T17:36:00Z",64.48,-168.93,NA,42,46.8,22.61,"330",23235,"8755010202",NA,NA,0,0,NA,NA,NA,0,0,NA
"1062","2022-08-23T18:50:00Z","20220308011","2022","0308","011","551209","Pacific Herring","Clupea pallasi","U",NA,8,940,"400601","05","Bering Sea",11,2022,"56.5-166","S","Can Trawl 400 headrope, 601 sidewalls","2022-08-23T18:20:00Z",56.48,-165.99,"2022-08-23T18:50:00Z",56.51,-166.02,NA,87,55.5,23.73,"191.42",21110,"8747010201",NA,"2022-08-23T18:15:00Z",56.48,56.48,NA,NA,NA,0,0,NA
"1063","2022-08-23T18:50:00Z","20220308011","2022","0308","011","556311","Long Fin Squid","Gonatus kamtschaticus","U",NA,7,131,"400601","05","Bering Sea",11,2022,"56.5-166","S","Can Trawl 400 headrope, 601 sidewalls","2022-08-23T18:20:00Z",56.48,-165.99,"2022-08-23T18:50:00Z",56.51,-166.02,NA,87,55.5,23.73,"191.42",79206,NA,NA,"2022-08-23T18:15:00Z",56.48,56.48,NA,NA,NA,0,0,NA
"1064","2022-08-23T18:50:00Z","20220308011","2022","0308","011","934083","Pollock","Gadus chalcogrammus","U",NA,2659,1223,"400601","05","Bering Sea",11,2022,"56.5-166","S","Can Trawl 400 headrope, 601 sidewalls","2022-08-23T18:20:00Z",56.48,-165.99,"2022-08-23T18:50:00Z",56.51,-166.02,NA,87,55.5,23.73,"191.42",21740,"8791030701",NA,"2022-08-23T18:15:00Z",56.48,56.48,NA,NA,NA,0,0,NA
"1065","2022-08-23T20:23:00Z","20220308011","2022","0308","011","51641","Northern Sea Nettle","Chrysaora melanaster","U",NA,1146,877975.15,"NETS156","06","Bering Sea",11,2022,"56.5-166","O","NETS Pelagic Trawl","2022-08-23T20:22:00Z",56.51,-165.98,"2022-08-23T20:23:00Z",56.51,-165.98,NA,87,NA,NA,NA,40504,NA,NA,"2022-08-23T20:11:00Z",56.5,56.5,NA,NA,NA,0,0,NA
"1066","2022-08-23T20:23:00Z","20220308011","2022","0308","011","161979","Sockeye Salmon","Oncorhynchus nerka","J",NA,959,97264.82,"NETS156","06","Bering Sea",11,2022,"56.5-166","O","NETS Pelagic Trawl","2022-08-23T20:22:00Z",56.51,-165.98,"2022-08-23T20:23:00Z",56.51,-165.98,NA,87,NA,NA,NA,23240,"8755010205",NA,"2022-08-23T20:11:00Z",56.5,56.5,NA,NA,NA,0,0,NA
"1067","2022-08-23T20:23:00Z","20220308011","2022","0308","011","164711","Pacific Cod","Gadus macrocephalus","A0",NA,61,213.43,"NETS156","06","Bering Sea",11,2022,"56.5-166","O","NETS Pelagic Trawl","2022-08-23T20:22:00Z",56.51,-165.98,"2022-08-23T20:23:00Z",56.51,-165.98,NA,87,NA,NA,NA,21720,"8791030401",NA,"2022-08-23T20:11:00Z",56.5,56.5,NA,NA,NA,0,0,NA
"1068","2022-08-23T20:23:00Z","20220308011","2022","0308","011","171672","Arctic Sand Lance","Ammodytes hexapterus","U",NA,15,15.24,"NETS156","06","Bering Sea",11,2022,"56.5-166","O","NETS Pelagic Trawl","2022-08-23T20:22:00Z",56.51,-165.98,"2022-08-23T20:23:00Z",56.51,-165.98,NA,87,NA,NA,NA,20203,"8845010101",NA,"2022-08-23T20:11:00Z",56.5,56.5,NA,NA,NA,0,0,NA
"1069","2022-08-23T20:23:00Z","20220308011","2022","0308","011","551209","Pacific Herring","Clupea pallasi","U",NA,15,1646.48,"NETS156","06","Bering Sea",11,2022,"56.5-166","O","NETS Pelagic Trawl","2022-08-23T20:22:00Z",56.51,-165.98,"2022-08-23T20:23:00Z",56.51,-165.98,NA,87,NA,NA,NA,21110,"8747010201",NA,"2022-08-23T20:11:00Z",56.5,56.5,NA,NA,NA,0,0,NA
"1070","2022-08-23T20:23:00Z","20220308011","2022","0308","011","934083","Pollock","Gadus chalcogrammus","A1+",NA,290,145897.24,"NETS156","06","Bering Sea",11,2022,"56.5-166","O","NETS Pelagic Trawl","2022-08-23T20:22:00Z",56.51,-165.98,"2022-08-23T20:23:00Z",56.51,-165.98,NA,87,NA,NA,NA,21740,"8791030701",NA,"2022-08-23T20:11:00Z",56.5,56.5,NA,NA,NA,0,0,NA
"1071","2022-08-23T20:23:00Z","20220308011","2022","0308","011","934083","Pollock","Gadus chalcogrammus","U",NA,27930,20520.13,"NETS156","06","Bering Sea",11,2022,"56.5-166","O","NETS Pelagic Trawl","2022-08-23T20:22:00Z",56.51,-165.98,"2022-08-23T20:23:00Z",56.51,-165.98,NA,87,NA,NA,NA,21740,"8791030701",NA,"2022-08-23T20:11:00Z",56.5,56.5,NA,NA,NA,0,0,NA
"1072","2022-08-24T03:28:00Z","20220308014","2022","0308","014","50513","Staurophora mertensi","Staurophora mertensi","U",NA,0,1698.71,"NETS156","02","Bering Sea",14,2022,"57-165","O","NETS Pelagic Trawl","2022-08-24T03:28:00Z",57.02,-165.04,"2022-08-24T03:28:00Z",57.02,-165.04,NA,71,15.4,7.9,"230",NA,"40562",NA,"2022-08-24T03:21:00Z",57.02,57.02,NA,NA,NA,0,0,NA
"1073","2022-08-24T03:28:00Z","20220308014","2022","0308","014","51641","Northern Sea Nettle","Chrysaora melanaster","U",NA,1033,748006.42,"NETS156","02","Bering Sea",14,2022,"57-165","O","NETS Pelagic Trawl","2022-08-24T03:28:00Z",57.02,-165.04,"2022-08-24T03:28:00Z",57.02,-165.04,NA,71,15.4,7.9,"230",40504,NA,NA,"2022-08-24T03:21:00Z",57.02,57.02,NA,NA,NA,0,0,NA
"1074","2022-08-24T03:28:00Z","20220308014","2022","0308","014","164711","Pacific Cod","Gadus macrocephalus","A0",NA,200,613.82,"NETS156","02","Bering Sea",14,2022,"57-165","O","NETS Pelagic Trawl","2022-08-24T03:28:00Z",57.02,-165.04,"2022-08-24T03:28:00Z",57.02,-165.04,NA,71,15.4,7.9,"230",21720,"8791030401",NA,"2022-08-24T03:21:00Z",57.02,57.02,NA,NA,NA,0,0,NA
"1075","2022-08-24T03:28:00Z","20220308014","2022","0308","014","934083","Pollock","Gadus chalcogrammus","A1+",NA,4,2090,"NETS156","02","Bering Sea",14,2022,"57-165","O","NETS Pelagic Trawl","2022-08-24T03:28:00Z",57.02,-165.04,"2022-08-24T03:28:00Z",57.02,-165.04,NA,71,15.4,7.9,"230",21740,"8791030701",NA,"2022-08-24T03:21:00Z",57.02,57.02,NA,NA,NA,0,0,NA
"1076","2022-08-24T03:28:00Z","20220308014","2022","0308","014","934083","Pollock","Gadus chalcogrammus","U",NA,25754,16159.22,"NETS156","02","Bering Sea",14,2022,"57-165","O","NETS Pelagic Trawl","2022-08-24T03:28:00Z",57.02,-165.04,"2022-08-24T03:28:00Z",57.02,-165.04,NA,71,15.4,7.9,"230",21740,"8791030701",NA,"2022-08-24T03:21:00Z",57.02,57.02,NA,NA,NA,0,0,NA
"1077","2022-08-24T18:01:00Z","20220308014","2022","0308","014","50513","Staurophora mertensi","Staurophora mertensi","U",NA,0,2830,"400601","06","Bering Sea",14,2022,"57-165","S","Can Trawl 400 headrope, 601 sidewalls","2022-08-24T17:31:00Z",57.02,-164.95,"2022-08-24T18:01:00Z",57.04,-164.91,NA,71,55.5,22.4,"204.18",NA,"40562",NA,"2022-08-24T17:26:00Z",57.01,57.01,NA,NA,NA,0,0,NA
"1078","2021-09-01T02:34:00Z","20210201006","2021","0201","006","551209","Pacific Herring","Clupea pallasi","U",NA,11,1036,"400601","05","Bering Sea",6,2021,NA,"S","Can Trawl 400 headrope, 601 sidewalls","2021-09-01T02:03:00Z",60.5,-169.93,"2021-09-01T02:34:00Z",60.5,-169.86,NA,50,48.78,21.87,"330",21110,"8747010201",NA,NA,0,0,NA,NA,NA,0,0,NA
"1079","2021-09-01T02:34:00Z","20210201006","2021","0201","006","934083","Pollock","Gadus chalcogrammus","A0",NA,8242.39,13414.1,"400601","05","Bering Sea",6,2021,NA,"S","Can Trawl 400 headrope, 601 sidewalls","2021-09-01T02:03:00Z",60.5,-169.93,"2021-09-01T02:34:00Z",60.5,-169.86,NA,50,48.78,21.87,"330",21740,"8791030701",NA,NA,0,0,NA,NA,NA,0,0,NA
"1080","2021-09-01T02:34:00Z","20210201006","2021","0201","006","934083","Pollock","Gadus chalcogrammus","A1+",NA,2,47,"400601","05","Bering Sea",6,2021,NA,"S","Can Trawl 400 headrope, 601 sidewalls","2021-09-01T02:03:00Z",60.5,-169.93,"2021-09-01T02:34:00Z",60.5,-169.86,NA,50,48.78,21.87,"330",21740,"8791030701",NA,NA,0,0,NA,NA,NA,0,0,NA
"1081","2021-09-01T17:08:00Z","20210201007","2021","0201","007","161980","Chinook Salmon","Oncorhynchus tshawytscha","IM",NA,6,7730,"400601","04","Bering Sea",7,2021,NA,"S","Can Trawl 400 headrope, 601 sidewalls","2021-09-01T16:38:00Z",60.49,-168.95,"2021-09-01T17:08:00Z",60.5,-168.88,NA,38,49.71,16.76,"330",23220,"8755010206",NA,NA,0,0,NA,NA,NA,0,0,NA
"1082","2021-09-01T17:08:00Z","20210201007","2021","0201","007","166387","Nine-spine Stickleback","Pungitius pungitius","A0",NA,4,26,"400601","04","Bering Sea",7,2021,NA,"S","Can Trawl 400 headrope, 601 sidewalls","2021-09-01T16:38:00Z",60.49,-168.95,"2021-09-01T17:08:00Z",60.5,-168.88,NA,38,49.71,16.76,"330",21753,"8818010201",NA,NA,0,0,NA,NA,NA,0,0,NA
"1083","2021-09-01T17:08:00Z","20210201007","2021","0201","007","172907","Yellowfin Sole","Limanda aspera","U",NA,1,400,"400601","04","Bering Sea",7,2021,NA,"S","Can Trawl 400 headrope, 601 sidewalls","2021-09-01T16:38:00Z",60.49,-168.95,"2021-09-01T17:08:00Z",60.5,-168.88,NA,38,49.71,16.76,"330",10210,"8857041505",NA,NA,0,0,NA,NA,NA,0,0,NA
"1084","2021-09-01T17:08:00Z","20210201007","2021","0201","007","934083","Pollock","Gadus chalcogrammus","A0",NA,4542.71,8914,"400601","04","Bering Sea",7,2021,NA,"S","Can Trawl 400 headrope, 601 sidewalls","2021-09-01T16:38:00Z",60.49,-168.95,"2021-09-01T17:08:00Z",60.5,-168.88,NA,38,49.71,16.76,"330",21740,"8791030701",NA,NA,0,0,NA,NA,NA,0,0,NA
"1085","2021-09-01T17:08:00Z","20210201007","2021","0201","007","934083","Pollock","Gadus chalcogrammus","A1+",NA,5,3160,"400601","04","Bering Sea",7,2021,NA,"S","Can Trawl 400 headrope, 601 sidewalls","2021-09-01T16:38:00Z",60.49,-168.95,"2021-09-01T17:08:00Z",60.5,-168.88,NA,38,49.71,16.76,"330",21740,"8791030701",NA,NA,0,0,NA,NA,NA,0,0,NA
"1086","2021-09-01T21:18:00Z","20210201008","2021","0201","008","161975","Pink Salmon","Oncorhynchus gorbuscha","J",NA,117.27,4380,"400601","04","Bering Sea",8,2021,NA,"S","Can Trawl 400 headrope, 601 sidewalls","2021-09-01T20:48:00Z",60.5,-167.97,"2021-09-01T21:18:00Z",60.5,-167.91,NA,29,51.75,17.05,"330",23230,"8755010201",NA,NA,0,0,NA,NA,NA,0,0,NA
"1087","2021-09-01T21:18:00Z","20210201008","2021","0201","008","161976","Chum Salmon","Oncorhynchus keta","J",NA,301.48,13360,"400601","04","Bering Sea",8,2021,NA,"S","Can Trawl 400 headrope, 601 sidewalls","2021-09-01T20:48:00Z",60.5,-167.97,"2021-09-01T21:18:00Z",60.5,-167.91,NA,29,51.75,17.05,"330",23235,"8755010202",NA,NA,0,0,NA,NA,NA,0,0,NA
"1088","2021-09-01T21:18:00Z","20210201008","2021","0201","008","161977","Coho Salmon","Oncorhynchus kisutch","J",NA,12,2578,"400601","04","Bering Sea",8,2021,NA,"S","Can Trawl 400 headrope, 601 sidewalls","2021-09-01T20:48:00Z",60.5,-167.97,"2021-09-01T21:18:00Z",60.5,-167.91,NA,29,51.75,17.05,"330",23225,"8755010203",NA,NA,0,0,NA,NA,NA,0,0,NA
"1089","2021-09-01T21:18:00Z","20210201008","2021","0201","008","166387","Nine-spine Stickleback","Pungitius pungitius","A0",NA,1,6,"400601","04","Bering Sea",8,2021,NA,"S","Can Trawl 400 headrope, 601 sidewalls","2021-09-01T20:48:00Z",60.5,-167.97,"2021-09-01T21:18:00Z",60.5,-167.91,NA,29,51.75,17.05,"330",21753,"8818010201",NA,NA,0,0,NA,NA,NA,0,0,NA
"1090","2021-09-01T21:18:00Z","20210201008","2021","0201","008","622287","Arctic Lamprey","Lethenteron camtschaticum","U",NA,2,63,"400601","04","Bering Sea",8,2021,NA,"S","Can Trawl 400 headrope, 601 sidewalls","2021-09-01T20:48:00Z",60.5,-167.97,"2021-09-01T21:18:00Z",60.5,-167.91,NA,29,51.75,17.05,"330",NA,"8603010201",NA,NA,0,0,NA,NA,NA,0,0,NA
"1091","2021-09-01T21:18:00Z","20210201008","2021","0201","008","934083","Pollock","Gadus chalcogrammus","A0",NA,421.4,1318,"400601","04","Bering Sea",8,2021,NA,"S","Can Trawl 400 headrope, 601 sidewalls","2021-09-01T20:48:00Z",60.5,-167.97,"2021-09-01T21:18:00Z",60.5,-167.91,NA,29,51.75,17.05,"330",21740,"8791030701",NA,NA,0,0,NA,NA,NA,0,0,NA
"1092","2021-09-02T01:50:00Z","20210201009","2021","0201","009","51669","Cyanea sp.","Cyanea sp.","U",NA,0,2250,"400601","05","Bering Sea",9,2021,NA,"S","Can Trawl 400 headrope, 601 sidewalls","2021-09-02T01:20:00Z",60.52,-166.99,"2021-09-02T01:50:00Z",60.56,-166.98,NA,27,52.15,20.56,"330",40560,NA,NA,NA,0,0,NA,NA,NA,0,0,NA
"1093","2021-09-02T01:50:00Z","20210201009","2021","0201","009","161975","Pink Salmon","Oncorhynchus gorbuscha","J",NA,3,110,"400601","05","Bering Sea",9,2021,NA,"S","Can Trawl 400 headrope, 601 sidewalls","2021-09-02T01:20:00Z",60.52,-166.99,"2021-09-02T01:50:00Z",60.56,-166.98,NA,27,52.15,20.56,"330",23230,"8755010201",NA,NA,0,0,NA,NA,NA,0,0,NA
"1094","2021-09-02T01:50:00Z","20210201009","2021","0201","009","161976","Chum Salmon","Oncorhynchus keta","J",NA,28,1210,"400601","05","Bering Sea",9,2021,NA,"S","Can Trawl 400 headrope, 601 sidewalls","2021-09-02T01:20:00Z",60.52,-166.99,"2021-09-02T01:50:00Z",60.56,-166.98,NA,27,52.15,20.56,"330",23235,"8755010202",NA,NA,0,0,NA,NA,NA,0,0,NA
"1095","2021-09-02T01:50:00Z","20210201009","2021","0201","009","161977","Coho Salmon","Oncorhynchus kisutch","IM",NA,1,2850,"400601","05","Bering Sea",9,2021,NA,"S","Can Trawl 400 headrope, 601 sidewalls","2021-09-02T01:20:00Z",60.52,-166.99,"2021-09-02T01:50:00Z",60.56,-166.98,NA,27,52.15,20.56,"330",23225,"8755010203",NA,NA,0,0,NA,NA,NA,0,0,NA
"1096","2021-09-02T01:50:00Z","20210201009","2021","0201","009","161977","Coho Salmon","Oncorhynchus kisutch","J",NA,34,6110,"400601","05","Bering Sea",9,2021,NA,"S","Can Trawl 400 headrope, 601 sidewalls","2021-09-02T01:20:00Z",60.52,-166.99,"2021-09-02T01:50:00Z",60.56,-166.98,NA,27,52.15,20.56,"330",23225,"8755010203",NA,NA,0,0,NA,NA,NA,0,0,NA
"1097","2021-09-02T01:50:00Z","20210201009","2021","0201","009","167220","Crested Sculpin","Blepsias bilobus","U",NA,1,9,"400601","05","Bering Sea",9,2021,NA,"S","Can Trawl 400 headrope, 601 sidewalls","2021-09-02T01:20:00Z",60.52,-166.99,"2021-09-02T01:50:00Z",60.56,-166.98,NA,27,52.15,20.56,"330",21397,"8831020601",NA,NA,0,0,NA,NA,NA,0,0,NA
"1098","2021-09-02T01:50:00Z","20210201009","2021","0201","009","171337","Bering Wolffish","Anarhichas orientalis","U",NA,2,88,"400601","05","Bering Sea",9,2021,NA,"S","Can Trawl 400 headrope, 601 sidewalls","2021-09-02T01:20:00Z",60.52,-166.99,"2021-09-02T01:50:00Z",60.56,-166.98,NA,27,52.15,20.56,"330",20322,"8842020101",NA,NA,0,0,NA,NA,NA,0,0,NA
"1099","2021-09-02T17:30:00Z","20210201010","2021","0201","010","51669","Cyanea sp.","Cyanea sp.","U",NA,4,710,"400601","04","Bering Sea",10,2021,NA,"S","Can Trawl 400 headrope, 601 sidewalls","2021-09-02T17:00:00Z",61,-167.02,"2021-09-02T17:30:00Z",61,-167.09,NA,22,50.73,18.32,"330",40560,NA,NA,NA,0,0,NA,NA,NA,0,0,NA
"1100","2021-09-02T17:30:00Z","20210201010","2021","0201","010","161976","Chum Salmon","Oncorhynchus keta","J",NA,1,70,"400601","04","Bering Sea",10,2021,NA,"S","Can Trawl 400 headrope, 601 sidewalls","2021-09-02T17:00:00Z",61,-167.02,"2021-09-02T17:30:00Z",61,-167.09,NA,22,50.73,18.32,"330",23235,"8755010202",NA,NA,0,0,NA,NA,NA,0,0,NA
"1101","2021-09-02T17:30:00Z","20210201010","2021","0201","010","161977","Coho Salmon","Oncorhynchus kisutch","IM",NA,2,5570,"400601","04","Bering Sea",10,2021,NA,"S","Can Trawl 400 headrope, 601 sidewalls","2021-09-02T17:00:00Z",61,-167.02,"2021-09-02T17:30:00Z",61,-167.09,NA,22,50.73,18.32,"330",23225,"8755010203",NA,NA,0,0,NA,NA,NA,0,0,NA
"1102","2021-09-02T17:30:00Z","20210201010","2021","0201","010","161977","Coho Salmon","Oncorhynchus kisutch","J",NA,1,250,"400601","04","Bering Sea",10,2021,NA,"S","Can Trawl 400 headrope, 601 sidewalls","2021-09-02T17:00:00Z",61,-167.02,"2021-09-02T17:30:00Z",61,-167.09,NA,22,50.73,18.32,"330",23225,"8755010203",NA,NA,0,0,NA,NA,NA,0,0,NA
"1103","2021-09-02T17:30:00Z","20210201010","2021","0201","010","162041","Rainbow Smelt","Osmerus mordax dentex","U",NA,13,33,"400601","04","Bering Sea",10,2021,NA,"S","Can Trawl 400 headrope, 601 sidewalls","2021-09-02T17:00:00Z",61,-167.02,"2021-09-02T17:30:00Z",61,-167.09,NA,22,50.73,18.32,"330",23055,"8755030302",NA,NA,0,0,NA,NA,NA,0,0,NA
"1104","2021-09-02T17:30:00Z","20210201010","2021","0201","010","166387","Nine-spine Stickleback","Pungitius pungitius","U",NA,2,1,"400601","04","Bering Sea",10,2021,NA,"S","Can Trawl 400 headrope, 601 sidewalls","2021-09-02T17:00:00Z",61,-167.02,"2021-09-02T17:30:00Z",61,-167.09,NA,22,50.73,18.32,"330",21753,"8818010201",NA,NA,0,0,NA,NA,NA,0,0,NA
"1105","2021-09-02T17:30:00Z","20210201010","2021","0201","010","167220","Crested Sculpin","Blepsias bilobus","U",NA,1,8,"400601","04","Bering Sea",10,2021,NA,"S","Can Trawl 400 headrope, 601 sidewalls","2021-09-02T17:00:00Z",61,-167.02,"2021-09-02T17:30:00Z",61,-167.09,NA,22,50.73,18.32,"330",21397,"8831020601",NA,NA,0,0,NA,NA,NA,0,0,NA
"1106","2021-09-02T17:30:00Z","20210201010","2021","0201","010","167312","Plain Sculpin","Myoxocephalus jaok","U",NA,1,454,"400601","04","Bering Sea",10,2021,NA,"S","Can Trawl 400 headrope, 601 sidewalls","2021-09-02T17:00:00Z",61,-167.02,"2021-09-02T17:30:00Z",61,-167.09,NA,22,50.73,18.32,"330",21371,"8831022201",NA,NA,0,0,NA,NA,NA,0,0,NA
"1107","2021-09-02T17:30:00Z","20210201010","2021","0201","010","172893","Starry Flounder","Platichthys stellatus","U",NA,3,510,"400601","04","Bering Sea",10,2021,NA,"S","Can Trawl 400 headrope, 601 sidewalls","2021-09-02T17:00:00Z",61,-167.02,"2021-09-02T17:30:00Z",61,-167.09,NA,22,50.73,18.32,"330",10220,"8857041401",NA,NA,0,0,NA,NA,NA,0,0,NA
"1108","2021-09-02T17:30:00Z","20210201010","2021","0201","010","551209","Pacific Herring","Clupea pallasi","A0",NA,247.88,860,"400601","04","Bering Sea",10,2021,NA,"S","Can Trawl 400 headrope, 601 sidewalls","2021-09-02T17:00:00Z",61,-167.02,"2021-09-02T17:30:00Z",61,-167.09,NA,22,50.73,18.32,"330",21110,"8747010201",NA,NA,0,0,NA,NA,NA,0,0,NA
"1109","2021-09-02T17:30:00Z","20210201010","2021","0201","010","551209","Pacific Herring","Clupea pallasi","A1+",NA,11,328,"400601","04","Bering Sea",10,2021,NA,"S","Can Trawl 400 headrope, 601 sidewalls","2021-09-02T17:00:00Z",61,-167.02,"2021-09-02T17:30:00Z",61,-167.09,NA,22,50.73,18.32,"330",21110,"8747010201",NA,NA,0,0,NA,NA,NA,0,0,NA
"1110","2021-09-02T21:28:00Z","20210201011","2021","0201","011","50513","Staurophora mertensi","Staurophora mertensi","U",NA,0,50,"400601","04","Bering Sea",11,2021,NA,"S","Can Trawl 400 headrope, 601 sidewalls","2021-09-02T20:58:00Z",61,-168.05,"2021-09-02T21:28:00Z",61,-168.12,NA,29,49,17.9,"330",NA,"40562",NA,NA,0,0,NA,NA,NA,0,0,NA
"1111","2021-09-02T21:28:00Z","20210201011","2021","0201","011","51669","Cyanea sp.","Cyanea sp.","U",NA,0,240,"400601","04","Bering Sea",11,2021,NA,"S","Can Trawl 400 headrope, 601 sidewalls","2021-09-02T20:58:00Z",61,-168.05,"2021-09-02T21:28:00Z",61,-168.12,NA,29,49,17.9,"330",40560,NA,NA,NA,0,0,NA,NA,NA,0,0,NA
"1112","2021-09-02T21:28:00Z","20210201011","2021","0201","011","51700","Aurelia sp.","Aurelia sp.","U",NA,0,110,"400601","04","Bering Sea",11,2021,NA,"S","Can Trawl 400 headrope, 601 sidewalls","2021-09-02T20:58:00Z",61,-168.05,"2021-09-02T21:28:00Z",61,-168.12,NA,29,49,17.9,"330",40511,NA,NA,NA,0,0,NA,NA,NA,0,0,NA
"1113","2021-09-02T21:28:00Z","20210201011","2021","0201","011","161975","Pink Salmon","Oncorhynchus gorbuscha","J",NA,677.08,26000,"400601","04","Bering Sea",11,2021,NA,"S","Can Trawl 400 headrope, 601 sidewalls","2021-09-02T20:58:00Z",61,-168.05,"2021-09-02T21:28:00Z",61,-168.12,NA,29,49,17.9,"330",23230,"8755010201",NA,NA,0,0,NA,NA,NA,0,0,NA
"1114","2021-09-02T21:28:00Z","20210201011","2021","0201","011","161976","Chum Salmon","Oncorhynchus keta","J",NA,1940.71,119936,"400601","04","Bering Sea",11,2021,NA,"S","Can Trawl 400 headrope, 601 sidewalls","2021-09-02T20:58:00Z",61,-168.05,"2021-09-02T21:28:00Z",61,-168.12,NA,29,49,17.9,"330",23235,"8755010202",NA,NA,0,0,NA,NA,NA,0,0,NA
"1115","2021-09-02T21:28:00Z","20210201011","2021","0201","011","161977","Coho Salmon","Oncorhynchus kisutch","J",NA,10,2064,"400601","04","Bering Sea",11,2021,NA,"S","Can Trawl 400 headrope, 601 sidewalls","2021-09-02T20:58:00Z",61,-168.05,"2021-09-02T21:28:00Z",61,-168.12,NA,29,49,17.9,"330",23225,"8755010203",NA,NA,0,0,NA,NA,NA,0,0,NA
"1116","2021-09-02T21:28:00Z","20210201011","2021","0201","011","161980","Chinook Salmon","Oncorhynchus tshawytscha","J",NA,1,110,"400601","04","Bering Sea",11,2021,NA,"S","Can Trawl 400 headrope, 601 sidewalls","2021-09-02T20:58:00Z",61,-168.05,"2021-09-02T21:28:00Z",61,-168.12,NA,29,49,17.9,"330",23220,"8755010206",NA,NA,0,0,NA,NA,NA,0,0,NA
"1117","2021-09-02T21:28:00Z","20210201011","2021","0201","011","551209","Pacific Herring","Clupea pallasi","A1+",NA,121.18,7150,"400601","04","Bering Sea",11,2021,NA,"S","Can Trawl 400 headrope, 601 sidewalls","2021-09-02T20:58:00Z",61,-168.05,"2021-09-02T21:28:00Z",61,-168.12,NA,29,49,17.9,"330",21110,"8747010201",NA,NA,0,0,NA,NA,NA,0,0,NA
"1118","2021-09-02T21:28:00Z","20210201011","2021","0201","011","622287","Arctic Lamprey","Lethenteron camtschaticum","U",NA,2,144,"400601","04","Bering Sea",11,2021,NA,"S","Can Trawl 400 headrope, 601 sidewalls","2021-09-02T20:58:00Z",61,-168.05,"2021-09-02T21:28:00Z",61,-168.12,NA,29,49,17.9,"330",NA,"8603010201",NA,NA,0,0,NA,NA,NA,0,0,NA
"1119","2021-09-02T21:28:00Z","20210201011","2021","0201","011","934083","Pollock","Gadus chalcogrammus","A0",NA,28,73,"400601","04","Bering Sea",11,2021,NA,"S","Can Trawl 400 headrope, 601 sidewalls","2021-09-02T20:58:00Z",61,-168.05,"2021-09-02T21:28:00Z",61,-168.12,NA,29,49,17.9,"330",21740,"8791030701",NA,NA,0,0,NA,NA,NA,0,0,NA
"1120","2021-09-03T01:52:00Z","20210201012","2021","0201","012","50513","Staurophora mertensi","Staurophora mertensi","U",NA,0,100,"400601","05","Bering Sea",12,2021,NA,"S","Can Trawl 400 headrope, 601 sidewalls","2021-09-03T01:22:00Z",61.02,-169.01,"2021-09-03T01:52:00Z",61.01,-169.07,NA,37,50.05,18.9,"330",NA,"40562",NA,NA,0,0,NA,NA,NA,0,0,NA
"1121","2021-09-03T01:52:00Z","20210201012","2021","0201","012","51641","Northern Sea Nettle","Chrysaora melanaster","U",NA,10.07,6950,"400601","05","Bering Sea",12,2021,NA,"S","Can Trawl 400 headrope, 601 sidewalls","2021-09-03T01:22:00Z",61.02,-169.01,"2021-09-03T01:52:00Z",61.01,-169.07,NA,37,50.05,18.9,"330",40504,NA,NA,NA,0,0,NA,NA,NA,0,0,NA
"1122","2021-09-03T01:52:00Z","20210201012","2021","0201","012","51669","Cyanea sp.","Cyanea sp.","U",NA,0,780,"400601","05","Bering Sea",12,2021,NA,"S","Can Trawl 400 headrope, 601 sidewalls","2021-09-03T01:22:00Z",61.02,-169.01,"2021-09-03T01:52:00Z",61.01,-169.07,NA,37,50.05,18.9,"330",40560,NA,NA,NA,0,0,NA,NA,NA,0,0,NA
"1123","2021-09-03T01:52:00Z","20210201012","2021","0201","012","161979","Sockeye Salmon","Oncorhynchus nerka","IM",NA,1,790,"400601","05","Bering Sea",12,2021,NA,"S","Can Trawl 400 headrope, 601 sidewalls","2021-09-03T01:22:00Z",61.02,-169.01,"2021-09-03T01:52:00Z",61.01,-169.07,NA,37,50.05,18.9,"330",23240,"8755010205",NA,NA,0,0,NA,NA,NA,0,0,NA
"1124","2021-09-03T01:52:00Z","20210201012","2021","0201","012","161980","Chinook Salmon","Oncorhynchus tshawytscha","IM",NA,2,3480,"400601","05","Bering Sea",12,2021,NA,"S","Can Trawl 400 headrope, 601 sidewalls","2021-09-03T01:22:00Z",61.02,-169.01,"2021-09-03T01:52:00Z",61.01,-169.07,NA,37,50.05,18.9,"330",23220,"8755010206",NA,NA,0,0,NA,NA,NA,0,0,NA
"1125","2021-09-03T01:52:00Z","20210201012","2021","0201","012","171672","Arctic Sand Lance","Ammodytes hexapterus","U",NA,345.83,166,"400601","05","Bering Sea",12,2021,NA,"S","Can Trawl 400 headrope, 601 sidewalls","2021-09-03T01:22:00Z",61.02,-169.01,"2021-09-03T01:52:00Z",61.01,-169.07,NA,37,50.05,18.9,"330",20203,"8845010101",NA,NA,0,0,NA,NA,NA,0,0,NA
"1126","2021-09-03T01:52:00Z","20210201012","2021","0201","012","172907","Yellowfin Sole","Limanda aspera","U",NA,1,560,"400601","05","Bering Sea",12,2021,NA,"S","Can Trawl 400 headrope, 601 sidewalls","2021-09-03T01:22:00Z",61.02,-169.01,"2021-09-03T01:52:00Z",61.01,-169.07,NA,37,50.05,18.9,"330",10210,"8857041505",NA,NA,0,0,NA,NA,NA,0,0,NA
"1127","2021-09-03T01:52:00Z","20210201012","2021","0201","012","172930","Greenland Halibut","Reinhardtius hippoglossoides","U",NA,1,1,"400601","05","Bering Sea",12,2021,NA,"S","Can Trawl 400 headrope, 601 sidewalls","2021-09-03T01:22:00Z",61.02,-169.01,"2021-09-03T01:52:00Z",61.01,-169.07,NA,37,50.05,18.9,"330",10115,"8857041801",NA,NA,0,0,NA,NA,NA,0,0,NA
"1128","2021-09-03T01:52:00Z","20210201012","2021","0201","012","551209","Pacific Herring","Clupea pallasi","A1+",NA,12,720,"400601","05","Bering Sea",12,2021,NA,"S","Can Trawl 400 headrope, 601 sidewalls","2021-09-03T01:22:00Z",61.02,-169.01,"2021-09-03T01:52:00Z",61.01,-169.07,NA,37,50.05,18.9,"330",21110,"8747010201",NA,NA,0,0,NA,NA,NA,0,0,NA
"1129","2021-09-03T01:52:00Z","20210201012","2021","0201","012","622287","Arctic Lamprey","Lethenteron camtschaticum","U",NA,1,43,"400601","05","Bering Sea",12,2021,NA,"S","Can Trawl 400 headrope, 601 sidewalls","2021-09-03T01:22:00Z",61.02,-169.01,"2021-09-03T01:52:00Z",61.01,-169.07,NA,37,50.05,18.9,"330",NA,"8603010201",NA,NA,0,0,NA,NA,NA,0,0,NA
"1130","2021-09-03T01:52:00Z","20210201012","2021","0201","012","934083","Pollock","Gadus chalcogrammus","A0",NA,915.31,1727,"400601","05","Bering Sea",12,2021,NA,"S","Can Trawl 400 headrope, 601 sidewalls","2021-09-03T01:22:00Z",61.02,-169.01,"2021-09-03T01:52:00Z",61.01,-169.07,NA,37,50.05,18.9,"330",21740,"8791030701",NA,NA,0,0,NA,NA,NA,0,0,NA
"1131","2021-09-03T17:42:00Z","20210201013","2021","0201","013","50623","Aequorea  sp.","Aequorea sp.","U",NA,0,180,"400601","04","Bering Sea",13,2021,NA,"S","Can Trawl 400 headrope, 601 sidewalls","2021-09-03T17:11:00Z",61,-170.01,"2021-09-03T17:42:00Z",61.01,-170.08,NA,46,49.7,21.4,"330",40506,NA,NA,NA,0,0,NA,NA,NA,0,0,NA
"1132","2021-09-03T17:42:00Z","20210201013","2021","0201","013","51641","Northern Sea Nettle","Chrysaora melanaster","U",NA,0,5910,"400601","04","Bering Sea",13,2021,NA,"S","Can Trawl 400 headrope, 601 sidewalls","2021-09-03T17:11:00Z",61,-170.01,"2021-09-03T17:42:00Z",61.01,-170.08,NA,46,49.7,21.4,"330",40504,NA,NA,NA,0,0,NA,NA,NA,0,0,NA
"1133","2021-09-03T17:42:00Z","20210201013","2021","0201","013","51700","Aurelia sp.","Aurelia sp.","U",NA,0,270,"400601","04","Bering Sea",13,2021,NA,"S","Can Trawl 400 headrope, 601 sidewalls","2021-09-03T17:11:00Z",61,-170.01,"2021-09-03T17:42:00Z",61.01,-170.08,NA,46,49.7,21.4,"330",40511,NA,NA,NA,0,0,NA,NA,NA,0,0,NA
"1134","2021-09-03T17:42:00Z","20210201013","2021","0201","013","161976","Chum Salmon","Oncorhynchus keta","IM",NA,1,2140,"400601","04","Bering Sea",13,2021,NA,"S","Can Trawl 400 headrope, 601 sidewalls","2021-09-03T17:11:00Z",61,-170.01,"2021-09-03T17:42:00Z",61.01,-170.08,NA,46,49.7,21.4,"330",23235,"8755010202",NA,NA,0,0,NA,NA,NA,0,0,NA
"1135","2021-09-03T17:42:00Z","20210201013","2021","0201","013","161979","Sockeye Salmon","Oncorhynchus nerka","IM",NA,3,2320,"400601","04","Bering Sea",13,2021,NA,"S","Can Trawl 400 headrope, 601 sidewalls","2021-09-03T17:11:00Z",61,-170.01,"2021-09-03T17:42:00Z",61.01,-170.08,NA,46,49.7,21.4,"330",23240,"8755010205",NA,NA,0,0,NA,NA,NA,0,0,NA
"1136","2021-09-03T17:42:00Z","20210201013","2021","0201","013","161980","Chinook Salmon","Oncorhynchus tshawytscha","IM",NA,7,7280,"400601","04","Bering Sea",13,2021,NA,"S","Can Trawl 400 headrope, 601 sidewalls","2021-09-03T17:11:00Z",61,-170.01,"2021-09-03T17:42:00Z",61.01,-170.08,NA,46,49.7,21.4,"330",23220,"8755010206",NA,NA,0,0,NA,NA,NA,0,0,NA
"1137","2023-09-05T22:22:00Z","20230201018","2023","0201","018","51669","Cyanea sp.","Cyanea sp.","U","TC",0,940,"400601","05","Bering Sea",18,2023,"61.5-168","S","Can Trawl 400 headrope, 601 sidewalls","2023-09-05T21:52:00Z",61.51,-167.98,"2023-09-05T22:22:00Z",61.51,-167.89,NA,23,52.89,23.28,"300",40560,NA,NA,NA,0,0,NA,NA,NA,0,0,NA
"1138","2023-09-05T22:22:00Z","20230201018","2023","0201","018","161975","Pink Salmon","Oncorhynchus gorbuscha","J","TC",342.81,12972,"400601","05","Bering Sea",18,2023,"61.5-168","S","Can Trawl 400 headrope, 601 sidewalls","2023-09-05T21:52:00Z",61.51,-167.98,"2023-09-05T22:22:00Z",61.51,-167.89,NA,23,52.89,23.28,"300",23230,"8755010201",NA,NA,0,0,NA,NA,NA,0,0,NA
"1139","2023-09-05T22:22:00Z","20230201018","2023","0201","018","161976","Chum Salmon","Oncorhynchus keta","J","TC",127.22,7430,"400601","05","Bering Sea",18,2023,"61.5-168","S","Can Trawl 400 headrope, 601 sidewalls","2023-09-05T21:52:00Z",61.51,-167.98,"2023-09-05T22:22:00Z",61.51,-167.89,NA,23,52.89,23.28,"300",23235,"8755010202",NA,NA,0,0,NA,NA,NA,0,0,NA
"1140","2023-09-05T22:22:00Z","20230201018","2023","0201","018","161977","Coho Salmon","Oncorhynchus kisutch","J","TC",3,925,"400601","05","Bering Sea",18,2023,"61.5-168","S","Can Trawl 400 headrope, 601 sidewalls","2023-09-05T21:52:00Z",61.51,-167.98,"2023-09-05T22:22:00Z",61.51,-167.89,NA,23,52.89,23.28,"300",23225,"8755010203",NA,NA,0,0,NA,NA,NA,0,0,NA
"1141","2023-09-05T22:22:00Z","20230201018","2023","0201","018","161979","Sockeye Salmon","Oncorhynchus nerka","IM","TC",1,1880,"400601","05","Bering Sea",18,2023,"61.5-168","S","Can Trawl 400 headrope, 601 sidewalls","2023-09-05T21:52:00Z",61.51,-167.98,"2023-09-05T22:22:00Z",61.51,-167.89,NA,23,52.89,23.28,"300",23240,"8755010205",NA,NA,0,0,NA,NA,NA,0,0,NA
"1142","2023-09-05T22:22:00Z","20230201018","2023","0201","018","161980","Chinook Salmon","Oncorhynchus tshawytscha","J","TC",24,3038,"400601","05","Bering Sea",18,2023,"61.5-168","S","Can Trawl 400 headrope, 601 sidewalls","2023-09-05T21:52:00Z",61.51,-167.98,"2023-09-05T22:22:00Z",61.51,-167.89,NA,23,52.89,23.28,"300",23220,"8755010206",NA,NA,0,0,NA,NA,NA,0,0,NA
"1143","2023-09-05T22:22:00Z","20230201018","2023","0201","018","162035","Capelin","Mallotus villosus","U","TC",5,40,"400601","05","Bering Sea",18,2023,"61.5-168","S","Can Trawl 400 headrope, 601 sidewalls","2023-09-05T21:52:00Z",61.51,-167.98,"2023-09-05T22:22:00Z",61.51,-167.89,NA,23,52.89,23.28,"300",23041,"8755030201",NA,NA,0,0,NA,NA,NA,0,0,NA
"1144","2023-09-05T22:22:00Z","20230201018","2023","0201","018","162041","Rainbow Smelt","Osmerus mordax dentex","U","TC",3,159,"400601","05","Bering Sea",18,2023,"61.5-168","S","Can Trawl 400 headrope, 601 sidewalls","2023-09-05T21:52:00Z",61.51,-167.98,"2023-09-05T22:22:00Z",61.51,-167.89,NA,23,52.89,23.28,"300",23055,"8755030302",NA,NA,0,0,NA,NA,NA,0,0,NA
"1145","2023-09-05T22:22:00Z","20230201018","2023","0201","018","164708","Saffron Cod","Eleginus gracilis","A0","TC",19,119,"400601","05","Bering Sea",18,2023,"61.5-168","S","Can Trawl 400 headrope, 601 sidewalls","2023-09-05T21:52:00Z",61.51,-167.98,"2023-09-05T22:22:00Z",61.51,-167.89,NA,23,52.89,23.28,"300",21735,"8791030301",NA,NA,0,0,NA,NA,NA,0,0,NA
"1146","2023-09-05T22:22:00Z","20230201018","2023","0201","018","172907","Yellowfin Sole","Limanda aspera","U","TC",3,680,"400601","05","Bering Sea",18,2023,"61.5-168","S","Can Trawl 400 headrope, 601 sidewalls","2023-09-05T21:52:00Z",61.51,-167.98,"2023-09-05T22:22:00Z",61.51,-167.89,NA,23,52.89,23.28,"300",10210,"8857041505",NA,NA,0,0,NA,NA,NA,0,0,NA
"1147","2023-09-05T22:22:00Z","20230201018","2023","0201","018","551209","Pacific Herring","Clupea pallasi","A1+","TC",970.32,36646,"400601","05","Bering Sea",18,2023,"61.5-168","S","Can Trawl 400 headrope, 601 sidewalls","2023-09-05T21:52:00Z",61.51,-167.98,"2023-09-05T22:22:00Z",61.51,-167.89,NA,23,52.89,23.28,"300",21110,"8747010201",NA,NA,0,0,NA,NA,NA,0,0,NA
"1148","2023-09-05T22:22:00Z","20230201018","2023","0201","018","622287","Arctic Lamprey","Lethenteron camtschaticum","U","TC",1,50,"400601","05","Bering Sea",18,2023,"61.5-168","S","Can Trawl 400 headrope, 601 sidewalls","2023-09-05T21:52:00Z",61.51,-167.98,"2023-09-05T22:22:00Z",61.51,-167.89,NA,23,52.89,23.28,"300",NA,"8603010201",NA,NA,0,0,NA,NA,NA,0,0,NA
"1149","2023-09-05T22:22:00Z","20230201018","2023","0201","018","934083","Pollock","Gadus chalcogrammus","A0","TC",2802.21,5812,"400601","05","Bering Sea",18,2023,"61.5-168","S","Can Trawl 400 headrope, 601 sidewalls","2023-09-05T21:52:00Z",61.51,-167.98,"2023-09-05T22:22:00Z",61.51,-167.89,NA,23,52.89,23.28,"300",21740,"8791030701",NA,NA,0,0,NA,NA,NA,0,0,NA
"1150","2023-09-06T02:21:00Z","20230201019","2023","0201","019","161975","Pink Salmon","Oncorhynchus gorbuscha","J","TC",7,223,"400601","05","Bering Sea",19,2023,"61.5-167","S","Can Trawl 400 headrope, 601 sidewalls","2023-09-06T01:51:00Z",61.51,-166.99,"2023-09-06T02:21:00Z",61.54,-166.99,NA,18,50.81,21.69,"250",23230,"8755010201",NA,NA,0,0,NA,NA,NA,0,0,NA
"1151","2023-09-06T02:21:00Z","20230201019","2023","0201","019","161976","Chum Salmon","Oncorhynchus keta","J","TC",21,1309,"400601","05","Bering Sea",19,2023,"61.5-167","S","Can Trawl 400 headrope, 601 sidewalls","2023-09-06T01:51:00Z",61.51,-166.99,"2023-09-06T02:21:00Z",61.54,-166.99,NA,18,50.81,21.69,"250",23235,"8755010202",NA,NA,0,0,NA,NA,NA,0,0,NA
"1152","2023-09-06T02:21:00Z","20230201019","2023","0201","019","161977","Coho Salmon","Oncorhynchus kisutch","J","TC",1,278,"400601","05","Bering Sea",19,2023,"61.5-167","S","Can Trawl 400 headrope, 601 sidewalls","2023-09-06T01:51:00Z",61.51,-166.99,"2023-09-06T02:21:00Z",61.54,-166.99,NA,18,50.81,21.69,"250",23225,"8755010203",NA,NA,0,0,NA,NA,NA,0,0,NA
"1153","2023-09-06T02:21:00Z","20230201019","2023","0201","019","162041","Rainbow Smelt","Osmerus mordax dentex","U","TC",29,815,"400601","05","Bering Sea",19,2023,"61.5-167","S","Can Trawl 400 headrope, 601 sidewalls","2023-09-06T01:51:00Z",61.51,-166.99,"2023-09-06T02:21:00Z",61.54,-166.99,NA,18,50.81,21.69,"250",23055,"8755030302",NA,NA,0,0,NA,NA,NA,0,0,NA
"1154","2023-09-06T02:21:00Z","20230201019","2023","0201","019","164708","Saffron Cod","Eleginus gracilis","A0","TC",220.43,1014,"400601","05","Bering Sea",19,2023,"61.5-167","S","Can Trawl 400 headrope, 601 sidewalls","2023-09-06T01:51:00Z",61.51,-166.99,"2023-09-06T02:21:00Z",61.54,-166.99,NA,18,50.81,21.69,"250",21735,"8791030301",NA,NA,0,0,NA,NA,NA,0,0,NA
"1155","2023-09-06T02:21:00Z","20230201019","2023","0201","019","164708","Saffron Cod","Eleginus gracilis","A1+","TC",7,482,"400601","05","Bering Sea",19,2023,"61.5-167","S","Can Trawl 400 headrope, 601 sidewalls","2023-09-06T01:51:00Z",61.51,-166.99,"2023-09-06T02:21:00Z",61.54,-166.99,NA,18,50.81,21.69,"250",21735,"8791030301",NA,NA,0,0,NA,NA,NA,0,0,NA
"1156","2023-09-06T02:21:00Z","20230201019","2023","0201","019","167113","Whitespotted Greenling","Hexagrammos stelleri","U","TC",2,15,"400601","05","Bering Sea",19,2023,"61.5-167","S","Can Trawl 400 headrope, 601 sidewalls","2023-09-06T01:51:00Z",61.51,-166.99,"2023-09-06T02:21:00Z",61.54,-166.99,NA,18,50.81,21.69,"250",21932,"8827010104",NA,NA,0,0,NA,NA,NA,0,0,NA
"1157","2023-09-06T02:21:00Z","20230201019","2023","0201","019","171337","Bering Wolffish","Anarhichas orientalis","U","TC",1,34,"400601","05","Bering Sea",19,2023,"61.5-167","S","Can Trawl 400 headrope, 601 sidewalls","2023-09-06T01:51:00Z",61.51,-166.99,"2023-09-06T02:21:00Z",61.54,-166.99,NA,18,50.81,21.69,"250",20322,"8842020101",NA,NA,0,0,NA,NA,NA,0,0,NA
"1158","2023-09-06T02:21:00Z","20230201019","2023","0201","019","172907","Yellowfin Sole","Limanda aspera","U","TC",4,610,"400601","05","Bering Sea",19,2023,"61.5-167","S","Can Trawl 400 headrope, 601 sidewalls","2023-09-06T01:51:00Z",61.51,-166.99,"2023-09-06T02:21:00Z",61.54,-166.99,NA,18,50.81,21.69,"250",10210,"8857041505",NA,NA,0,0,NA,NA,NA,0,0,NA
"1159","2023-09-06T02:21:00Z","20230201019","2023","0201","019","172930","Greenland Halibut","Reinhardtius hippoglossoides","U","TC",1,1,"400601","05","Bering Sea",19,2023,"61.5-167","S","Can Trawl 400 headrope, 601 sidewalls","2023-09-06T01:51:00Z",61.51,-166.99,"2023-09-06T02:21:00Z",61.54,-166.99,NA,18,50.81,21.69,"250",10115,"8857041801",NA,NA,0,0,NA,NA,NA,0,0,NA
"1160","2023-09-06T02:21:00Z","20230201019","2023","0201","019","551209","Pacific Herring","Clupea pallasi","A1+","TC",1098.89,42703,"400601","05","Bering Sea",19,2023,"61.5-167","S","Can Trawl 400 headrope, 601 sidewalls","2023-09-06T01:51:00Z",61.51,-166.99,"2023-09-06T02:21:00Z",61.54,-166.99,NA,18,50.81,21.69,"250",21110,"8747010201",NA,NA,0,0,NA,NA,NA,0,0,NA
"1161","2023-09-06T02:21:00Z","20230201019","2023","0201","019","934083","Pollock","Gadus chalcogrammus","A0","TC",96,134,"400601","05","Bering Sea",19,2023,"61.5-167","S","Can Trawl 400 headrope, 601 sidewalls","2023-09-06T01:51:00Z",61.51,-166.99,"2023-09-06T02:21:00Z",61.54,-166.99,NA,18,50.81,21.69,"250",21740,"8791030701",NA,NA,0,0,NA,NA,NA,0,0,NA
"1162","2023-09-06T17:36:00Z","20230201020","2023","0201","020","50513","Staurophora mertensi","Staurophora mertensi","U","TC",0,2140,"400601","05","Bering Sea",20,2023,"62-167","S","Can Trawl 400 headrope, 601 sidewalls","2023-09-06T17:06:00Z",62,-167.04,"2023-09-06T17:36:00Z",62,-167.11,NA,24,51.07,21.94,"300",NA,"40562",NA,NA,0,0,NA,NA,NA,0,0,NA
"1163","2023-09-06T17:36:00Z","20230201020","2023","0201","020","51669","Cyanea sp.","Cyanea sp.","U","TC",0,3660,"400601","05","Bering Sea",20,2023,"62-167","S","Can Trawl 400 headrope, 601 sidewalls","2023-09-06T17:06:00Z",62,-167.04,"2023-09-06T17:36:00Z",62,-167.11,NA,24,51.07,21.94,"300",40560,NA,NA,NA,0,0,NA,NA,NA,0,0,NA
"1164","2023-09-06T17:36:00Z","20230201020","2023","0201","020","161976","Chum Salmon","Oncorhynchus keta","J","TC",17,808,"400601","05","Bering Sea",20,2023,"62-167","S","Can Trawl 400 headrope, 601 sidewalls","2023-09-06T17:06:00Z",62,-167.04,"2023-09-06T17:36:00Z",62,-167.11,NA,24,51.07,21.94,"300",23235,"8755010202",NA,NA,0,0,NA,NA,NA,0,0,NA
"1165","2023-09-06T17:36:00Z","20230201020","2023","0201","020","162041","Rainbow Smelt","Osmerus mordax dentex","U","TC",126.19,4724,"400601","05","Bering Sea",20,2023,"62-167","S","Can Trawl 400 headrope, 601 sidewalls","2023-09-06T17:06:00Z",62,-167.04,"2023-09-06T17:36:00Z",62,-167.11,NA,24,51.07,21.94,"300",23055,"8755030302",NA,NA,0,0,NA,NA,NA,0,0,NA
"1166","2023-09-06T17:36:00Z","20230201020","2023","0201","020","164708","Saffron Cod","Eleginus gracilis","A0","TC",16,71,"400601","05","Bering Sea",20,2023,"62-167","S","Can Trawl 400 headrope, 601 sidewalls","2023-09-06T17:06:00Z",62,-167.04,"2023-09-06T17:36:00Z",62,-167.11,NA,24,51.07,21.94,"300",21735,"8791030301",NA,NA,0,0,NA,NA,NA,0,0,NA
"1167","2023-09-06T17:36:00Z","20230201020","2023","0201","020","164708","Saffron Cod","Eleginus gracilis","A1+","TC",6,281,"400601","05","Bering Sea",20,2023,"62-167","S","Can Trawl 400 headrope, 601 sidewalls","2023-09-06T17:06:00Z",62,-167.04,"2023-09-06T17:36:00Z",62,-167.11,NA,24,51.07,21.94,"300",21735,"8791030301",NA,NA,0,0,NA,NA,NA,0,0,NA
"1168","2023-09-06T17:36:00Z","20230201020","2023","0201","020","171337","Bering Wolffish","Anarhichas orientalis","U","TC",4,16,"400601","05","Bering Sea",20,2023,"62-167","S","Can Trawl 400 headrope, 601 sidewalls","2023-09-06T17:06:00Z",62,-167.04,"2023-09-06T17:36:00Z",62,-167.11,NA,24,51.07,21.94,"300",20322,"8842020101",NA,NA,0,0,NA,NA,NA,0,0,NA
"1169","2023-09-06T17:36:00Z","20230201020","2023","0201","020","172893","Starry Flounder","Platichthys stellatus","U","TC",1,10,"400601","05","Bering Sea",20,2023,"62-167","S","Can Trawl 400 headrope, 601 sidewalls","2023-09-06T17:06:00Z",62,-167.04,"2023-09-06T17:36:00Z",62,-167.11,NA,24,51.07,21.94,"300",10220,"8857041401",NA,NA,0,0,NA,NA,NA,0,0,NA
"1170","2023-09-06T17:36:00Z","20230201020","2023","0201","020","172907","Yellowfin Sole","Limanda aspera","U","TC",7,960,"400601","05","Bering Sea",20,2023,"62-167","S","Can Trawl 400 headrope, 601 sidewalls","2023-09-06T17:06:00Z",62,-167.04,"2023-09-06T17:36:00Z",62,-167.11,NA,24,51.07,21.94,"300",10210,"8857041505",NA,NA,0,0,NA,NA,NA,0,0,NA
"1171","2023-09-06T17:36:00Z","20230201020","2023","0201","020","172930","Greenland Halibut","Reinhardtius hippoglossoides","U","TC",1,1,"400601","05","Bering Sea",20,2023,"62-167","S","Can Trawl 400 headrope, 601 sidewalls","2023-09-06T17:06:00Z",62,-167.04,"2023-09-06T17:36:00Z",62,-167.11,NA,24,51.07,21.94,"300",10115,"8857041801",NA,NA,0,0,NA,NA,NA,0,0,NA
"1172","2023-09-06T17:36:00Z","20230201020","2023","0201","020","551209","Pacific Herring","Clupea pallasi","A1+","TC",472.55,15603,"400601","05","Bering Sea",20,2023,"62-167","S","Can Trawl 400 headrope, 601 sidewalls","2023-09-06T17:06:00Z",62,-167.04,"2023-09-06T17:36:00Z",62,-167.11,NA,24,51.07,21.94,"300",21110,"8747010201",NA,NA,0,0,NA,NA,NA,0,0,NA
"1173","2023-09-06T17:36:00Z","20230201020","2023","0201","020","622287","Arctic Lamprey","Lethenteron camtschaticum","U","TC",1,50,"400601","05","Bering Sea",20,2023,"62-167","S","Can Trawl 400 headrope, 601 sidewalls","2023-09-06T17:06:00Z",62,-167.04,"2023-09-06T17:36:00Z",62,-167.11,NA,24,51.07,21.94,"300",NA,"8603010201",NA,NA,0,0,NA,NA,NA,0,0,NA
"1174","2023-09-06T17:36:00Z","20230201020","2023","0201","020","934083","Pollock","Gadus chalcogrammus","A1","TC",32,456,"400601","05","Bering Sea",20,2023,"62-167","S","Can Trawl 400 headrope, 601 sidewalls","2023-09-06T17:06:00Z",62,-167.04,"2023-09-06T17:36:00Z",62,-167.11,NA,24,51.07,21.94,"300",21740,"8791030701",NA,NA,0,0,NA,NA,NA,0,0,NA
"1175","2023-09-06T22:43:00Z","20230201021","2023","0201","021","51641","Northern Sea Nettle","Chrysaora melanaster","U","TC",116.51,70490,"400601","05","Bering Sea",21,2023,"62-168","S","Can Trawl 400 headrope, 601 sidewalls","2023-09-06T22:13:00Z",61.99,-168.03,"2023-09-06T22:43:00Z",61.98,-168.09,NA,22,51.72,23.47,"300",40504,NA,NA,NA,0,0,NA,NA,NA,0,0,NA
"1176","2023-09-06T22:43:00Z","20230201021","2023","0201","021","159697","Lamprey, unident.","Petromyzontidae","U","TC",1,58,"400601","05","Bering Sea",21,2023,"62-168","S","Can Trawl 400 headrope, 601 sidewalls","2023-09-06T22:13:00Z",61.99,-168.03,"2023-09-06T22:43:00Z",61.98,-168.09,NA,22,51.72,23.47,"300",10,"8603010000",NA,NA,0,0,NA,NA,NA,0,0,NA
"1177","2023-09-06T22:43:00Z","20230201021","2023","0201","021","161975","Pink Salmon","Oncorhynchus gorbuscha","J","TC",51,2656,"400601","05","Bering Sea",21,2023,"62-168","S","Can Trawl 400 headrope, 601 sidewalls","2023-09-06T22:13:00Z",61.99,-168.03,"2023-09-06T22:43:00Z",61.98,-168.09,NA,22,51.72,23.47,"300",23230,"8755010201",NA,NA,0,0,NA,NA,NA,0,0,NA
"1178","2023-09-06T22:43:00Z","20230201021","2023","0201","021","161976","Chum Salmon","Oncorhynchus keta","J","TC",17,1426,"400601","05","Bering Sea",21,2023,"62-168","S","Can Trawl 400 headrope, 601 sidewalls","2023-09-06T22:13:00Z",61.99,-168.03,"2023-09-06T22:43:00Z",61.98,-168.09,NA,22,51.72,23.47,"300",23235,"8755010202",NA,NA,0,0,NA,NA,NA,0,0,NA
"1179","2023-09-06T22:43:00Z","20230201021","2023","0201","021","161980","Chinook Salmon","Oncorhynchus tshawytscha","J","TC",3,393,"400601","05","Bering Sea",21,2023,"62-168","S","Can Trawl 400 headrope, 601 sidewalls","2023-09-06T22:13:00Z",61.99,-168.03,"2023-09-06T22:43:00Z",61.98,-168.09,NA,22,51.72,23.47,"300",23220,"8755010206",NA,NA,0,0,NA,NA,NA,0,0,NA
"1180","2023-09-06T22:43:00Z","20230201021","2023","0201","021","162035","Capelin","Mallotus villosus","U","TC",70,463,"400601","05","Bering Sea",21,2023,"62-168","S","Can Trawl 400 headrope, 601 sidewalls","2023-09-06T22:13:00Z",61.99,-168.03,"2023-09-06T22:43:00Z",61.98,-168.09,NA,22,51.72,23.47,"300",23041,"8755030201",NA,NA,0,0,NA,NA,NA,0,0,NA
"1181","2023-09-06T22:43:00Z","20230201021","2023","0201","021","164708","Saffron Cod","Eleginus gracilis","A0","TC",1,5,"400601","05","Bering Sea",21,2023,"62-168","S","Can Trawl 400 headrope, 601 sidewalls","2023-09-06T22:13:00Z",61.99,-168.03,"2023-09-06T22:43:00Z",61.98,-168.09,NA,22,51.72,23.47,"300",21735,"8791030301",NA,NA,0,0,NA,NA,NA,0,0,NA
"1182","2023-09-06T22:43:00Z","20230201021","2023","0201","021","172907","Yellowfin Sole","Limanda aspera","U","TC",4,420,"400601","05","Bering Sea",21,2023,"62-168","S","Can Trawl 400 headrope, 601 sidewalls","2023-09-06T22:13:00Z",61.99,-168.03,"2023-09-06T22:43:00Z",61.98,-168.09,NA,22,51.72,23.47,"300",10210,"8857041505",NA,NA,0,0,NA,NA,NA,0,0,NA
"1183","2023-09-06T22:43:00Z","20230201021","2023","0201","021","551209","Pacific Herring","Clupea pallasi","A1+","TC",341.51,29236,"400601","05","Bering Sea",21,2023,"62-168","S","Can Trawl 400 headrope, 601 sidewalls","2023-09-06T22:13:00Z",61.99,-168.03,"2023-09-06T22:43:00Z",61.98,-168.09,NA,22,51.72,23.47,"300",21110,"8747010201",NA,NA,0,0,NA,NA,NA,0,0,NA
"1184","2023-09-06T22:43:00Z","20230201021","2023","0201","021","934083","Pollock","Gadus chalcogrammus","A1","TC",1,19,"400601","05","Bering Sea",21,2023,"62-168","S","Can Trawl 400 headrope, 601 sidewalls","2023-09-06T22:13:00Z",61.99,-168.03,"2023-09-06T22:43:00Z",61.98,-168.09,NA,22,51.72,23.47,"300",21740,"8791030701",NA,NA,0,0,NA,NA,NA,0,0,NA
"1185","2023-09-06T22:43:00Z","20230201021","2023","0201","021","934083","Pollock","Gadus chalcogrammus","A1+","TC",1,1830,"400601","05","Bering Sea",21,2023,"62-168","S","Can Trawl 400 headrope, 601 sidewalls","2023-09-06T22:13:00Z",61.99,-168.03,"2023-09-06T22:43:00Z",61.98,-168.09,NA,22,51.72,23.47,"300",21740,"8791030701",NA,NA,0,0,NA,NA,NA,0,0,NA
"1186","2023-09-07T04:28:00Z","20230201022","2023","0201","022","51641","Northern Sea Nettle","Chrysaora melanaster","U","TC",0,17150,"400601","05","Bering Sea",22,2023,"62-169","S","Can Trawl 400 headrope, 601 sidewalls","2023-09-07T03:58:00Z",61.99,-169,"2023-09-07T04:28:00Z",61.98,-169.07,NA,32,53.85,23.72,"330",40504,NA,NA,NA,0,0,NA,NA,NA,0,0,NA
"1187","2023-09-07T04:28:00Z","20230201022","2023","0201","022","161980","Chinook Salmon","Oncorhynchus tshawytscha","IM","TC",1,613,"400601","05","Bering Sea",22,2023,"62-169","S","Can Trawl 400 headrope, 601 sidewalls","2023-09-07T03:58:00Z",61.99,-169,"2023-09-07T04:28:00Z",61.98,-169.07,NA,32,53.85,23.72,"330",23220,"8755010206",NA,NA,0,0,NA,NA,NA,0,0,NA
"1188","2023-09-07T04:28:00Z","20230201022","2023","0201","022","162035","Capelin","Mallotus villosus","U","SC",200.01,2352.2,"400601","05","Bering Sea",22,2023,"62-169","S","Can Trawl 400 headrope, 601 sidewalls","2023-09-07T03:58:00Z",61.99,-169,"2023-09-07T04:28:00Z",61.98,-169.07,NA,32,53.85,23.72,"330",23041,"8755030201",NA,NA,0,0,NA,NA,NA,0,0,NA
"1189","2023-09-07T04:28:00Z","20230201022","2023","0201","022","164711","Pacific Cod","Gadus macrocephalus","A0","TC",3,11,"400601","05","Bering Sea",22,2023,"62-169","S","Can Trawl 400 headrope, 601 sidewalls","2023-09-07T03:58:00Z",61.99,-169,"2023-09-07T04:28:00Z",61.98,-169.07,NA,32,53.85,23.72,"330",21720,"8791030401",NA,NA,0,0,NA,NA,NA,0,0,NA
"1190","2023-09-07T04:28:00Z","20230201022","2023","0201","022","172907","Yellowfin Sole","Limanda aspera","U","TC",2,890,"400601","05","Bering Sea",22,2023,"62-169","S","Can Trawl 400 headrope, 601 sidewalls","2023-09-07T03:58:00Z",61.99,-169,"2023-09-07T04:28:00Z",61.98,-169.07,NA,32,53.85,23.72,"330",10210,"8857041505",NA,NA,0,0,NA,NA,NA,0,0,NA
"1191","2023-09-07T04:28:00Z","20230201022","2023","0201","022","551209","Pacific Herring","Clupea pallasi","A1+","TC",59.79,5130,"400601","05","Bering Sea",22,2023,"62-169","S","Can Trawl 400 headrope, 601 sidewalls","2023-09-07T03:58:00Z",61.99,-169,"2023-09-07T04:28:00Z",61.98,-169.07,NA,32,53.85,23.72,"330",21110,"8747010201",NA,NA,0,0,NA,NA,NA,0,0,NA
"1192","2022-08-24T18:01:00Z","20220308014","2022","0308","014","50623","Aequorea  sp.","Aequorea sp.","U",NA,1,16,"400601","06","Bering Sea",14,2022,"57-165","S","Can Trawl 400 headrope, 601 sidewalls","2022-08-24T17:31:00Z",57.02,-164.95,"2022-08-24T18:01:00Z",57.04,-164.91,NA,71,55.5,22.4,"204.18",40506,NA,NA,"2022-08-24T17:26:00Z",57.01,57.01,NA,NA,NA,0,0,NA
"1193","2022-08-24T18:01:00Z","20220308014","2022","0308","014","51641","Northern Sea Nettle","Chrysaora melanaster","U",NA,173,51670,"400601","06","Bering Sea",14,2022,"57-165","S","Can Trawl 400 headrope, 601 sidewalls","2022-08-24T17:31:00Z",57.02,-164.95,"2022-08-24T18:01:00Z",57.04,-164.91,NA,71,55.5,22.4,"204.18",40504,NA,NA,"2022-08-24T17:26:00Z",57.01,57.01,NA,NA,NA,0,0,NA
"1194","2022-08-24T18:01:00Z","20220308014","2022","0308","014","51700","Aurelia sp.","Aurelia sp.","U",NA,1,19,"400601","06","Bering Sea",14,2022,"57-165","S","Can Trawl 400 headrope, 601 sidewalls","2022-08-24T17:31:00Z",57.02,-164.95,"2022-08-24T18:01:00Z",57.04,-164.91,NA,71,55.5,22.4,"204.18",40511,NA,NA,"2022-08-24T17:26:00Z",57.01,57.01,NA,NA,NA,0,0,NA
"1195","2022-08-24T18:01:00Z","20220308014","2022","0308","014","161976","Chum Salmon","Oncorhynchus keta","J",NA,3,176,"400601","06","Bering Sea",14,2022,"57-165","S","Can Trawl 400 headrope, 601 sidewalls","2022-08-24T17:31:00Z",57.02,-164.95,"2022-08-24T18:01:00Z",57.04,-164.91,NA,71,55.5,22.4,"204.18",23235,"8755010202",NA,"2022-08-24T17:26:00Z",57.01,57.01,NA,NA,NA,0,0,NA
"1196","2022-08-24T18:01:00Z","20220308014","2022","0308","014","161979","Sockeye Salmon","Oncorhynchus nerka","J",NA,178,9090,"400601","06","Bering Sea",14,2022,"57-165","S","Can Trawl 400 headrope, 601 sidewalls","2022-08-24T17:31:00Z",57.02,-164.95,"2022-08-24T18:01:00Z",57.04,-164.91,NA,71,55.5,22.4,"204.18",23240,"8755010205",NA,"2022-08-24T17:26:00Z",57.01,57.01,NA,NA,NA,0,0,NA
"1197","2022-08-24T18:01:00Z","20220308014","2022","0308","014","164711","Pacific Cod","Gadus macrocephalus","A0",NA,72,190,"400601","06","Bering Sea",14,2022,"57-165","S","Can Trawl 400 headrope, 601 sidewalls","2022-08-24T17:31:00Z",57.02,-164.95,"2022-08-24T18:01:00Z",57.04,-164.91,NA,71,55.5,22.4,"204.18",21720,"8791030401",NA,"2022-08-24T17:26:00Z",57.01,57.01,NA,NA,NA,0,0,NA
"1198","2022-08-24T18:01:00Z","20220308014","2022","0308","014","171337","Bering Wolffish","Anarhichas orientalis","U",NA,2,155,"400601","06","Bering Sea",14,2022,"57-165","S","Can Trawl 400 headrope, 601 sidewalls","2022-08-24T17:31:00Z",57.02,-164.95,"2022-08-24T18:01:00Z",57.04,-164.91,NA,71,55.5,22.4,"204.18",20322,"8842020101",NA,"2022-08-24T17:26:00Z",57.01,57.01,NA,NA,NA,0,0,NA
"1199","2022-08-24T18:01:00Z","20220308014","2022","0308","014","551209","Pacific Herring","Clupea pallasi","U",NA,2,167,"400601","06","Bering Sea",14,2022,"57-165","S","Can Trawl 400 headrope, 601 sidewalls","2022-08-24T17:31:00Z",57.02,-164.95,"2022-08-24T18:01:00Z",57.04,-164.91,NA,71,55.5,22.4,"204.18",21110,"8747010201",NA,"2022-08-24T17:26:00Z",57.01,57.01,NA,NA,NA,0,0,NA
"1200","2022-08-24T18:01:00Z","20220308014","2022","0308","014","934083","Pollock","Gadus chalcogrammus","A1+",NA,1,61,"400601","06","Bering Sea",14,2022,"57-165","S","Can Trawl 400 headrope, 601 sidewalls","2022-08-24T17:31:00Z",57.02,-164.95,"2022-08-24T18:01:00Z",57.04,-164.91,NA,71,55.5,22.4,"204.18",21740,"8791030701",NA,"2022-08-24T17:26:00Z",57.01,57.01,NA,NA,NA,0,0,NA
"1201","2022-08-24T18:01:00Z","20220308014","2022","0308","014","934083","Pollock","Gadus chalcogrammus","U",NA,4624,2682,"400601","06","Bering Sea",14,2022,"57-165","S","Can Trawl 400 headrope, 601 sidewalls","2022-08-24T17:31:00Z",57.02,-164.95,"2022-08-24T18:01:00Z",57.04,-164.91,NA,71,55.5,22.4,"204.18",21740,"8791030701",NA,"2022-08-24T17:26:00Z",57.01,57.01,NA,NA,NA,0,0,NA
"1202","2022-08-25T00:11:00Z","20220308016","2022","0308","016","50513","Staurophora mertensi","Staurophora mertensi","U",NA,0,5600,"NETS156","02","Bering Sea",16,2022,"57.5-164","O","NETS Pelagic Trawl","2022-08-25T00:11:00Z",57.47,-164.02,"2022-08-25T00:11:00Z",57.47,-164.02,NA,53,13.6,7.6,"210",NA,"40562",NA,"2022-08-25T00:03:00Z",57.48,57.48,NA,NA,NA,0,0,NA
"1203","2022-08-25T00:11:00Z","20220308016","2022","0308","016","51641","Northern Sea Nettle","Chrysaora melanaster","U",NA,95,48350.28,"NETS156","02","Bering Sea",16,2022,"57.5-164","O","NETS Pelagic Trawl","2022-08-25T00:11:00Z",57.47,-164.02,"2022-08-25T00:11:00Z",57.47,-164.02,NA,53,13.6,7.6,"210",40504,NA,NA,"2022-08-25T00:03:00Z",57.48,57.48,NA,NA,NA,0,0,NA
"1204","2022-08-25T00:11:00Z","20220308016","2022","0308","016","95496","Euphausiid unident.","Euphausiacea (order)","U",NA,0,21.82,"NETS156","02","Bering Sea",16,2022,"57.5-164","O","NETS Pelagic Trawl","2022-08-25T00:11:00Z",57.47,-164.02,"2022-08-25T00:11:00Z",57.47,-164.02,NA,53,13.6,7.6,"210",NA,"63500",NA,"2022-08-25T00:03:00Z",57.48,57.48,NA,NA,NA,0,0,NA
"1205","2022-08-25T00:11:00Z","20220308016","2022","0308","016","161979","Sockeye Salmon","Oncorhynchus nerka","J",NA,8,430,"NETS156","02","Bering Sea",16,2022,"57.5-164","O","NETS Pelagic Trawl","2022-08-25T00:11:00Z",57.47,-164.02,"2022-08-25T00:11:00Z",57.47,-164.02,NA,53,13.6,7.6,"210",23240,"8755010205",NA,"2022-08-25T00:03:00Z",57.48,57.48,NA,NA,NA,0,0,NA
"1206","2022-08-25T00:11:00Z","20220308016","2022","0308","016","164711","Pacific Cod","Gadus macrocephalus","A0",NA,5,10.91,"NETS156","02","Bering Sea",16,2022,"57.5-164","O","NETS Pelagic Trawl","2022-08-25T00:11:00Z",57.47,-164.02,"2022-08-25T00:11:00Z",57.47,-164.02,NA,53,13.6,7.6,"210",21720,"8791030401",NA,"2022-08-25T00:03:00Z",57.48,57.48,NA,NA,NA,0,0,NA
"1207","2022-08-25T00:11:00Z","20220308016","2022","0308","016","171672","Arctic Sand Lance","Ammodytes hexapterus","U",NA,115,65.48,"NETS156","02","Bering Sea",16,2022,"57.5-164","O","NETS Pelagic Trawl","2022-08-25T00:11:00Z",57.47,-164.02,"2022-08-25T00:11:00Z",57.47,-164.02,NA,53,13.6,7.6,"210",20203,"8845010101",NA,"2022-08-25T00:03:00Z",57.48,57.48,NA,NA,NA,0,0,NA
"1208","2022-08-25T00:11:00Z","20220308016","2022","0308","016","172907","Yellowfin Sole","Limanda aspera","U",NA,2,890,"NETS156","02","Bering Sea",16,2022,"57.5-164","O","NETS Pelagic Trawl","2022-08-25T00:11:00Z",57.47,-164.02,"2022-08-25T00:11:00Z",57.47,-164.02,NA,53,13.6,7.6,"210",10210,"8857041505",NA,"2022-08-25T00:03:00Z",57.48,57.48,NA,NA,NA,0,0,NA
"1209","2022-08-25T00:11:00Z","20220308016","2022","0308","016","934083","Pollock","Gadus chalcogrammus","A1+",NA,2,820,"NETS156","02","Bering Sea",16,2022,"57.5-164","O","NETS Pelagic Trawl","2022-08-25T00:11:00Z",57.47,-164.02,"2022-08-25T00:11:00Z",57.47,-164.02,NA,53,13.6,7.6,"210",21740,"8791030701",NA,"2022-08-25T00:03:00Z",57.48,57.48,NA,NA,NA,0,0,NA
"1210","2022-08-25T00:11:00Z","20220308016","2022","0308","016","934083","Pollock","Gadus chalcogrammus","U",NA,40152,20879.02,"NETS156","02","Bering Sea",16,2022,"57.5-164","O","NETS Pelagic Trawl","2022-08-25T00:11:00Z",57.47,-164.02,"2022-08-25T00:11:00Z",57.47,-164.02,NA,53,13.6,7.6,"210",21740,"8791030701",NA,"2022-08-25T00:03:00Z",57.48,57.48,NA,NA,NA,0,0,NA
"1211","2022-08-25T02:38:00Z","20220308016","2022","0308","016","50513","Staurophora mertensi","Staurophora mertensi","U",NA,0,20059.11,"400601","03","Bering Sea",16,2022,"57.5-164","S","Can Trawl 400 headrope, 601 sidewalls","2022-08-25T02:08:00Z",57.48,-163.99,"2022-08-25T02:38:00Z",57.45,-163.98,NA,53,55.5,28.07,"180",NA,"40562",NA,"2022-08-25T02:04:00Z",57.48,57.48,NA,NA,NA,0,0,NA
"1212","2022-08-25T02:38:00Z","20220308016","2022","0308","016","50623","Aequorea  sp.","Aequorea sp.","U",NA,5,209.43,"400601","03","Bering Sea",16,2022,"57.5-164","S","Can Trawl 400 headrope, 601 sidewalls","2022-08-25T02:08:00Z",57.48,-163.99,"2022-08-25T02:38:00Z",57.45,-163.98,NA,53,55.5,28.07,"180",40506,NA,NA,"2022-08-25T02:04:00Z",57.48,57.48,NA,NA,NA,0,0,NA
"1213","2022-08-25T02:38:00Z","20220308016","2022","0308","016","51641","Northern Sea Nettle","Chrysaora melanaster","U",NA,29,6120,"400601","03","Bering Sea",16,2022,"57.5-164","S","Can Trawl 400 headrope, 601 sidewalls","2022-08-25T02:08:00Z",57.48,-163.99,"2022-08-25T02:38:00Z",57.45,-163.98,NA,53,55.5,28.07,"180",40504,NA,NA,"2022-08-25T02:04:00Z",57.48,57.48,NA,NA,NA,0,0,NA
"1214","2022-08-25T02:38:00Z","20220308016","2022","0308","016","51700","Aurelia sp.","Aurelia sp.","U",NA,1,270,"400601","03","Bering Sea",16,2022,"57.5-164","S","Can Trawl 400 headrope, 601 sidewalls","2022-08-25T02:08:00Z",57.48,-163.99,"2022-08-25T02:38:00Z",57.45,-163.98,NA,53,55.5,28.07,"180",40511,NA,NA,"2022-08-25T02:04:00Z",57.48,57.48,NA,NA,NA,0,0,NA
"1215","2022-08-25T02:38:00Z","20220308016","2022","0308","016","161976","Chum Salmon","Oncorhynchus keta","J",NA,2,116,"400601","03","Bering Sea",16,2022,"57.5-164","S","Can Trawl 400 headrope, 601 sidewalls","2022-08-25T02:08:00Z",57.48,-163.99,"2022-08-25T02:38:00Z",57.45,-163.98,NA,53,55.5,28.07,"180",23235,"8755010202",NA,"2022-08-25T02:04:00Z",57.48,57.48,NA,NA,NA,0,0,NA
"1216","2022-08-25T02:38:00Z","20220308016","2022","0308","016","161979","Sockeye Salmon","Oncorhynchus nerka","J",NA,336,18320,"400601","03","Bering Sea",16,2022,"57.5-164","S","Can Trawl 400 headrope, 601 sidewalls","2022-08-25T02:08:00Z",57.48,-163.99,"2022-08-25T02:38:00Z",57.45,-163.98,NA,53,55.5,28.07,"180",23240,"8755010205",NA,"2022-08-25T02:04:00Z",57.48,57.48,NA,NA,NA,0,0,NA
"1217","2022-08-25T02:38:00Z","20220308016","2022","0308","016","164711","Pacific Cod","Gadus macrocephalus","A0",NA,5,4.65,"400601","03","Bering Sea",16,2022,"57.5-164","S","Can Trawl 400 headrope, 601 sidewalls","2022-08-25T02:08:00Z",57.48,-163.99,"2022-08-25T02:38:00Z",57.45,-163.98,NA,53,55.5,28.07,"180",21720,"8791030401",NA,"2022-08-25T02:04:00Z",57.48,57.48,NA,NA,NA,0,0,NA
"1218","2022-08-25T02:38:00Z","20220308016","2022","0308","016","166365","Threespine stickleback","Gasterosteus aculeatus","U",NA,2,10,"400601","03","Bering Sea",16,2022,"57.5-164","S","Can Trawl 400 headrope, 601 sidewalls","2022-08-25T02:08:00Z",57.48,-163.99,"2022-08-25T02:38:00Z",57.45,-163.98,NA,53,55.5,28.07,"180",21752,"8818010101",NA,"2022-08-25T02:04:00Z",57.48,57.48,NA,NA,NA,0,0,NA
"1219","2022-08-25T02:38:00Z","20220308016","2022","0308","016","171337","Bering Wolffish","Anarhichas orientalis","U",NA,2,121,"400601","03","Bering Sea",16,2022,"57.5-164","S","Can Trawl 400 headrope, 601 sidewalls","2022-08-25T02:08:00Z",57.48,-163.99,"2022-08-25T02:38:00Z",57.45,-163.98,NA,53,55.5,28.07,"180",20322,"8842020101",NA,"2022-08-25T02:04:00Z",57.48,57.48,NA,NA,NA,0,0,NA
"1220","2022-08-25T02:38:00Z","20220308016","2022","0308","016","551209","Pacific Herring","Clupea pallasi","U",NA,6,530,"400601","03","Bering Sea",16,2022,"57.5-164","S","Can Trawl 400 headrope, 601 sidewalls","2022-08-25T02:08:00Z",57.48,-163.99,"2022-08-25T02:38:00Z",57.45,-163.98,NA,53,55.5,28.07,"180",21110,"8747010201",NA,"2022-08-25T02:04:00Z",57.48,57.48,NA,NA,NA,0,0,NA
"1221","2022-08-25T02:38:00Z","20220308016","2022","0308","016","934083","Pollock","Gadus chalcogrammus","U",NA,1150,805.15,"400601","03","Bering Sea",16,2022,"57.5-164","S","Can Trawl 400 headrope, 601 sidewalls","2022-08-25T02:08:00Z",57.48,-163.99,"2022-08-25T02:38:00Z",57.45,-163.98,NA,53,55.5,28.07,"180",21740,"8791030701",NA,"2022-08-25T02:04:00Z",57.48,57.48,NA,NA,NA,0,0,NA
"1222","2022-09-02T18:03:00Z","20220308018","2022","0308","018","50513","Staurophora mertensi","Staurophora mertensi","U",NA,0,14180.94,"NETS156","05","Bering Sea",18,2022,"58-165","O","NETS Pelagic Trawl","2022-09-02T18:03:00Z",58.02,-165.04,"2022-09-02T18:03:00Z",58.02,-165.04,NA,48,14,9,"103",NA,"40562",NA,"2022-09-02T17:54:00Z",58.01,58.01,NA,NA,NA,0,0,NA
"1223","2022-09-02T18:03:00Z","20220308018","2022","0308","018","161976","Chum Salmon","Oncorhynchus keta","J",NA,1,93,"NETS156","05","Bering Sea",18,2022,"58-165","O","NETS Pelagic Trawl","2022-09-02T18:03:00Z",58.02,-165.04,"2022-09-02T18:03:00Z",58.02,-165.04,NA,48,14,9,"103",23235,"8755010202",NA,"2022-09-02T17:54:00Z",58.01,58.01,NA,NA,NA,0,0,NA
"1224","2022-09-02T18:03:00Z","20220308018","2022","0308","018","161979","Sockeye Salmon","Oncorhynchus nerka","J",NA,3,219,"NETS156","05","Bering Sea",18,2022,"58-165","O","NETS Pelagic Trawl","2022-09-02T18:03:00Z",58.02,-165.04,"2022-09-02T18:03:00Z",58.02,-165.04,NA,48,14,9,"103",23240,"8755010205",NA,"2022-09-02T17:54:00Z",58.01,58.01,NA,NA,NA,0,0,NA
"1225","2022-09-02T18:03:00Z","20220308018","2022","0308","018","172907","Yellowfin Sole","Limanda aspera","U",NA,1,415,"NETS156","05","Bering Sea",18,2022,"58-165","O","NETS Pelagic Trawl","2022-09-02T18:03:00Z",58.02,-165.04,"2022-09-02T18:03:00Z",58.02,-165.04,NA,48,14,9,"103",10210,"8857041505",NA,"2022-09-02T17:54:00Z",58.01,58.01,NA,NA,NA,0,0,NA
"1226","2022-09-02T18:03:00Z","20220308018","2022","0308","018","551209","Pacific Herring","Clupea pallasi","U",NA,1,23,"NETS156","05","Bering Sea",18,2022,"58-165","O","NETS Pelagic Trawl","2022-09-02T18:03:00Z",58.02,-165.04,"2022-09-02T18:03:00Z",58.02,-165.04,NA,48,14,9,"103",21110,"8747010201",NA,"2022-09-02T17:54:00Z",58.01,58.01,NA,NA,NA,0,0,NA
"1227","2022-09-02T18:03:00Z","20220308018","2022","0308","018","934083","Pollock","Gadus chalcogrammus","U",NA,90600,54360.27,"NETS156","05","Bering Sea",18,2022,"58-165","O","NETS Pelagic Trawl","2022-09-02T18:03:00Z",58.02,-165.04,"2022-09-02T18:03:00Z",58.02,-165.04,NA,48,14,9,"103",21740,"8791030701",NA,"2022-09-02T17:54:00Z",58.01,58.01,NA,NA,NA,0,0,NA
"1228","2022-09-02T21:07:00Z","20220308018","2022","0308","018","50513","Staurophora mertensi","Staurophora mertensi","U",NA,0,950,"400601","06","Bering Sea",18,2022,"58-165","S","Can Trawl 400 headrope, 601 sidewalls","2022-09-02T20:37:00Z",58.03,-164.99,"2022-09-02T21:07:00Z",58.07,-165.02,NA,46,55.5,22.37,"199.33",NA,"40562",NA,"2022-09-02T20:32:00Z",58.02,58.02,NA,NA,NA,0,0,NA
"1229","2022-09-02T21:07:00Z","20220308018","2022","0308","018","51641","Northern Sea Nettle","Chrysaora melanaster","U",NA,1,2,"400601","06","Bering Sea",18,2022,"58-165","S","Can Trawl 400 headrope, 601 sidewalls","2022-09-02T20:37:00Z",58.03,-164.99,"2022-09-02T21:07:00Z",58.07,-165.02,NA,46,55.5,22.37,"199.33",40504,NA,NA,"2022-09-02T20:32:00Z",58.02,58.02,NA,NA,NA,0,0,NA
"1230","2022-09-02T21:07:00Z","20220308018","2022","0308","018","161105","Fish, unident.","Teleost","U",NA,1,1,"400601","06","Bering Sea",18,2022,"58-165","S","Can Trawl 400 headrope, 601 sidewalls","2022-09-02T20:37:00Z",58.03,-164.99,"2022-09-02T21:07:00Z",58.07,-165.02,NA,46,55.5,22.37,"199.33",NA,NA,NA,"2022-09-02T20:32:00Z",58.02,58.02,NA,NA,NA,0,0,NA
"1231","2022-09-02T21:07:00Z","20220308018","2022","0308","018","161976","Chum Salmon","Oncorhynchus keta","J",NA,7,520,"400601","06","Bering Sea",18,2022,"58-165","S","Can Trawl 400 headrope, 601 sidewalls","2022-09-02T20:37:00Z",58.03,-164.99,"2022-09-02T21:07:00Z",58.07,-165.02,NA,46,55.5,22.37,"199.33",23235,"8755010202",NA,"2022-09-02T20:32:00Z",58.02,58.02,NA,NA,NA,0,0,NA
"1232","2022-09-02T21:07:00Z","20220308018","2022","0308","018","161979","Sockeye Salmon","Oncorhynchus nerka","J",NA,28,2000,"400601","06","Bering Sea",18,2022,"58-165","S","Can Trawl 400 headrope, 601 sidewalls","2022-09-02T20:37:00Z",58.03,-164.99,"2022-09-02T21:07:00Z",58.07,-165.02,NA,46,55.5,22.37,"199.33",23240,"8755010205",NA,"2022-09-02T20:32:00Z",58.02,58.02,NA,NA,NA,0,0,NA
"1233","2022-09-02T21:07:00Z","20220308018","2022","0308","018","161980","Chinook Salmon","Oncorhynchus tshawytscha","IM",NA,2,2550,"400601","06","Bering Sea",18,2022,"58-165","S","Can Trawl 400 headrope, 601 sidewalls","2022-09-02T20:37:00Z",58.03,-164.99,"2022-09-02T21:07:00Z",58.07,-165.02,NA,46,55.5,22.37,"199.33",23220,"8755010206",NA,"2022-09-02T20:32:00Z",58.02,58.02,NA,NA,NA,0,0,NA
"1234","2022-09-02T21:07:00Z","20220308018","2022","0308","018","161980","Chinook Salmon","Oncorhynchus tshawytscha","J",NA,1,110,"400601","06","Bering Sea",18,2022,"58-165","S","Can Trawl 400 headrope, 601 sidewalls","2022-09-02T20:37:00Z",58.03,-164.99,"2022-09-02T21:07:00Z",58.07,-165.02,NA,46,55.5,22.37,"199.33",23220,"8755010206",NA,"2022-09-02T20:32:00Z",58.02,58.02,NA,NA,NA,0,0,NA
"1235","2022-09-02T21:07:00Z","20220308018","2022","0308","018","164711","Pacific Cod","Gadus macrocephalus","A0",NA,1,2,"400601","06","Bering Sea",18,2022,"58-165","S","Can Trawl 400 headrope, 601 sidewalls","2022-09-02T20:37:00Z",58.03,-164.99,"2022-09-02T21:07:00Z",58.07,-165.02,NA,46,55.5,22.37,"199.33",21720,"8791030401",NA,"2022-09-02T20:32:00Z",58.02,58.02,NA,NA,NA,0,0,NA
"1236","2022-09-02T21:07:00Z","20220308018","2022","0308","018","167220","Crested Sculpin","Blepsias bilobus","U",NA,1,20,"400601","06","Bering Sea",18,2022,"58-165","S","Can Trawl 400 headrope, 601 sidewalls","2022-09-02T20:37:00Z",58.03,-164.99,"2022-09-02T21:07:00Z",58.07,-165.02,NA,46,55.5,22.37,"199.33",21397,"8831020601",NA,"2022-09-02T20:32:00Z",58.02,58.02,NA,NA,NA,0,0,NA
"1237","2022-09-02T21:07:00Z","20220308018","2022","0308","018","934083","Pollock","Gadus chalcogrammus","U",NA,4760,2800,"400601","06","Bering Sea",18,2022,"58-165","S","Can Trawl 400 headrope, 601 sidewalls","2022-09-02T20:37:00Z",58.03,-164.99,"2022-09-02T21:07:00Z",58.07,-165.02,NA,46,55.5,22.37,"199.33",21740,"8791030701",NA,"2022-09-02T20:32:00Z",58.02,58.02,NA,NA,NA,0,0,NA
"1238","2022-09-03T02:58:00Z","20220308019","2022","0308","019","50513","Staurophora mertensi","Staurophora mertensi","U",NA,0,650,"400601","01","Bering Sea",19,2022,"57.5-166","S","Can Trawl 400 headrope, 601 sidewalls","2022-09-03T02:27:00Z",57.52,-166.03,"2022-09-03T02:58:00Z",57.54,-166.06,NA,67,55.5,22.91,"180",NA,"40562",NA,"2022-09-03T02:13:00Z",57.51,57.51,NA,NA,NA,0,0,NA
"1239","2022-09-03T02:58:00Z","20220308019","2022","0308","019","51641","Northern Sea Nettle","Chrysaora melanaster","U",NA,2,2,"400601","01","Bering Sea",19,2022,"57.5-166","S","Can Trawl 400 headrope, 601 sidewalls","2022-09-03T02:27:00Z",57.52,-166.03,"2022-09-03T02:58:00Z",57.54,-166.06,NA,67,55.5,22.91,"180",40504,NA,NA,"2022-09-03T02:13:00Z",57.51,57.51,NA,NA,NA,0,0,NA
"1240","2022-09-03T02:58:00Z","20220308019","2022","0308","019","161979","Sockeye Salmon","Oncorhynchus nerka","J",NA,382,42260,"400601","01","Bering Sea",19,2022,"57.5-166","S","Can Trawl 400 headrope, 601 sidewalls","2022-09-03T02:27:00Z",57.52,-166.03,"2022-09-03T02:58:00Z",57.54,-166.06,NA,67,55.5,22.91,"180",23240,"8755010205",NA,"2022-09-03T02:13:00Z",57.51,57.51,NA,NA,NA,0,0,NA
"1241","2022-09-03T02:58:00Z","20220308019","2022","0308","019","164711","Pacific Cod","Gadus macrocephalus","A0",NA,4,10,"400601","01","Bering Sea",19,2022,"57.5-166","S","Can Trawl 400 headrope, 601 sidewalls","2022-09-03T02:27:00Z",57.52,-166.03,"2022-09-03T02:58:00Z",57.54,-166.06,NA,67,55.5,22.91,"180",21720,"8791030401",NA,"2022-09-03T02:13:00Z",57.51,57.51,NA,NA,NA,0,0,NA
"1242","2022-09-03T02:58:00Z","20220308019","2022","0308","019","551209","Pacific Herring","Clupea pallasi","U",NA,5,410,"400601","01","Bering Sea",19,2022,"57.5-166","S","Can Trawl 400 headrope, 601 sidewalls","2022-09-03T02:27:00Z",57.52,-166.03,"2022-09-03T02:58:00Z",57.54,-166.06,NA,67,55.5,22.91,"180",21110,"8747010201",NA,"2022-09-03T02:13:00Z",57.51,57.51,NA,NA,NA,0,0,NA
"1243","2022-09-03T02:58:00Z","20220308019","2022","0308","019","934083","Pollock","Gadus chalcogrammus","U",NA,8,10,"400601","01","Bering Sea",19,2022,"57.5-166","S","Can Trawl 400 headrope, 601 sidewalls","2022-09-03T02:27:00Z",57.52,-166.03,"2022-09-03T02:58:00Z",57.54,-166.06,NA,67,55.5,22.91,"180",21740,"8791030701",NA,"2022-09-03T02:13:00Z",57.51,57.51,NA,NA,NA,0,0,NA
"1244","2022-09-03T04:55:00Z","20220308019","2022","0308","019","50513","Staurophora mertensi","Staurophora mertensi","U",NA,0,7044.8,"NETS156","02","Bering Sea",19,2022,"57.5-166","O","NETS Pelagic Trawl","2022-09-03T04:47:00Z",57.55,-166.05,"2022-09-03T04:55:00Z",57.56,-166.05,NA,67,14.67,9.7,"89.21",NA,"40562",NA,"2022-09-03T04:38:00Z",57.54,57.54,NA,NA,NA,0,0,NA
"1245","2022-09-03T04:55:00Z","20220308019","2022","0308","019","51641","Northern Sea Nettle","Chrysaora melanaster","U",NA,15,21200,"NETS156","02","Bering Sea",19,2022,"57.5-166","O","NETS Pelagic Trawl","2022-09-03T04:47:00Z",57.55,-166.05,"2022-09-03T04:55:00Z",57.56,-166.05,NA,67,14.67,9.7,"89.21",40504,NA,NA,"2022-09-03T04:38:00Z",57.54,57.54,NA,NA,NA,0,0,NA
"1246","2022-09-03T04:55:00Z","20220308019","2022","0308","019","161979","Sockeye Salmon","Oncorhynchus nerka","J",NA,9,1020,"NETS156","02","Bering Sea",19,2022,"57.5-166","O","NETS Pelagic Trawl","2022-09-03T04:47:00Z",57.55,-166.05,"2022-09-03T04:55:00Z",57.56,-166.05,NA,67,14.67,9.7,"89.21",23240,"8755010205",NA,"2022-09-03T04:38:00Z",57.54,57.54,NA,NA,NA,0,0,NA
"1247","2022-09-03T04:55:00Z","20220308019","2022","0308","019","164711","Pacific Cod","Gadus macrocephalus","A0",NA,27,176,"NETS156","02","Bering Sea",19,2022,"57.5-166","O","NETS Pelagic Trawl","2022-09-03T04:47:00Z",57.55,-166.05,"2022-09-03T04:55:00Z",57.56,-166.05,NA,67,14.67,9.7,"89.21",21720,"8791030401",NA,"2022-09-03T04:38:00Z",57.54,57.54,NA,NA,NA,0,0,NA
"1248","2022-09-03T04:55:00Z","20220308019","2022","0308","019","934083","Pollock","Gadus chalcogrammus","A1+",NA,2,1480,"NETS156","02","Bering Sea",19,2022,"57.5-166","O","NETS Pelagic Trawl","2022-09-03T04:47:00Z",57.55,-166.05,"2022-09-03T04:55:00Z",57.56,-166.05,NA,67,14.67,9.7,"89.21",21740,"8791030701",NA,"2022-09-03T04:38:00Z",57.54,57.54,NA,NA,NA,0,0,NA
"1249","2022-09-03T04:55:00Z","20220308019","2022","0308","019","934083","Pollock","Gadus chalcogrammus","U",NA,38781,29473.92,"NETS156","02","Bering Sea",19,2022,"57.5-166","O","NETS Pelagic Trawl","2022-09-03T04:47:00Z",57.55,-166.05,"2022-09-03T04:55:00Z",57.56,-166.05,NA,67,14.67,9.7,"89.21",21740,"8791030701",NA,"2022-09-03T04:38:00Z",57.54,57.54,NA,NA,NA,0,0,NA
"1250","2022-09-03T18:29:00Z","20220308020","2022","0308","020","51641","Northern Sea Nettle","Chrysaora melanaster","U",NA,469,78467.5,"400601","05","Bering Sea",20,2022,"57-167","S","Can Trawl 400 headrope, 601 sidewalls","2022-09-03T17:59:00Z",57.03,-167.03,"2022-09-03T18:29:00Z",57.06,-167.07,NA,74,55.5,22,"180",40504,NA,NA,"2022-09-03T17:48:00Z",57.01,57.01,NA,NA,NA,0,0,NA
"1251","2022-09-03T18:29:00Z","20220308020","2022","0308","020","82430","Magistrate Armhook Squid","Berryteuthis magister","U",NA,2,50,"400601","05","Bering Sea",20,2022,"57-167","S","Can Trawl 400 headrope, 601 sidewalls","2022-09-03T17:59:00Z",57.03,-167.03,"2022-09-03T18:29:00Z",57.06,-167.07,NA,74,55.5,22,"180",79210,NA,NA,"2022-09-03T17:48:00Z",57.01,57.01,NA,NA,NA,0,0,NA
"1252","2022-09-03T18:29:00Z","20220308020","2022","0308","020","161976","Chum Salmon","Oncorhynchus keta","IM",NA,1,1750,"400601","05","Bering Sea",20,2022,"57-167","S","Can Trawl 400 headrope, 601 sidewalls","2022-09-03T17:59:00Z",57.03,-167.03,"2022-09-03T18:29:00Z",57.06,-167.07,NA,74,55.5,22,"180",23235,"8755010202",NA,"2022-09-03T17:48:00Z",57.01,57.01,NA,NA,NA,0,0,NA
"1253","2022-09-03T18:29:00Z","20220308020","2022","0308","020","161977","Coho Salmon","Oncorhynchus kisutch","J",NA,1,380,"400601","05","Bering Sea",20,2022,"57-167","S","Can Trawl 400 headrope, 601 sidewalls","2022-09-03T17:59:00Z",57.03,-167.03,"2022-09-03T18:29:00Z",57.06,-167.07,NA,74,55.5,22,"180",23225,"8755010203",NA,"2022-09-03T17:48:00Z",57.01,57.01,NA,NA,NA,0,0,NA
"1254","2021-09-03T17:42:00Z","20210201013","2021","0201","013","166387","Nine-spine Stickleback","Pungitius pungitius","A0",NA,1,5,"400601","04","Bering Sea",13,2021,NA,"S","Can Trawl 400 headrope, 601 sidewalls","2021-09-03T17:11:00Z",61,-170.01,"2021-09-03T17:42:00Z",61.01,-170.08,NA,46,49.7,21.4,"330",21753,"8818010201",NA,NA,0,0,NA,NA,NA,0,0,NA
"1255","2021-09-03T17:42:00Z","20210201013","2021","0201","013","167220","Crested Sculpin","Blepsias bilobus","U",NA,1,330,"400601","04","Bering Sea",13,2021,NA,"S","Can Trawl 400 headrope, 601 sidewalls","2021-09-03T17:11:00Z",61,-170.01,"2021-09-03T17:42:00Z",61.01,-170.08,NA,46,49.7,21.4,"330",21397,"8831020601",NA,NA,0,0,NA,NA,NA,0,0,NA
"1256","2021-09-03T17:42:00Z","20210201013","2021","0201","013","551209","Pacific Herring","Clupea pallasi","A1+",NA,23,1700,"400601","04","Bering Sea",13,2021,NA,"S","Can Trawl 400 headrope, 601 sidewalls","2021-09-03T17:11:00Z",61,-170.01,"2021-09-03T17:42:00Z",61.01,-170.08,NA,46,49.7,21.4,"330",21110,"8747010201",NA,NA,0,0,NA,NA,NA,0,0,NA
"1257","2021-09-03T17:42:00Z","20210201013","2021","0201","013","622287","Arctic Lamprey","Lethenteron camtschaticum","U",NA,2,210,"400601","04","Bering Sea",13,2021,NA,"S","Can Trawl 400 headrope, 601 sidewalls","2021-09-03T17:11:00Z",61,-170.01,"2021-09-03T17:42:00Z",61.01,-170.08,NA,46,49.7,21.4,"330",NA,"8603010201",NA,NA,0,0,NA,NA,NA,0,0,NA
"1258","2021-09-03T17:42:00Z","20210201013","2021","0201","013","934083","Pollock","Gadus chalcogrammus","A0",NA,6466,6649,"400601","04","Bering Sea",13,2021,NA,"S","Can Trawl 400 headrope, 601 sidewalls","2021-09-03T17:11:00Z",61,-170.01,"2021-09-03T17:42:00Z",61.01,-170.08,NA,46,49.7,21.4,"330",21740,"8791030701",NA,NA,0,0,NA,NA,NA,0,0,NA
"1259","2021-09-03T17:42:00Z","20210201013","2021","0201","013","934083","Pollock","Gadus chalcogrammus","A1+",NA,2,1250,"400601","04","Bering Sea",13,2021,NA,"S","Can Trawl 400 headrope, 601 sidewalls","2021-09-03T17:11:00Z",61,-170.01,"2021-09-03T17:42:00Z",61.01,-170.08,NA,46,49.7,21.4,"330",21740,"8791030701",NA,NA,0,0,NA,NA,NA,0,0,NA
"1260","2021-09-03T21:59:00Z","20210201014","2021","0201","014","51641","Northern Sea Nettle","Chrysaora melanaster","U",NA,0,1620,"400601","03","Bering Sea",14,2021,NA,"S","Can Trawl 400 headrope, 601 sidewalls","2021-09-03T21:28:00Z",61.01,-171.03,"2021-09-03T21:59:00Z",61.04,-171.07,NA,55,49.45,20.55,"330",40504,NA,NA,NA,0,0,NA,NA,NA,0,0,NA
"1261","2021-09-03T21:59:00Z","20210201014","2021","0201","014","161976","Chum Salmon","Oncorhynchus keta","IM",NA,1,2220,"400601","03","Bering Sea",14,2021,NA,"S","Can Trawl 400 headrope, 601 sidewalls","2021-09-03T21:28:00Z",61.01,-171.03,"2021-09-03T21:59:00Z",61.04,-171.07,NA,55,49.45,20.55,"330",23235,"8755010202",NA,NA,0,0,NA,NA,NA,0,0,NA
"1262","2021-09-03T21:59:00Z","20210201014","2021","0201","014","161980","Chinook Salmon","Oncorhynchus tshawytscha","IM",NA,1,2320,"400601","03","Bering Sea",14,2021,NA,"S","Can Trawl 400 headrope, 601 sidewalls","2021-09-03T21:28:00Z",61.01,-171.03,"2021-09-03T21:59:00Z",61.04,-171.07,NA,55,49.45,20.55,"330",23220,"8755010206",NA,NA,0,0,NA,NA,NA,0,0,NA
"1263","2021-09-03T21:59:00Z","20210201014","2021","0201","014","934083","Pollock","Gadus chalcogrammus","A0",NA,6144.63,4968,"400601","03","Bering Sea",14,2021,NA,"S","Can Trawl 400 headrope, 601 sidewalls","2021-09-03T21:28:00Z",61.01,-171.03,"2021-09-03T21:59:00Z",61.04,-171.07,NA,55,49.45,20.55,"330",21740,"8791030701",NA,NA,0,0,NA,NA,NA,0,0,NA
"1264","2021-09-03T21:59:00Z","20210201014","2021","0201","014","934083","Pollock","Gadus chalcogrammus","A1+",NA,1,541,"400601","03","Bering Sea",14,2021,NA,"S","Can Trawl 400 headrope, 601 sidewalls","2021-09-03T21:28:00Z",61.01,-171.03,"2021-09-03T21:59:00Z",61.04,-171.07,NA,55,49.45,20.55,"330",21740,"8791030701",NA,NA,0,0,NA,NA,NA,0,0,NA
"1265","2021-09-04T03:31:00Z","20210201015","2021","0201","015","51641","Northern Sea Nettle","Chrysaora melanaster","U",NA,0,1850,"400601","04","Bering Sea",15,2021,NA,"S","Can Trawl 400 headrope, 601 sidewalls","2021-09-04T03:00:00Z",61.51,-171.01,"2021-09-04T03:31:00Z",61.54,-171.01,NA,50,48.75,22.65,"330",40504,NA,NA,NA,0,0,NA,NA,NA,0,0,NA
"1266","2021-09-04T03:31:00Z","20210201015","2021","0201","015","51700","Aurelia sp.","Aurelia sp.","U",NA,2,360,"400601","04","Bering Sea",15,2021,NA,"S","Can Trawl 400 headrope, 601 sidewalls","2021-09-04T03:00:00Z",61.51,-171.01,"2021-09-04T03:31:00Z",61.54,-171.01,NA,50,48.75,22.65,"330",40511,NA,NA,NA,0,0,NA,NA,NA,0,0,NA
"1267","2021-09-04T03:31:00Z","20210201015","2021","0201","015","166387","Nine-spine Stickleback","Pungitius pungitius","A0",NA,5,26,"400601","04","Bering Sea",15,2021,NA,"S","Can Trawl 400 headrope, 601 sidewalls","2021-09-04T03:00:00Z",61.51,-171.01,"2021-09-04T03:31:00Z",61.54,-171.01,NA,50,48.75,22.65,"330",21753,"8818010201",NA,NA,0,0,NA,NA,NA,0,0,NA
"1268","2021-09-04T03:31:00Z","20210201015","2021","0201","015","622287","Arctic Lamprey","Lethenteron camtschaticum","U",NA,2,130,"400601","04","Bering Sea",15,2021,NA,"S","Can Trawl 400 headrope, 601 sidewalls","2021-09-04T03:00:00Z",61.51,-171.01,"2021-09-04T03:31:00Z",61.54,-171.01,NA,50,48.75,22.65,"330",NA,"8603010201",NA,NA,0,0,NA,NA,NA,0,0,NA
"1269","2022-09-02T18:06:00Z","20220202003","2022","0202","003","934083","Pollock","Gadus chalcogrammus","A1+",NA,635.37,19580,"400601","03",NA,3,2022,NA,"S","Can Trawl 400 headrope, 601 sidewalls","2022-09-02T17:35:00Z",60.02,-170.06,"2022-09-02T18:06:00Z",60.06,-170.08,NA,55,48.99,26.05,"330",21740,"8791030701",NA,NA,0,0,NA,NA,NA,0,0,NA
"1270","2022-09-03T02:27:00Z","20220202004","2022","0202","004","51641","Northern Sea Nettle","Chrysaora melanaster","U",NA,0,8180,"400601","03",NA,4,2022,NA,"S","Can Trawl 400 headrope, 601 sidewalls","2022-09-03T01:57:00Z",60.51,-170,"2022-09-03T02:27:00Z",60.54,-170.01,NA,51,47.91,22.27,"330",40504,NA,NA,NA,0,0,NA,NA,NA,0,0,NA
"1271","2022-09-03T02:27:00Z","20220202004","2022","0202","004","161980","Chinook Salmon","Oncorhynchus tshawytscha","IM",NA,2,6630,"400601","03",NA,4,2022,NA,"S","Can Trawl 400 headrope, 601 sidewalls","2022-09-03T01:57:00Z",60.51,-170,"2022-09-03T02:27:00Z",60.54,-170.01,NA,51,47.91,22.27,"330",23220,"8755010206",NA,NA,0,0,NA,NA,NA,0,0,NA
"1272","2022-09-03T02:27:00Z","20220202004","2022","0202","004","551209","Pacific Herring","Clupea pallasi","A1+",NA,3,326,"400601","03",NA,4,2022,NA,"S","Can Trawl 400 headrope, 601 sidewalls","2022-09-03T01:57:00Z",60.51,-170,"2022-09-03T02:27:00Z",60.54,-170.01,NA,51,47.91,22.27,"330",21110,"8747010201",NA,NA,0,0,NA,NA,NA,0,0,NA
"1273","2022-09-03T02:27:00Z","20220202004","2022","0202","004","934083","Pollock","Gadus chalcogrammus","A0",NA,532.17,765,"400601","03",NA,4,2022,NA,"S","Can Trawl 400 headrope, 601 sidewalls","2022-09-03T01:57:00Z",60.51,-170,"2022-09-03T02:27:00Z",60.54,-170.01,NA,51,47.91,22.27,"330",21740,"8791030701",NA,NA,0,0,NA,NA,NA,0,0,NA
"1274","2022-09-03T17:47:00Z","20220202005","2022","0202","005","51641","Northern Sea Nettle","Chrysaora melanaster","U",NA,0,330,"400601","03",NA,5,2022,NA,"S","Can Trawl 400 headrope, 601 sidewalls","2022-09-03T17:16:00Z",60.52,-169,"2022-09-03T17:47:00Z",60.48,-169,NA,39,48.97,19.59,"330",40504,NA,NA,NA,0,0,NA,NA,NA,0,0,NA
"1275","2022-09-03T17:47:00Z","20220202005","2022","0202","005","162035","Capelin","Mallotus villosus","U",NA,32,156,"400601","03",NA,5,2022,NA,"S","Can Trawl 400 headrope, 601 sidewalls","2022-09-03T17:16:00Z",60.52,-169,"2022-09-03T17:47:00Z",60.48,-169,NA,39,48.97,19.59,"330",23041,"8755030201",NA,NA,0,0,NA,NA,NA,0,0,NA
"1276","2022-09-03T17:47:00Z","20220202005","2022","0202","005","167120","Atka Mackerel","Pleurogrammus monopterygius","U",NA,1,140,"400601","03",NA,5,2022,NA,"S","Can Trawl 400 headrope, 601 sidewalls","2022-09-03T17:16:00Z",60.52,-169,"2022-09-03T17:47:00Z",60.48,-169,NA,39,48.97,19.59,"330",21921,"8827010501",NA,NA,0,0,NA,NA,NA,0,0,NA
"1277","2022-09-03T17:47:00Z","20220202005","2022","0202","005","172893","Starry Flounder","Platichthys stellatus","U",NA,1,490,"400601","03",NA,5,2022,NA,"S","Can Trawl 400 headrope, 601 sidewalls","2022-09-03T17:16:00Z",60.52,-169,"2022-09-03T17:47:00Z",60.48,-169,NA,39,48.97,19.59,"330",10220,"8857041401",NA,NA,0,0,NA,NA,NA,0,0,NA
"1278","2022-09-03T17:47:00Z","20220202005","2022","0202","005","172907","Yellowfin Sole","Limanda aspera","U",NA,1,790,"400601","03",NA,5,2022,NA,"S","Can Trawl 400 headrope, 601 sidewalls","2022-09-03T17:16:00Z",60.52,-169,"2022-09-03T17:47:00Z",60.48,-169,NA,39,48.97,19.59,"330",10210,"8857041505",NA,NA,0,0,NA,NA,NA,0,0,NA
"1279","2022-09-03T17:47:00Z","20220202005","2022","0202","005","172911","Longhead Dab","Limanda proboscidea","L",NA,3,1,"400601","03",NA,5,2022,NA,"S","Can Trawl 400 headrope, 601 sidewalls","2022-09-03T17:16:00Z",60.52,-169,"2022-09-03T17:47:00Z",60.48,-169,NA,39,48.97,19.59,"330",10211,"8857041507",NA,NA,0,0,NA,NA,NA,0,0,NA
"1280","2022-09-03T17:47:00Z","20220202005","2022","0202","005","172930","Greenland Halibut","Reinhardtius hippoglossoides","L",NA,1,1,"400601","03",NA,5,2022,NA,"S","Can Trawl 400 headrope, 601 sidewalls","2022-09-03T17:16:00Z",60.52,-169,"2022-09-03T17:47:00Z",60.48,-169,NA,39,48.97,19.59,"330",10115,"8857041801",NA,NA,0,0,NA,NA,NA,0,0,NA
"1281","2022-09-03T17:47:00Z","20220202005","2022","0202","005","551209","Pacific Herring","Clupea pallasi","A1+",NA,14,1090,"400601","03",NA,5,2022,NA,"S","Can Trawl 400 headrope, 601 sidewalls","2022-09-03T17:16:00Z",60.52,-169,"2022-09-03T17:47:00Z",60.48,-169,NA,39,48.97,19.59,"330",21110,"8747010201",NA,NA,0,0,NA,NA,NA,0,0,NA
"1282","2022-09-03T17:47:00Z","20220202005","2022","0202","005","934083","Pollock","Gadus chalcogrammus","A0",NA,1664.28,1165,"400601","03",NA,5,2022,NA,"S","Can Trawl 400 headrope, 601 sidewalls","2022-09-03T17:16:00Z",60.52,-169,"2022-09-03T17:47:00Z",60.48,-169,NA,39,48.97,19.59,"330",21740,"8791030701",NA,NA,0,0,NA,NA,NA,0,0,NA
"1283","2022-09-03T23:42:00Z","20220202006","2022","0202","006","51641","Northern Sea Nettle","Chrysaora melanaster","U",NA,4,190,"400601","03",NA,6,2022,NA,"S","Can Trawl 400 headrope, 601 sidewalls","2022-09-03T23:12:00Z",60.5,-167.97,"2022-09-03T23:42:00Z",60.51,-167.89,NA,30,50.21,20.98,"330",40504,NA,NA,NA,0,0,NA,NA,NA,0,0,NA
"1284","2022-09-03T23:42:00Z","20220202006","2022","0202","006","51671","Cyanea capillata","Cyanea capillata","U",NA,5,880,"400601","03",NA,6,2022,NA,"S","Can Trawl 400 headrope, 601 sidewalls","2022-09-03T23:12:00Z",60.5,-167.97,"2022-09-03T23:42:00Z",60.51,-167.89,NA,30,50.21,20.98,"330",40561,NA,NA,NA,0,0,NA,NA,NA,0,0,NA
"1285","2022-09-03T23:42:00Z","20220202006","2022","0202","006","161975","Pink Salmon","Oncorhynchus gorbuscha","J",NA,6,325,"400601","03",NA,6,2022,NA,"S","Can Trawl 400 headrope, 601 sidewalls","2022-09-03T23:12:00Z",60.5,-167.97,"2022-09-03T23:42:00Z",60.51,-167.89,NA,30,50.21,20.98,"330",23230,"8755010201",NA,NA,0,0,NA,NA,NA,0,0,NA
"1286","2022-09-13T17:36:00Z","20220202032","2022","0202","032","161979","Sockeye Salmon","Oncorhynchus nerka","J",NA,16,1261,"400601","03",NA,32,2022,NA,"S","Can Trawl 400 headrope, 601 sidewalls","2022-09-13T17:05:00Z",64.49,-169,"2022-09-13T17:36:00Z",64.48,-168.93,NA,42,46.8,22.61,"330",23240,"8755010205",NA,NA,0,0,NA,NA,NA,0,0,NA
"1287","2022-09-13T17:36:00Z","20220202032","2022","0202","032","162035","Capelin","Mallotus villosus","U",NA,14,227,"400601","03",NA,32,2022,NA,"S","Can Trawl 400 headrope, 601 sidewalls","2022-09-13T17:05:00Z",64.49,-169,"2022-09-13T17:36:00Z",64.48,-168.93,NA,42,46.8,22.61,"330",23041,"8755030201",NA,NA,0,0,NA,NA,NA,0,0,NA
"1288","2022-09-13T17:36:00Z","20220202032","2022","0202","032","171672","Arctic Sand Lance","Ammodytes hexapterus","A0",NA,22,56,"400601","03",NA,32,2022,NA,"S","Can Trawl 400 headrope, 601 sidewalls","2022-09-13T17:05:00Z",64.49,-169,"2022-09-13T17:36:00Z",64.48,-168.93,NA,42,46.8,22.61,"330",20203,"8845010101",NA,NA,0,0,NA,NA,NA,0,0,NA
"1289","2022-09-13T17:36:00Z","20220202032","2022","0202","032","551209","Pacific Herring","Clupea pallasi","A1+",NA,4,576,"400601","03",NA,32,2022,NA,"S","Can Trawl 400 headrope, 601 sidewalls","2022-09-13T17:05:00Z",64.49,-169,"2022-09-13T17:36:00Z",64.48,-168.93,NA,42,46.8,22.61,"330",21110,"8747010201",NA,NA,0,0,NA,NA,NA,0,0,NA
"1290","2022-09-13T17:36:00Z","20220202032","2022","0202","032","622287","Arctic Lamprey","Lethenteron camtschaticum","U",NA,2,168,"400601","03",NA,32,2022,NA,"S","Can Trawl 400 headrope, 601 sidewalls","2022-09-13T17:05:00Z",64.49,-169,"2022-09-13T17:36:00Z",64.48,-168.93,NA,42,46.8,22.61,"330",NA,"8603010201",NA,NA,0,0,NA,NA,NA,0,0,NA
"1291","2022-09-13T17:36:00Z","20220202032","2022","0202","032","934083","Pollock","Gadus chalcogrammus","A0",NA,193.47,267,"400601","03",NA,32,2022,NA,"S","Can Trawl 400 headrope, 601 sidewalls","2022-09-13T17:05:00Z",64.49,-169,"2022-09-13T17:36:00Z",64.48,-168.93,NA,42,46.8,22.61,"330",21740,"8791030701",NA,NA,0,0,NA,NA,NA,0,0,NA
"1292","2022-09-13T21:41:00Z","20220202033","2022","0202","033","50623","Aequorea  sp.","Aequorea sp.","U",NA,0,13250,"400601","03",NA,33,2022,NA,"S","Can Trawl 400 headrope, 601 sidewalls","2022-09-13T21:11:00Z",64.5,-167.99,"2022-09-13T21:41:00Z",64.54,-167.94,NA,36,49.9,22.6,"330",40506,NA,"SURFACE TRAWL CATCH ENTERED AS BEAM TRAWL CATCH ",NA,0,0,NA,NA,NA,0,0,NA
"1293","2022-09-13T21:41:00Z","20220202033","2022","0202","033","51641","Northern Sea Nettle","Chrysaora melanaster","U",NA,0,1860,"400601","03",NA,33,2022,NA,"S","Can Trawl 400 headrope, 601 sidewalls","2022-09-13T21:11:00Z",64.5,-167.99,"2022-09-13T21:41:00Z",64.54,-167.94,NA,36,49.9,22.6,"330",40504,NA,NA,NA,0,0,NA,NA,NA,0,0,NA
"1294","2022-09-13T21:41:00Z","20220202033","2022","0202","033","51671","Cyanea capillata","Cyanea capillata","U",NA,0,410,"400601","03",NA,33,2022,NA,"S","Can Trawl 400 headrope, 601 sidewalls","2022-09-13T21:11:00Z",64.5,-167.99,"2022-09-13T21:41:00Z",64.54,-167.94,NA,36,49.9,22.6,"330",40561,NA,NA,NA,0,0,NA,NA,NA,0,0,NA
"1295","2022-09-13T21:41:00Z","20220202033","2022","0202","033","161975","Pink Salmon","Oncorhynchus gorbuscha","J",NA,4,364,"400601","03",NA,33,2022,NA,"S","Can Trawl 400 headrope, 601 sidewalls","2022-09-13T21:11:00Z",64.5,-167.99,"2022-09-13T21:41:00Z",64.54,-167.94,NA,36,49.9,22.6,"330",23230,"8755010201",NA,NA,0,0,NA,NA,NA,0,0,NA
"1296","2022-09-13T21:41:00Z","20220202033","2022","0202","033","161979","Sockeye Salmon","Oncorhynchus nerka","J",NA,6,479,"400601","03",NA,33,2022,NA,"S","Can Trawl 400 headrope, 601 sidewalls","2022-09-13T21:11:00Z",64.5,-167.99,"2022-09-13T21:41:00Z",64.54,-167.94,NA,36,49.9,22.6,"330",23240,"8755010205",NA,NA,0,0,NA,NA,NA,0,0,NA
"1297","2022-09-13T21:41:00Z","20220202033","2022","0202","033","161980","Chinook Salmon","Oncorhynchus tshawytscha","IM",NA,1,3980,"400601","03",NA,33,2022,NA,"S","Can Trawl 400 headrope, 601 sidewalls","2022-09-13T21:11:00Z",64.5,-167.99,"2022-09-13T21:41:00Z",64.54,-167.94,NA,36,49.9,22.6,"330",23220,"8755010206",NA,NA,0,0,NA,NA,NA,0,0,NA
"1298","2022-09-13T21:41:00Z","20220202033","2022","0202","033","171672","Arctic Sand Lance","Ammodytes hexapterus","A0",NA,18,13,"400601","03",NA,33,2022,NA,"S","Can Trawl 400 headrope, 601 sidewalls","2022-09-13T21:11:00Z",64.5,-167.99,"2022-09-13T21:41:00Z",64.54,-167.94,NA,36,49.9,22.6,"330",20203,"8845010101",NA,NA,0,0,NA,NA,NA,0,0,NA
"1299","2022-09-13T21:41:00Z","20220202033","2022","0202","033","172702","Flatfish, unident.","Pleuronectiformes","U",NA,NA,1,"400601","03",NA,33,2022,NA,"S","Can Trawl 400 headrope, 601 sidewalls","2022-09-13T21:11:00Z",64.5,-167.99,"2022-09-13T21:41:00Z",64.54,-167.94,NA,36,49.9,22.6,"330",10001,NA,NA,NA,0,0,NA,NA,NA,0,0,NA
"1300","2022-09-13T21:41:00Z","20220202033","2022","0202","033","172911","Longhead Dab","Limanda proboscidea","L",NA,NA,1,"400601","03",NA,33,2022,NA,"S","Can Trawl 400 headrope, 601 sidewalls","2022-09-13T21:11:00Z",64.5,-167.99,"2022-09-13T21:41:00Z",64.54,-167.94,NA,36,49.9,22.6,"330",10211,"8857041507",NA,NA,0,0,NA,NA,NA,0,0,NA
"1301","2022-09-13T21:41:00Z","20220202033","2022","0202","033","622287","Arctic Lamprey","Lethenteron camtschaticum","U",NA,7,430,"400601","03",NA,33,2022,NA,"S","Can Trawl 400 headrope, 601 sidewalls","2022-09-13T21:11:00Z",64.5,-167.99,"2022-09-13T21:41:00Z",64.54,-167.94,NA,36,49.9,22.6,"330",NA,"8603010201",NA,NA,0,0,NA,NA,NA,0,0,NA
"1302","2022-09-13T21:41:00Z","20220202033","2022","0202","033","934083","Pollock","Gadus chalcogrammus","A0",NA,629.66,743,"400601","03",NA,33,2022,NA,"S","Can Trawl 400 headrope, 601 sidewalls","2022-09-13T21:11:00Z",64.5,-167.99,"2022-09-13T21:41:00Z",64.54,-167.94,NA,36,49.9,22.6,"330",21740,"8791030701",NA,NA,0,0,NA,NA,NA,0,0,NA
"1303","2022-09-14T02:03:00Z","20220202034","2022","0202","034","50623","Aequorea  sp.","Aequorea sp.","U",NA,0,4500,"400601","03",NA,34,2022,NA,"S","Can Trawl 400 headrope, 601 sidewalls","2022-09-14T01:33:00Z",64.98,-167.53,"2022-09-14T02:03:00Z",64.95,-167.57,NA,25,49.93,22.73,"330",40506,NA,NA,NA,0,0,NA,NA,NA,0,0,NA
"1304","2022-09-14T02:03:00Z","20220202034","2022","0202","034","51641","Northern Sea Nettle","Chrysaora melanaster","U",NA,0,50360,"400601","03",NA,34,2022,NA,"S","Can Trawl 400 headrope, 601 sidewalls","2022-09-14T01:33:00Z",64.98,-167.53,"2022-09-14T02:03:00Z",64.95,-167.57,NA,25,49.93,22.73,"330",40504,NA,NA,NA,0,0,NA,NA,NA,0,0,NA
"1305","2022-09-14T02:03:00Z","20220202034","2022","0202","034","51671","Cyanea capillata","Cyanea capillata","U",NA,0,37380,"400601","03",NA,34,2022,NA,"S","Can Trawl 400 headrope, 601 sidewalls","2022-09-14T01:33:00Z",64.98,-167.53,"2022-09-14T02:03:00Z",64.95,-167.57,NA,25,49.93,22.73,"330",40561,NA,NA,NA,0,0,NA,NA,NA,0,0,NA
"1306","2022-09-14T02:03:00Z","20220202034","2022","0202","034","161975","Pink Salmon","Oncorhynchus gorbuscha","J",NA,30,1492,"400601","03",NA,34,2022,NA,"S","Can Trawl 400 headrope, 601 sidewalls","2022-09-14T01:33:00Z",64.98,-167.53,"2022-09-14T02:03:00Z",64.95,-167.57,NA,25,49.93,22.73,"330",23230,"8755010201",NA,NA,0,0,NA,NA,NA,0,0,NA
"1307","2022-09-14T02:03:00Z","20220202034","2022","0202","034","161976","Chum Salmon","Oncorhynchus keta","J",NA,97.05,7716,"400601","03",NA,34,2022,NA,"S","Can Trawl 400 headrope, 601 sidewalls","2022-09-14T01:33:00Z",64.98,-167.53,"2022-09-14T02:03:00Z",64.95,-167.57,NA,25,49.93,22.73,"330",23235,"8755010202",NA,NA,0,0,NA,NA,NA,0,0,NA
"1308","2022-09-14T02:03:00Z","20220202034","2022","0202","034","161980","Chinook Salmon","Oncorhynchus tshawytscha","J",NA,8,891,"400601","03",NA,34,2022,NA,"S","Can Trawl 400 headrope, 601 sidewalls","2022-09-14T01:33:00Z",64.98,-167.53,"2022-09-14T02:03:00Z",64.95,-167.57,NA,25,49.93,22.73,"330",23220,"8755010206",NA,NA,0,0,NA,NA,NA,0,0,NA
"1309","2022-09-14T02:03:00Z","20220202034","2022","0202","034","164708","Saffron Cod","Eleginus gracilis","A0",NA,5,10,"400601","03",NA,34,2022,NA,"S","Can Trawl 400 headrope, 601 sidewalls","2022-09-14T01:33:00Z",64.98,-167.53,"2022-09-14T02:03:00Z",64.95,-167.57,NA,25,49.93,22.73,"330",21735,"8791030301",NA,NA,0,0,NA,NA,NA,0,0,NA
"1310","2022-09-14T02:03:00Z","20220202034","2022","0202","034","166365","Threespine stickleback","Gasterosteus aculeatus","U",NA,2,10,"400601","03",NA,34,2022,NA,"S","Can Trawl 400 headrope, 601 sidewalls","2022-09-14T01:33:00Z",64.98,-167.53,"2022-09-14T02:03:00Z",64.95,-167.57,NA,25,49.93,22.73,"330",21752,"8818010101",NA,NA,0,0,NA,NA,NA,0,0,NA
"1311","2022-09-14T02:03:00Z","20220202034","2022","0202","034","171672","Arctic Sand Lance","Ammodytes hexapterus","A1+",NA,165.6,2123,"400601","03",NA,34,2022,NA,"S","Can Trawl 400 headrope, 601 sidewalls","2022-09-14T01:33:00Z",64.98,-167.53,"2022-09-14T02:03:00Z",64.95,-167.57,NA,25,49.93,22.73,"330",20203,"8845010101",NA,NA,0,0,NA,NA,NA,0,0,NA
"1312","2022-09-14T02:03:00Z","20220202034","2022","0202","034","622287","Arctic Lamprey","Lethenteron camtschaticum","U",NA,1,47,"400601","03",NA,34,2022,NA,"S","Can Trawl 400 headrope, 601 sidewalls","2022-09-14T01:33:00Z",64.98,-167.53,"2022-09-14T02:03:00Z",64.95,-167.57,NA,25,49.93,22.73,"330",NA,"8603010201",NA,NA,0,0,NA,NA,NA,0,0,NA
"1313","2022-09-14T02:03:00Z","20220202034","2022","0202","034","934083","Pollock","Gadus chalcogrammus","A0",NA,480.58,990,"400601","03",NA,34,2022,NA,"S","Can Trawl 400 headrope, 601 sidewalls","2022-09-14T01:33:00Z",64.98,-167.53,"2022-09-14T02:03:00Z",64.95,-167.57,NA,25,49.93,22.73,"330",21740,"8791030701",NA,NA,0,0,NA,NA,NA,0,0,NA
"1314","2022-09-14T02:03:00Z","20220202034","2022","0202","034","934083","Pollock","Gadus chalcogrammus","A1+",NA,2,41,"400601","03",NA,34,2022,NA,"S","Can Trawl 400 headrope, 601 sidewalls","2022-09-14T01:33:00Z",64.98,-167.53,"2022-09-14T02:03:00Z",64.95,-167.57,NA,25,49.93,22.73,"330",21740,"8791030701",NA,NA,0,0,NA,NA,NA,0,0,NA
"1315","2022-09-14T17:16:00Z","20220202035","2022","0202","035","50513","Staurophora mertensi","Staurophora mertensi","U",NA,0,70,"400601","03",NA,35,2022,NA,"S","Can Trawl 400 headrope, 601 sidewalls","2022-09-14T16:45:00Z",64.5,-167,"2022-09-14T17:16:00Z",64.47,-166.99,NA,28,48.89,22.24,"330",NA,"40562",NA,NA,0,0,NA,NA,NA,0,0,NA
"1316","2022-09-14T17:16:00Z","20220202035","2022","0202","035","50623","Aequorea  sp.","Aequorea sp.","U",NA,0,6510,"400601","03",NA,35,2022,NA,"S","Can Trawl 400 headrope, 601 sidewalls","2022-09-14T16:45:00Z",64.5,-167,"2022-09-14T17:16:00Z",64.47,-166.99,NA,28,48.89,22.24,"330",40506,NA,NA,NA,0,0,NA,NA,NA,0,0,NA
"1317","2022-09-14T17:16:00Z","20220202035","2022","0202","035","51641","Northern Sea Nettle","Chrysaora melanaster","U",NA,0,6120,"400601","03",NA,35,2022,NA,"S","Can Trawl 400 headrope, 601 sidewalls","2022-09-14T16:45:00Z",64.5,-167,"2022-09-14T17:16:00Z",64.47,-166.99,NA,28,48.89,22.24,"330",40504,NA,NA,NA,0,0,NA,NA,NA,0,0,NA
"1318","2022-09-14T17:16:00Z","20220202035","2022","0202","035","51671","Cyanea capillata","Cyanea capillata","U",NA,0,34880,"400601","03",NA,35,2022,NA,"S","Can Trawl 400 headrope, 601 sidewalls","2022-09-14T16:45:00Z",64.5,-167,"2022-09-14T17:16:00Z",64.47,-166.99,NA,28,48.89,22.24,"330",40561,NA,NA,NA,0,0,NA,NA,NA,0,0,NA
"1319","2022-09-14T17:16:00Z","20220202035","2022","0202","035","161975","Pink Salmon","Oncorhynchus gorbuscha","J",NA,36,2036,"400601","03",NA,35,2022,NA,"S","Can Trawl 400 headrope, 601 sidewalls","2022-09-14T16:45:00Z",64.5,-167,"2022-09-14T17:16:00Z",64.47,-166.99,NA,28,48.89,22.24,"330",23230,"8755010201",NA,NA,0,0,NA,NA,NA,0,0,NA
"1320","2022-09-14T17:16:00Z","20220202035","2022","0202","035","161976","Chum Salmon","Oncorhynchus keta","J",NA,39,3142,"400601","03",NA,35,2022,NA,"S","Can Trawl 400 headrope, 601 sidewalls","2022-09-14T16:45:00Z",64.5,-167,"2022-09-14T17:16:00Z",64.47,-166.99,NA,28,48.89,22.24,"330",23235,"8755010202",NA,NA,0,0,NA,NA,NA,0,0,NA
"1321","2022-09-14T17:16:00Z","20220202035","2022","0202","035","161977","Coho Salmon","Oncorhynchus kisutch","J",NA,6,1346,"400601","03",NA,35,2022,NA,"S","Can Trawl 400 headrope, 601 sidewalls","2022-09-14T16:45:00Z",64.5,-167,"2022-09-14T17:16:00Z",64.47,-166.99,NA,28,48.89,22.24,"330",23225,"8755010203",NA,NA,0,0,NA,NA,NA,0,0,NA
"1322","2022-09-14T17:16:00Z","20220202035","2022","0202","035","161979","Sockeye Salmon","Oncorhynchus nerka","J",NA,1,75,"400601","03",NA,35,2022,NA,"S","Can Trawl 400 headrope, 601 sidewalls","2022-09-14T16:45:00Z",64.5,-167,"2022-09-14T17:16:00Z",64.47,-166.99,NA,28,48.89,22.24,"330",23240,"8755010205",NA,NA,0,0,NA,NA,NA,0,0,NA
"1323","2022-09-14T17:16:00Z","20220202035","2022","0202","035","161980","Chinook Salmon","Oncorhynchus tshawytscha","IM",NA,1,660,"400601","03",NA,35,2022,NA,"S","Can Trawl 400 headrope, 601 sidewalls","2022-09-14T16:45:00Z",64.5,-167,"2022-09-14T17:16:00Z",64.47,-166.99,NA,28,48.89,22.24,"330",23220,"8755010206",NA,NA,0,0,NA,NA,NA,0,0,NA
"1324","2022-09-14T17:16:00Z","20220202035","2022","0202","035","161980","Chinook Salmon","Oncorhynchus tshawytscha","J",NA,7,969,"400601","03",NA,35,2022,NA,"S","Can Trawl 400 headrope, 601 sidewalls","2022-09-14T16:45:00Z",64.5,-167,"2022-09-14T17:16:00Z",64.47,-166.99,NA,28,48.89,22.24,"330",23220,"8755010206",NA,NA,0,0,NA,NA,NA,0,0,NA
"1325","2022-09-14T17:16:00Z","20220202035","2022","0202","035","164708","Saffron Cod","Eleginus gracilis","A0",NA,2,4,"400601","03",NA,35,2022,NA,"S","Can Trawl 400 headrope, 601 sidewalls","2022-09-14T16:45:00Z",64.5,-167,"2022-09-14T17:16:00Z",64.47,-166.99,NA,28,48.89,22.24,"330",21735,"8791030301",NA,NA,0,0,NA,NA,NA,0,0,NA
"1326","2021-09-04T03:31:00Z","20210201015","2021","0201","015","934083","Pollock","Gadus chalcogrammus","A0",NA,5776.02,8433,"400601","04","Bering Sea",15,2021,NA,"S","Can Trawl 400 headrope, 601 sidewalls","2021-09-04T03:00:00Z",61.51,-171.01,"2021-09-04T03:31:00Z",61.54,-171.01,NA,50,48.75,22.65,"330",21740,"8791030701",NA,NA,0,0,NA,NA,NA,0,0,NA
"1327","2021-09-04T03:31:00Z","20210201015","2021","0201","015","934083","Pollock","Gadus chalcogrammus","A1+",NA,1,690,"400601","04","Bering Sea",15,2021,NA,"S","Can Trawl 400 headrope, 601 sidewalls","2021-09-04T03:00:00Z",61.51,-171.01,"2021-09-04T03:31:00Z",61.54,-171.01,NA,50,48.75,22.65,"330",21740,"8791030701",NA,NA,0,0,NA,NA,NA,0,0,NA
"1328","2021-09-04T17:28:00Z","20210201016","2021","0201","016","50513","Staurophora mertensi","Staurophora mertensi","U",NA,0,350,"400601","04","Bering Sea",16,2021,NA,"S","Can Trawl 400 headrope, 601 sidewalls","2021-09-04T16:58:00Z",61.5,-169.97,"2021-09-04T17:28:00Z",61.5,-169.9,NA,45,49.12,20.67,"330",NA,"40562",NA,NA,0,0,NA,NA,NA,0,0,NA
"1329","2021-09-04T17:28:00Z","20210201016","2021","0201","016","51641","Northern Sea Nettle","Chrysaora melanaster","U",NA,0,22910,"400601","04","Bering Sea",16,2021,NA,"S","Can Trawl 400 headrope, 601 sidewalls","2021-09-04T16:58:00Z",61.5,-169.97,"2021-09-04T17:28:00Z",61.5,-169.9,NA,45,49.12,20.67,"330",40504,NA,NA,NA,0,0,NA,NA,NA,0,0,NA
"1330","2021-09-04T17:28:00Z","20210201016","2021","0201","016","161976","Chum Salmon","Oncorhynchus keta","IM",NA,1,2870,"400601","04","Bering Sea",16,2021,NA,"S","Can Trawl 400 headrope, 601 sidewalls","2021-09-04T16:58:00Z",61.5,-169.97,"2021-09-04T17:28:00Z",61.5,-169.9,NA,45,49.12,20.67,"330",23235,"8755010202",NA,NA,0,0,NA,NA,NA,0,0,NA
"1331","2021-09-04T17:28:00Z","20210201016","2021","0201","016","166387","Nine-spine Stickleback","Pungitius pungitius","A0",NA,4,15,"400601","04","Bering Sea",16,2021,NA,"S","Can Trawl 400 headrope, 601 sidewalls","2021-09-04T16:58:00Z",61.5,-169.97,"2021-09-04T17:28:00Z",61.5,-169.9,NA,45,49.12,20.67,"330",21753,"8818010201",NA,NA,0,0,NA,NA,NA,0,0,NA
"1332","2021-09-04T17:28:00Z","20210201016","2021","0201","016","622287","Arctic Lamprey","Lethenteron camtschaticum","U",NA,3,260,"400601","04","Bering Sea",16,2021,NA,"S","Can Trawl 400 headrope, 601 sidewalls","2021-09-04T16:58:00Z",61.5,-169.97,"2021-09-04T17:28:00Z",61.5,-169.9,NA,45,49.12,20.67,"330",NA,"8603010201",NA,NA,0,0,NA,NA,NA,0,0,NA
"1333","2021-09-04T17:28:00Z","20210201016","2021","0201","016","934083","Pollock","Gadus chalcogrammus","A0",NA,3774.15,6765,"400601","04","Bering Sea",16,2021,NA,"S","Can Trawl 400 headrope, 601 sidewalls","2021-09-04T16:58:00Z",61.5,-169.97,"2021-09-04T17:28:00Z",61.5,-169.9,NA,45,49.12,20.67,"330",21740,"8791030701",NA,NA,0,0,NA,NA,NA,0,0,NA
"1334","2021-09-04T17:28:00Z","20210201016","2021","0201","016","934083","Pollock","Gadus chalcogrammus","A1+",NA,2,1920,"400601","04","Bering Sea",16,2021,NA,"S","Can Trawl 400 headrope, 601 sidewalls","2021-09-04T16:58:00Z",61.5,-169.97,"2021-09-04T17:28:00Z",61.5,-169.9,NA,45,49.12,20.67,"330",21740,"8791030701",NA,NA,0,0,NA,NA,NA,0,0,NA
"1335","2021-09-04T21:26:00Z","20210201017","2021","0201","017","50513","Staurophora mertensi","Staurophora mertensi","U",NA,0,100,"400601","03","Bering Sea",17,2021,NA,"S","Can Trawl 400 headrope, 601 sidewalls","2021-09-04T20:56:00Z",61.5,-168.97,"2021-09-04T21:26:00Z",61.5,-168.9,NA,36,49.63,20.38,"330",NA,"40562",NA,NA,0,0,NA,NA,NA,0,0,NA
"1336","2021-09-04T21:26:00Z","20210201017","2021","0201","017","51641","Northern Sea Nettle","Chrysaora melanaster","U",NA,0,10770,"400601","03","Bering Sea",17,2021,NA,"S","Can Trawl 400 headrope, 601 sidewalls","2021-09-04T20:56:00Z",61.5,-168.97,"2021-09-04T21:26:00Z",61.5,-168.9,NA,36,49.63,20.38,"330",40504,NA,NA,NA,0,0,NA,NA,NA,0,0,NA
"1337","2021-09-04T21:26:00Z","20210201017","2021","0201","017","161980","Chinook Salmon","Oncorhynchus tshawytscha","IM",NA,2,5440,"400601","03","Bering Sea",17,2021,NA,"S","Can Trawl 400 headrope, 601 sidewalls","2021-09-04T20:56:00Z",61.5,-168.97,"2021-09-04T21:26:00Z",61.5,-168.9,NA,36,49.63,20.38,"330",23220,"8755010206",NA,NA,0,0,NA,NA,NA,0,0,NA
"1338","2021-09-04T21:26:00Z","20210201017","2021","0201","017","171672","Arctic Sand Lance","Ammodytes hexapterus","U",NA,53,31,"400601","03","Bering Sea",17,2021,NA,"S","Can Trawl 400 headrope, 601 sidewalls","2021-09-04T20:56:00Z",61.5,-168.97,"2021-09-04T21:26:00Z",61.5,-168.9,NA,36,49.63,20.38,"330",20203,"8845010101",NA,NA,0,0,NA,NA,NA,0,0,NA
"1339","2021-09-04T21:26:00Z","20210201017","2021","0201","017","622287","Arctic Lamprey","Lethenteron camtschaticum","U",NA,1,8,"400601","03","Bering Sea",17,2021,NA,"S","Can Trawl 400 headrope, 601 sidewalls","2021-09-04T20:56:00Z",61.5,-168.97,"2021-09-04T21:26:00Z",61.5,-168.9,NA,36,49.63,20.38,"330",NA,"8603010201",NA,NA,0,0,NA,NA,NA,0,0,NA
"1340","2021-09-04T21:26:00Z","20210201017","2021","0201","017","644362","Veteran Poacher","Podothecus veternus","U",NA,1,15,"400601","03","Bering Sea",17,2021,NA,"S","Can Trawl 400 headrope, 601 sidewalls","2021-09-04T20:56:00Z",61.5,-168.97,"2021-09-04T21:26:00Z",61.5,-168.9,NA,36,49.63,20.38,"330",NA,NA,NA,NA,0,0,NA,NA,NA,0,0,NA
"1341","2021-09-04T21:26:00Z","20210201017","2021","0201","017","934083","Pollock","Gadus chalcogrammus","A0",NA,28,30,"400601","03","Bering Sea",17,2021,NA,"S","Can Trawl 400 headrope, 601 sidewalls","2021-09-04T20:56:00Z",61.5,-168.97,"2021-09-04T21:26:00Z",61.5,-168.9,NA,36,49.63,20.38,"330",21740,"8791030701",NA,NA,0,0,NA,NA,NA,0,0,NA
"1342","2021-09-04T21:26:00Z","20210201017","2021","0201","017","934083","Pollock","Gadus chalcogrammus","A1+",NA,1,700,"400601","03","Bering Sea",17,2021,NA,"S","Can Trawl 400 headrope, 601 sidewalls","2021-09-04T20:56:00Z",61.5,-168.97,"2021-09-04T21:26:00Z",61.5,-168.9,NA,36,49.63,20.38,"330",21740,"8791030701",NA,NA,0,0,NA,NA,NA,0,0,NA
"1343","2021-09-05T01:50:00Z","20210201018","2021","0201","018","51669","Cyanea sp.","Cyanea sp.","U",NA,0,4130,"400601","04","Bering Sea",18,2021,NA,"S","Can Trawl 400 headrope, 601 sidewalls","2021-09-05T01:20:00Z",61.5,-167.98,"2021-09-05T01:50:00Z",61.5,-167.9,NA,28,51.76,19.62,"330",40560,NA,NA,NA,0,0,NA,NA,NA,0,0,NA
"1344","2021-09-05T01:50:00Z","20210201018","2021","0201","018","161975","Pink Salmon","Oncorhynchus gorbuscha","J",NA,1746.09,67050,"400601","04","Bering Sea",18,2021,NA,"S","Can Trawl 400 headrope, 601 sidewalls","2021-09-05T01:20:00Z",61.5,-167.98,"2021-09-05T01:50:00Z",61.5,-167.9,NA,28,51.76,19.62,"330",23230,"8755010201",NA,NA,0,0,NA,NA,NA,0,0,NA
"1345","2021-09-05T01:50:00Z","20210201018","2021","0201","018","161976","Chum Salmon","Oncorhynchus keta","J",NA,23,1120,"400601","04","Bering Sea",18,2021,NA,"S","Can Trawl 400 headrope, 601 sidewalls","2021-09-05T01:20:00Z",61.5,-167.98,"2021-09-05T01:50:00Z",61.5,-167.9,NA,28,51.76,19.62,"330",23235,"8755010202",NA,NA,0,0,NA,NA,NA,0,0,NA
"1346","2021-09-05T01:50:00Z","20210201018","2021","0201","018","161980","Chinook Salmon","Oncorhynchus tshawytscha","J",NA,2,370,"400601","04","Bering Sea",18,2021,NA,"S","Can Trawl 400 headrope, 601 sidewalls","2021-09-05T01:20:00Z",61.5,-167.98,"2021-09-05T01:50:00Z",61.5,-167.9,NA,28,51.76,19.62,"330",23220,"8755010206",NA,NA,0,0,NA,NA,NA,0,0,NA
"1347","2021-09-05T01:50:00Z","20210201018","2021","0201","018","166387","Nine-spine Stickleback","Pungitius pungitius","A0",NA,1,7,"400601","04","Bering Sea",18,2021,NA,"S","Can Trawl 400 headrope, 601 sidewalls","2021-09-05T01:20:00Z",61.5,-167.98,"2021-09-05T01:50:00Z",61.5,-167.9,NA,28,51.76,19.62,"330",21753,"8818010201",NA,NA,0,0,NA,NA,NA,0,0,NA
"1348","2021-09-05T01:50:00Z","20210201018","2021","0201","018","171337","Bering Wolffish","Anarhichas orientalis","U",NA,1,89,"400601","04","Bering Sea",18,2021,NA,"S","Can Trawl 400 headrope, 601 sidewalls","2021-09-05T01:20:00Z",61.5,-167.98,"2021-09-05T01:50:00Z",61.5,-167.9,NA,28,51.76,19.62,"330",20322,"8842020101",NA,NA,0,0,NA,NA,NA,0,0,NA
"1349","2021-09-05T01:50:00Z","20210201018","2021","0201","018","551209","Pacific Herring","Clupea pallasi","A1+",NA,287.1,18260,"400601","04","Bering Sea",18,2021,NA,"S","Can Trawl 400 headrope, 601 sidewalls","2021-09-05T01:20:00Z",61.5,-167.98,"2021-09-05T01:50:00Z",61.5,-167.9,NA,28,51.76,19.62,"330",21110,"8747010201",NA,NA,0,0,NA,NA,NA,0,0,NA
"1350","2021-09-05T01:50:00Z","20210201018","2021","0201","018","622287","Arctic Lamprey","Lethenteron camtschaticum","U",NA,3,103,"400601","04","Bering Sea",18,2021,NA,"S","Can Trawl 400 headrope, 601 sidewalls","2021-09-05T01:20:00Z",61.5,-167.98,"2021-09-05T01:50:00Z",61.5,-167.9,NA,28,51.76,19.62,"330",NA,"8603010201",NA,NA,0,0,NA,NA,NA,0,0,NA
"1351","2021-09-05T17:33:00Z","20210201019","2021","0201","019","51669","Cyanea sp.","Cyanea sp.","U",NA,0,110,"400601","04","Bering Sea",19,2021,NA,"S","Can Trawl 400 headrope, 601 sidewalls","2021-09-05T17:01:00Z",61.5,-167.02,"2021-09-05T17:33:00Z",61.52,-167.06,NA,21,48.35,19.2,"330",40560,NA,NA,NA,0,0,NA,NA,NA,0,0,NA
"1352","2021-09-05T17:33:00Z","20210201019","2021","0201","019","157216","Purple Orange sea star","Asterias amurensis","U",NA,0,430,"400601","04","Bering Sea",19,2021,NA,"S","Can Trawl 400 headrope, 601 sidewalls","2021-09-05T17:01:00Z",61.5,-167.02,"2021-09-05T17:33:00Z",61.52,-167.06,NA,21,48.35,19.2,"330",NA,"81742",NA,NA,0,0,NA,NA,NA,0,0,NA
"1353","2021-09-05T17:33:00Z","20210201019","2021","0201","019","162041","Rainbow Smelt","Osmerus mordax dentex","U",NA,15,470,"400601","04","Bering Sea",19,2021,NA,"S","Can Trawl 400 headrope, 601 sidewalls","2021-09-05T17:01:00Z",61.5,-167.02,"2021-09-05T17:33:00Z",61.52,-167.06,NA,21,48.35,19.2,"330",23055,"8755030302",NA,NA,0,0,NA,NA,NA,0,0,NA
"1354","2021-09-05T17:33:00Z","20210201019","2021","0201","019","164708","Saffron Cod","Eleginus gracilis","A0",NA,1,12,"400601","04","Bering Sea",19,2021,NA,"S","Can Trawl 400 headrope, 601 sidewalls","2021-09-05T17:01:00Z",61.5,-167.02,"2021-09-05T17:33:00Z",61.52,-167.06,NA,21,48.35,19.2,"330",21735,"8791030301",NA,NA,0,0,NA,NA,NA,0,0,NA
"1355","2021-09-05T17:33:00Z","20210201019","2021","0201","019","166387","Nine-spine Stickleback","Pungitius pungitius","U",NA,3,2,"400601","04","Bering Sea",19,2021,NA,"S","Can Trawl 400 headrope, 601 sidewalls","2021-09-05T17:01:00Z",61.5,-167.02,"2021-09-05T17:33:00Z",61.52,-167.06,NA,21,48.35,19.2,"330",21753,"8818010201",NA,NA,0,0,NA,NA,NA,0,0,NA
"1356","2021-09-05T17:33:00Z","20210201019","2021","0201","019","172893","Starry Flounder","Platichthys stellatus","U",NA,2,360,"400601","04","Bering Sea",19,2021,NA,"S","Can Trawl 400 headrope, 601 sidewalls","2021-09-05T17:01:00Z",61.5,-167.02,"2021-09-05T17:33:00Z",61.52,-167.06,NA,21,48.35,19.2,"330",10220,"8857041401",NA,NA,0,0,NA,NA,NA,0,0,NA
"1357","2021-09-05T17:33:00Z","20210201019","2021","0201","019","551209","Pacific Herring","Clupea pallasi","A0",NA,8391.09,13186,"400601","04","Bering Sea",19,2021,NA,"S","Can Trawl 400 headrope, 601 sidewalls","2021-09-05T17:01:00Z",61.5,-167.02,"2021-09-05T17:33:00Z",61.52,-167.06,NA,21,48.35,19.2,"330",21110,"8747010201",NA,NA,0,0,NA,NA,NA,0,0,NA
"1358","2021-09-05T17:33:00Z","20210201019","2021","0201","019","551209","Pacific Herring","Clupea pallasi","A1+",NA,227.65,8560,"400601","04","Bering Sea",19,2021,NA,"S","Can Trawl 400 headrope, 601 sidewalls","2021-09-05T17:01:00Z",61.5,-167.02,"2021-09-05T17:33:00Z",61.52,-167.06,NA,21,48.35,19.2,"330",21110,"8747010201",NA,NA,0,0,NA,NA,NA,0,0,NA
"1359","2021-09-05T21:58:00Z","20210201020","2021","0201","020","50513","Staurophora mertensi","Staurophora mertensi","U",NA,0,124,"400601","03","Bering Sea",20,2021,NA,"S","Can Trawl 400 headrope, 601 sidewalls","2021-09-05T21:28:00Z",61.99,-167.04,"2021-09-05T21:58:00Z",61.99,-167.12,NA,29,52,18.86,"330",NA,"40562",NA,NA,0,0,NA,NA,NA,0,0,NA
"1360","2021-09-05T21:58:00Z","20210201020","2021","0201","020","51641","Northern Sea Nettle","Chrysaora melanaster","U",NA,0,560,"400601","03","Bering Sea",20,2021,NA,"S","Can Trawl 400 headrope, 601 sidewalls","2021-09-05T21:28:00Z",61.99,-167.04,"2021-09-05T21:58:00Z",61.99,-167.12,NA,29,52,18.86,"330",40504,NA,NA,NA,0,0,NA,NA,NA,0,0,NA
"1361","2021-09-05T21:58:00Z","20210201020","2021","0201","020","51669","Cyanea sp.","Cyanea sp.","U",NA,0,500,"400601","03","Bering Sea",20,2021,NA,"S","Can Trawl 400 headrope, 601 sidewalls","2021-09-05T21:28:00Z",61.99,-167.04,"2021-09-05T21:58:00Z",61.99,-167.12,NA,29,52,18.86,"330",40560,NA,NA,NA,0,0,NA,NA,NA,0,0,NA
"1362","2021-09-05T21:58:00Z","20210201020","2021","0201","020","51700","Aurelia sp.","Aurelia sp.","U",NA,0,50,"400601","03","Bering Sea",20,2021,NA,"S","Can Trawl 400 headrope, 601 sidewalls","2021-09-05T21:28:00Z",61.99,-167.04,"2021-09-05T21:58:00Z",61.99,-167.12,NA,29,52,18.86,"330",40511,NA,NA,NA,0,0,NA,NA,NA,0,0,NA
"1363","2021-09-05T21:58:00Z","20210201020","2021","0201","020","161976","Chum Salmon","Oncorhynchus keta","J",NA,31,1240,"400601","03","Bering Sea",20,2021,NA,"S","Can Trawl 400 headrope, 601 sidewalls","2021-09-05T21:28:00Z",61.99,-167.04,"2021-09-05T21:58:00Z",61.99,-167.12,NA,29,52,18.86,"330",23235,"8755010202",NA,NA,0,0,NA,NA,NA,0,0,NA
"1364","2021-09-05T21:58:00Z","20210201020","2021","0201","020","161977","Coho Salmon","Oncorhynchus kisutch","J",NA,32,4890,"400601","03","Bering Sea",20,2021,NA,"S","Can Trawl 400 headrope, 601 sidewalls","2021-09-05T21:28:00Z",61.99,-167.04,"2021-09-05T21:58:00Z",61.99,-167.12,NA,29,52,18.86,"330",23225,"8755010203",NA,NA,0,0,NA,NA,NA,0,0,NA
"1365","2021-09-05T21:58:00Z","20210201020","2021","0201","020","161980","Chinook Salmon","Oncorhynchus tshawytscha","J",NA,5,440,"400601","03","Bering Sea",20,2021,NA,"S","Can Trawl 400 headrope, 601 sidewalls","2021-09-05T21:28:00Z",61.99,-167.04,"2021-09-05T21:58:00Z",61.99,-167.12,NA,29,52,18.86,"330",23220,"8755010206",NA,NA,0,0,NA,NA,NA,0,0,NA
"1366","2021-09-05T21:58:00Z","20210201020","2021","0201","020","166387","Nine-spine Stickleback","Pungitius pungitius","U",NA,101.66,61,"400601","03","Bering Sea",20,2021,NA,"S","Can Trawl 400 headrope, 601 sidewalls","2021-09-05T21:28:00Z",61.99,-167.04,"2021-09-05T21:58:00Z",61.99,-167.12,NA,29,52,18.86,"330",21753,"8818010201",NA,NA,0,0,NA,NA,NA,0,0,NA
"1367","2021-09-05T21:58:00Z","20210201020","2021","0201","020","167220","Crested Sculpin","Blepsias bilobus","U",NA,1,8,"400601","03","Bering Sea",20,2021,NA,"S","Can Trawl 400 headrope, 601 sidewalls","2021-09-05T21:28:00Z",61.99,-167.04,"2021-09-05T21:58:00Z",61.99,-167.12,NA,29,52,18.86,"330",21397,"8831020601",NA,NA,0,0,NA,NA,NA,0,0,NA
"1368","2021-09-05T21:58:00Z","20210201020","2021","0201","020","167312","Plain Sculpin","Myoxocephalus jaok","U",NA,1,567,"400601","03","Bering Sea",20,2021,NA,"S","Can Trawl 400 headrope, 601 sidewalls","2021-09-05T21:28:00Z",61.99,-167.04,"2021-09-05T21:58:00Z",61.99,-167.12,NA,29,52,18.86,"330",21371,"8831022201",NA,NA,0,0,NA,NA,NA,0,0,NA
"1369","2021-09-05T21:58:00Z","20210201020","2021","0201","020","622287","Arctic Lamprey","Lethenteron camtschaticum","U",NA,5,295,"400601","03","Bering Sea",20,2021,NA,"S","Can Trawl 400 headrope, 601 sidewalls","2021-09-05T21:28:00Z",61.99,-167.04,"2021-09-05T21:58:00Z",61.99,-167.12,NA,29,52,18.86,"330",NA,"8603010201",NA,NA,0,0,NA,NA,NA,0,0,NA
"1370","2021-09-06T02:09:00Z","20210201021","2021","0201","021","51641","Northern Sea Nettle","Chrysaora melanaster","U",NA,0,3390,"400601","04","Bering Sea",21,2021,NA,"S","Can Trawl 400 headrope, 601 sidewalls","2021-09-06T01:38:00Z",61.99,-168.05,"2021-09-06T02:09:00Z",62,-168.12,NA,27,50.02,20.39,"330",40504,NA,NA,NA,0,0,NA,NA,NA,0,0,NA
"1371","2021-09-06T02:09:00Z","20210201021","2021","0201","021","51669","Cyanea sp.","Cyanea sp.","U",NA,0,80,"400601","04","Bering Sea",21,2021,NA,"S","Can Trawl 400 headrope, 601 sidewalls","2021-09-06T01:38:00Z",61.99,-168.05,"2021-09-06T02:09:00Z",62,-168.12,NA,27,50.02,20.39,"330",40560,NA,NA,NA,0,0,NA,NA,NA,0,0,NA
"1372","2021-09-06T02:09:00Z","20210201021","2021","0201","021","159910","Salmon Shark","Lamna ditropis","U",NA,1,999000,"400601","04","Bering Sea",21,2021,NA,"S","Can Trawl 400 headrope, 601 sidewalls","2021-09-06T01:38:00Z",61.99,-168.05,"2021-09-06T02:09:00Z",62,-168.12,NA,27,50.02,20.39,"330",232,"8707040301",NA,NA,0,0,NA,NA,NA,0,0,NA
"1373","2021-09-06T02:09:00Z","20210201021","2021","0201","021","622287","Arctic Lamprey","Lethenteron camtschaticum","U",NA,1,53,"400601","04","Bering Sea",21,2021,NA,"S","Can Trawl 400 headrope, 601 sidewalls","2021-09-06T01:38:00Z",61.99,-168.05,"2021-09-06T02:09:00Z",62,-168.12,NA,27,50.02,20.39,"330",NA,"8603010201",NA,NA,0,0,NA,NA,NA,0,0,NA
"1374","2021-09-06T02:09:00Z","20210201021","2021","0201","021","934083","Pollock","Gadus chalcogrammus","A1+",NA,1,30,"400601","04","Bering Sea",21,2021,NA,"S","Can Trawl 400 headrope, 601 sidewalls","2021-09-06T01:38:00Z",61.99,-168.05,"2021-09-06T02:09:00Z",62,-168.12,NA,27,50.02,20.39,"330",21740,"8791030701",NA,NA,0,0,NA,NA,NA,0,0,NA
"1375","2021-09-06T17:22:00Z","20210201022","2021","0201","022","51641","Northern Sea Nettle","Chrysaora melanaster","U",NA,0,6400,"400601","04","Bering Sea",22,2021,NA,"S","Can Trawl 400 headrope, 601 sidewalls","2021-09-06T16:52:00Z",61.99,-169.02,"2021-09-06T17:22:00Z",61.98,-169.08,NA,37,48.92,21.47,"330",40504,NA,NA,NA,0,0,NA,NA,NA,0,0,NA
"1376","2021-09-06T17:22:00Z","20210201022","2021","0201","022","161979","Sockeye Salmon","Oncorhynchus nerka","IM",NA,1,730,"400601","04","Bering Sea",22,2021,NA,"S","Can Trawl 400 headrope, 601 sidewalls","2021-09-06T16:52:00Z",61.99,-169.02,"2021-09-06T17:22:00Z",61.98,-169.08,NA,37,48.92,21.47,"330",23240,"8755010205",NA,NA,0,0,NA,NA,NA,0,0,NA
"1377","2021-09-06T17:22:00Z","20210201022","2021","0201","022","161980","Chinook Salmon","Oncorhynchus tshawytscha","IM",NA,3,6550,"400601","04","Bering Sea",22,2021,NA,"S","Can Trawl 400 headrope, 601 sidewalls","2021-09-06T16:52:00Z",61.99,-169.02,"2021-09-06T17:22:00Z",61.98,-169.08,NA,37,48.92,21.47,"330",23220,"8755010206",NA,NA,0,0,NA,NA,NA,0,0,NA
"1378","2021-09-06T17:22:00Z","20210201022","2021","0201","022","162035","Capelin","Mallotus villosus","U",NA,1,12,"400601","04","Bering Sea",22,2021,NA,"S","Can Trawl 400 headrope, 601 sidewalls","2021-09-06T16:52:00Z",61.99,-169.02,"2021-09-06T17:22:00Z",61.98,-169.08,NA,37,48.92,21.47,"330",23041,"8755030201",NA,NA,0,0,NA,NA,NA,0,0,NA
"1379","2021-09-06T17:22:00Z","20210201022","2021","0201","022","166387","Nine-spine Stickleback","Pungitius pungitius","A0",NA,3.07,6.2,"400601","04","Bering Sea",22,2021,NA,"S","Can Trawl 400 headrope, 601 sidewalls","2021-09-06T16:52:00Z",61.99,-169.02,"2021-09-06T17:22:00Z",61.98,-169.08,NA,37,48.92,21.47,"330",21753,"8818010201",NA,NA,0,0,NA,NA,NA,0,0,NA
"1380","2021-09-06T17:22:00Z","20210201022","2021","0201","022","551209","Pacific Herring","Clupea pallasi","A1+",NA,1,104,"400601","04","Bering Sea",22,2021,NA,"S","Can Trawl 400 headrope, 601 sidewalls","2021-09-06T16:52:00Z",61.99,-169.02,"2021-09-06T17:22:00Z",61.98,-169.08,NA,37,48.92,21.47,"330",21110,"8747010201",NA,NA,0,0,NA,NA,NA,0,0,NA
"1381","2021-09-06T17:22:00Z","20210201022","2021","0201","022","934083","Pollock","Gadus chalcogrammus","A0",NA,437.12,517.4,"400601","04","Bering Sea",22,2021,NA,"S","Can Trawl 400 headrope, 601 sidewalls","2021-09-06T16:52:00Z",61.99,-169.02,"2021-09-06T17:22:00Z",61.98,-169.08,NA,37,48.92,21.47,"330",21740,"8791030701",NA,NA,0,0,NA,NA,NA,0,0,NA
"1382","2021-09-06T17:22:00Z","20210201022","2021","0201","022","934083","Pollock","Gadus chalcogrammus","A1+",NA,4094.7,146970.5,"400601","04","Bering Sea",22,2021,NA,"S","Can Trawl 400 headrope, 601 sidewalls","2021-09-06T16:52:00Z",61.99,-169.02,"2021-09-06T17:22:00Z",61.98,-169.08,NA,37,48.92,21.47,"330",21740,"8791030701",NA,NA,0,0,NA,NA,NA,0,0,NA
"1383","2021-09-06T22:01:00Z","20210201023","2021","0201","023","51641","Northern Sea Nettle","Chrysaora melanaster","U",NA,0,4050,"400601","05","Bering Sea",23,2021,NA,"S","Can Trawl 400 headrope, 601 sidewalls","2021-09-06T21:31:00Z",61.99,-170.02,"2021-09-06T22:01:00Z",61.97,-170.08,NA,44,50.02,22.94,"330",40504,NA,NA,NA,0,0,NA,NA,NA,0,0,NA
"1384","2023-09-02T02:19:00Z","20230201009","2023","0201","009","161977","Coho Salmon","Oncorhynchus kisutch","IM","TC",4,1320,"400601","05","Bering Sea",9,2023,"60.5-167","S","Can Trawl 400 headrope, 601 sidewalls","2023-09-02T01:49:00Z",60.5,-167,"2023-09-02T02:19:00Z",60.53,-166.99,NA,20,54.41,22.07,"300",23225,"8755010203",NA,NA,0,0,NA,NA,NA,0,0,NA
"1385","2023-09-02T02:19:00Z","20230201009","2023","0201","009","161980","Chinook Salmon","Oncorhynchus tshawytscha","J","TC",2,216,"400601","05","Bering Sea",9,2023,"60.5-167","S","Can Trawl 400 headrope, 601 sidewalls","2023-09-02T01:49:00Z",60.5,-167,"2023-09-02T02:19:00Z",60.53,-166.99,NA,20,54.41,22.07,"300",23220,"8755010206",NA,NA,0,0,NA,NA,NA,0,0,NA
"1386","2023-09-02T02:19:00Z","20230201009","2023","0201","009","164708","Saffron Cod","Eleginus gracilis","A0","TC",1,3,"400601","05","Bering Sea",9,2023,"60.5-167","S","Can Trawl 400 headrope, 601 sidewalls","2023-09-02T01:49:00Z",60.5,-167,"2023-09-02T02:19:00Z",60.53,-166.99,NA,20,54.41,22.07,"300",21735,"8791030301",NA,NA,0,0,NA,NA,NA,0,0,NA
"1387","2023-09-02T02:19:00Z","20230201009","2023","0201","009","170919","Pacific Sandfish","Trichodon trichodon","U","TC",1,70,"400601","05","Bering Sea",9,2023,"60.5-167","S","Can Trawl 400 headrope, 601 sidewalls","2023-09-02T01:49:00Z",60.5,-167,"2023-09-02T02:19:00Z",60.53,-166.99,NA,20,54.41,22.07,"300",21592,"8840010201",NA,NA,0,0,NA,NA,NA,0,0,NA
"1388","2023-09-02T02:19:00Z","20230201009","2023","0201","009","171672","Arctic Sand Lance","Ammodytes hexapterus","U","TC",1,9,"400601","05","Bering Sea",9,2023,"60.5-167","S","Can Trawl 400 headrope, 601 sidewalls","2023-09-02T01:49:00Z",60.5,-167,"2023-09-02T02:19:00Z",60.53,-166.99,NA,20,54.41,22.07,"300",20203,"8845010101",NA,NA,0,0,NA,NA,NA,0,0,NA
"1389","2023-09-02T02:19:00Z","20230201009","2023","0201","009","551209","Pacific Herring","Clupea pallasi","A1+","TC",424,9557,"400601","05","Bering Sea",9,2023,"60.5-167","S","Can Trawl 400 headrope, 601 sidewalls","2023-09-02T01:49:00Z",60.5,-167,"2023-09-02T02:19:00Z",60.53,-166.99,NA,20,54.41,22.07,"300",21110,"8747010201",NA,NA,0,0,NA,NA,NA,0,0,NA
"1390","2023-09-02T02:19:00Z","20230201009","2023","0201","009","934083","Pollock","Gadus chalcogrammus","A0","TC",350.73,595,"400601","05","Bering Sea",9,2023,"60.5-167","S","Can Trawl 400 headrope, 601 sidewalls","2023-09-02T01:49:00Z",60.5,-167,"2023-09-02T02:19:00Z",60.53,-166.99,NA,20,54.41,22.07,"300",21740,"8791030701",NA,NA,0,0,NA,NA,NA,0,0,NA
"1391","2023-09-02T17:29:00Z","20230201010","2023","0201","010","51669","Cyanea sp.","Cyanea sp.","U","TC",0,1320,"400601","05","Bering Sea",10,2023,"61-167","S","Can Trawl 400 headrope, 601 sidewalls","2023-09-02T16:59:00Z",60.99,-167,"2023-09-02T17:29:00Z",61,-167.06,NA,16,49.96,19.7,"225",40560,NA,NA,NA,0,0,NA,NA,NA,0,0,NA
"1392","2023-09-02T17:29:00Z","20230201010","2023","0201","010","161975","Pink Salmon","Oncorhynchus gorbuscha","J","TC",23,542,"400601","05","Bering Sea",10,2023,"61-167","S","Can Trawl 400 headrope, 601 sidewalls","2023-09-02T16:59:00Z",60.99,-167,"2023-09-02T17:29:00Z",61,-167.06,NA,16,49.96,19.7,"225",23230,"8755010201",NA,NA,0,0,NA,NA,NA,0,0,NA
"1393","2023-09-02T17:29:00Z","20230201010","2023","0201","010","161976","Chum Salmon","Oncorhynchus keta","J","TC",39,2049,"400601","05","Bering Sea",10,2023,"61-167","S","Can Trawl 400 headrope, 601 sidewalls","2023-09-02T16:59:00Z",60.99,-167,"2023-09-02T17:29:00Z",61,-167.06,NA,16,49.96,19.7,"225",23235,"8755010202",NA,NA,0,0,NA,NA,NA,0,0,NA
"1394","2023-09-02T17:29:00Z","20230201010","2023","0201","010","161977","Coho Salmon","Oncorhynchus kisutch","J","TC",1,280,"400601","05","Bering Sea",10,2023,"61-167","S","Can Trawl 400 headrope, 601 sidewalls","2023-09-02T16:59:00Z",60.99,-167,"2023-09-02T17:29:00Z",61,-167.06,NA,16,49.96,19.7,"225",23225,"8755010203",NA,NA,0,0,NA,NA,NA,0,0,NA
"1395","2023-09-02T17:29:00Z","20230201010","2023","0201","010","161980","Chinook Salmon","Oncorhynchus tshawytscha","IM","TC",1,520,"400601","05","Bering Sea",10,2023,"61-167","S","Can Trawl 400 headrope, 601 sidewalls","2023-09-02T16:59:00Z",60.99,-167,"2023-09-02T17:29:00Z",61,-167.06,NA,16,49.96,19.7,"225",23220,"8755010206",NA,NA,0,0,NA,NA,NA,0,0,NA
"1396","2023-09-02T17:29:00Z","20230201010","2023","0201","010","161980","Chinook Salmon","Oncorhynchus tshawytscha","J","TC",9,1037,"400601","05","Bering Sea",10,2023,"61-167","S","Can Trawl 400 headrope, 601 sidewalls","2023-09-02T16:59:00Z",60.99,-167,"2023-09-02T17:29:00Z",61,-167.06,NA,16,49.96,19.7,"225",23220,"8755010206",NA,NA,0,0,NA,NA,NA,0,0,NA
"1397","2023-09-02T17:29:00Z","20230201010","2023","0201","010","162041","Rainbow Smelt","Osmerus mordax dentex","U","TC",19,782,"400601","05","Bering Sea",10,2023,"61-167","S","Can Trawl 400 headrope, 601 sidewalls","2023-09-02T16:59:00Z",60.99,-167,"2023-09-02T17:29:00Z",61,-167.06,NA,16,49.96,19.7,"225",23055,"8755030302",NA,NA,0,0,NA,NA,NA,0,0,NA
"1398","2023-09-02T17:29:00Z","20230201010","2023","0201","010","164708","Saffron Cod","Eleginus gracilis","A0","TC",145.75,880,"400601","05","Bering Sea",10,2023,"61-167","S","Can Trawl 400 headrope, 601 sidewalls","2023-09-02T16:59:00Z",60.99,-167,"2023-09-02T17:29:00Z",61,-167.06,NA,16,49.96,19.7,"225",21735,"8791030301",NA,NA,0,0,NA,NA,NA,0,0,NA
"1399","2022-09-03T23:42:00Z","20220202006","2022","0202","006","161976","Chum Salmon","Oncorhynchus keta","J",NA,35,2162,"400601","03",NA,6,2022,NA,"S","Can Trawl 400 headrope, 601 sidewalls","2022-09-03T23:12:00Z",60.5,-167.97,"2022-09-03T23:42:00Z",60.51,-167.89,NA,30,50.21,20.98,"330",23235,"8755010202",NA,NA,0,0,NA,NA,NA,0,0,NA
"1400","2022-09-03T23:42:00Z","20220202006","2022","0202","006","162035","Capelin","Mallotus villosus","U",NA,115.42,416,"400601","03",NA,6,2022,NA,"S","Can Trawl 400 headrope, 601 sidewalls","2022-09-03T23:12:00Z",60.5,-167.97,"2022-09-03T23:42:00Z",60.51,-167.89,NA,30,50.21,20.98,"330",23041,"8755030201",NA,NA,0,0,NA,NA,NA,0,0,NA
"1401","2022-09-03T23:42:00Z","20220202006","2022","0202","006","166365","Threespine stickleback","Gasterosteus aculeatus","U",NA,2,8,"400601","03",NA,6,2022,NA,"S","Can Trawl 400 headrope, 601 sidewalls","2022-09-03T23:12:00Z",60.5,-167.97,"2022-09-03T23:42:00Z",60.51,-167.89,NA,30,50.21,20.98,"330",21752,"8818010101",NA,NA,0,0,NA,NA,NA,0,0,NA
"1402","2022-09-03T23:42:00Z","20220202006","2022","0202","006","171672","Arctic Sand Lance","Ammodytes hexapterus","A0",NA,1,2,"400601","03",NA,6,2022,NA,"S","Can Trawl 400 headrope, 601 sidewalls","2022-09-03T23:12:00Z",60.5,-167.97,"2022-09-03T23:42:00Z",60.51,-167.89,NA,30,50.21,20.98,"330",20203,"8845010101",NA,NA,0,0,NA,NA,NA,0,0,NA
"1403","2022-09-03T23:42:00Z","20220202006","2022","0202","006","172893","Starry Flounder","Platichthys stellatus","U",NA,1,650,"400601","03",NA,6,2022,NA,"S","Can Trawl 400 headrope, 601 sidewalls","2022-09-03T23:12:00Z",60.5,-167.97,"2022-09-03T23:42:00Z",60.51,-167.89,NA,30,50.21,20.98,"330",10220,"8857041401",NA,NA,0,0,NA,NA,NA,0,0,NA
"1404","2022-09-03T23:42:00Z","20220202006","2022","0202","006","172911","Longhead Dab","Limanda proboscidea","L",NA,2,1,"400601","03",NA,6,2022,NA,"S","Can Trawl 400 headrope, 601 sidewalls","2022-09-03T23:12:00Z",60.5,-167.97,"2022-09-03T23:42:00Z",60.51,-167.89,NA,30,50.21,20.98,"330",10211,"8857041507",NA,NA,0,0,NA,NA,NA,0,0,NA
"1405","2022-09-03T23:42:00Z","20220202006","2022","0202","006","172930","Greenland Halibut","Reinhardtius hippoglossoides","L",NA,2,2,"400601","03",NA,6,2022,NA,"S","Can Trawl 400 headrope, 601 sidewalls","2022-09-03T23:12:00Z",60.5,-167.97,"2022-09-03T23:42:00Z",60.51,-167.89,NA,30,50.21,20.98,"330",10115,"8857041801",NA,NA,0,0,NA,NA,NA,0,0,NA
"1406","2022-09-03T23:42:00Z","20220202006","2022","0202","006","551209","Pacific Herring","Clupea pallasi","A0",NA,5089.53,3851.5,"400601","03",NA,6,2022,NA,"S","Can Trawl 400 headrope, 601 sidewalls","2022-09-03T23:12:00Z",60.5,-167.97,"2022-09-03T23:42:00Z",60.51,-167.89,NA,30,50.21,20.98,"330",21110,"8747010201",NA,NA,0,0,NA,NA,NA,0,0,NA
"1407","2022-09-03T23:42:00Z","20220202006","2022","0202","006","551209","Pacific Herring","Clupea pallasi","A1+",NA,529.02,7547.5,"400601","03",NA,6,2022,NA,"S","Can Trawl 400 headrope, 601 sidewalls","2022-09-03T23:12:00Z",60.5,-167.97,"2022-09-03T23:42:00Z",60.51,-167.89,NA,30,50.21,20.98,"330",21110,"8747010201",NA,NA,0,0,NA,NA,NA,0,0,NA
"1408","2022-09-03T23:42:00Z","20220202006","2022","0202","006","622287","Arctic Lamprey","Lethenteron camtschaticum","U",NA,1,56,"400601","03",NA,6,2022,NA,"S","Can Trawl 400 headrope, 601 sidewalls","2022-09-03T23:12:00Z",60.5,-167.97,"2022-09-03T23:42:00Z",60.51,-167.89,NA,30,50.21,20.98,"330",NA,"8603010201",NA,NA,0,0,NA,NA,NA,0,0,NA
"1409","2022-09-03T23:42:00Z","20220202006","2022","0202","006","934083","Pollock","Gadus chalcogrammus","A0",NA,19,43,"400601","03",NA,6,2022,NA,"S","Can Trawl 400 headrope, 601 sidewalls","2022-09-03T23:12:00Z",60.5,-167.97,"2022-09-03T23:42:00Z",60.51,-167.89,NA,30,50.21,20.98,"330",21740,"8791030701",NA,NA,0,0,NA,NA,NA,0,0,NA
"1410","2022-09-04T03:59:00Z","20220202007","2022","0202","007","51671","Cyanea capillata","Cyanea capillata","U",NA,0,2350,"400601","03",NA,7,2022,NA,"S","Can Trawl 400 headrope, 601 sidewalls","2022-09-04T03:28:00Z",60.51,-167.05,"2022-09-04T03:59:00Z",60.54,-167.11,NA,31,49.94,24.23,"330",40561,NA,NA,NA,0,0,NA,NA,NA,0,0,NA
"1411","2022-09-04T03:59:00Z","20220202007","2022","0202","007","97110","Sevenspine bay shrimp","Crangon septemspinosa","U",NA,0,3,"400601","03",NA,7,2022,NA,"S","Can Trawl 400 headrope, 601 sidewalls","2022-09-04T03:28:00Z",60.51,-167.05,"2022-09-04T03:59:00Z",60.54,-167.11,NA,31,49.94,24.23,"330",NA,"66548",NA,NA,0,0,NA,NA,NA,0,0,NA
"1412","2022-09-04T03:59:00Z","20220202007","2022","0202","007","97113","Ridged crangon","Crangon dalli","U",NA,0,4,"400601","03",NA,7,2022,NA,"S","Can Trawl 400 headrope, 601 sidewalls","2022-09-04T03:28:00Z",60.51,-167.05,"2022-09-04T03:59:00Z",60.54,-167.11,NA,31,49.94,24.23,"330",66530,NA,NA,NA,0,0,NA,NA,NA,0,0,NA
"1413","2022-09-04T03:59:00Z","20220202007","2022","0202","007","161975","Pink Salmon","Oncorhynchus gorbuscha","J",NA,30,1512,"400601","03",NA,7,2022,NA,"S","Can Trawl 400 headrope, 601 sidewalls","2022-09-04T03:28:00Z",60.51,-167.05,"2022-09-04T03:59:00Z",60.54,-167.11,NA,31,49.94,24.23,"330",23230,"8755010201",NA,NA,0,0,NA,NA,NA,0,0,NA
"1414","2022-09-04T03:59:00Z","20220202007","2022","0202","007","161976","Chum Salmon","Oncorhynchus keta","J",NA,70.3,4009,"400601","03",NA,7,2022,NA,"S","Can Trawl 400 headrope, 601 sidewalls","2022-09-04T03:28:00Z",60.51,-167.05,"2022-09-04T03:59:00Z",60.54,-167.11,NA,31,49.94,24.23,"330",23235,"8755010202",NA,NA,0,0,NA,NA,NA,0,0,NA
"1415","2022-09-04T03:59:00Z","20220202007","2022","0202","007","161977","Coho Salmon","Oncorhynchus kisutch","J",NA,3,984,"400601","03",NA,7,2022,NA,"S","Can Trawl 400 headrope, 601 sidewalls","2022-09-04T03:28:00Z",60.51,-167.05,"2022-09-04T03:59:00Z",60.54,-167.11,NA,31,49.94,24.23,"330",23225,"8755010203",NA,NA,0,0,NA,NA,NA,0,0,NA
"1416","2022-09-04T03:59:00Z","20220202007","2022","0202","007","161980","Chinook Salmon","Oncorhynchus tshawytscha","J",NA,5,574,"400601","03",NA,7,2022,NA,"S","Can Trawl 400 headrope, 601 sidewalls","2022-09-04T03:28:00Z",60.51,-167.05,"2022-09-04T03:59:00Z",60.54,-167.11,NA,31,49.94,24.23,"330",23220,"8755010206",NA,NA,0,0,NA,NA,NA,0,0,NA
"1417","2022-09-04T03:59:00Z","20220202007","2022","0202","007","162035","Capelin","Mallotus villosus","U",NA,1,4,"400601","03",NA,7,2022,NA,"S","Can Trawl 400 headrope, 601 sidewalls","2022-09-04T03:28:00Z",60.51,-167.05,"2022-09-04T03:59:00Z",60.54,-167.11,NA,31,49.94,24.23,"330",23041,"8755030201",NA,NA,0,0,NA,NA,NA,0,0,NA
"1418","2022-09-04T03:59:00Z","20220202007","2022","0202","007","162041","Rainbow Smelt","Osmerus mordax dentex","U",NA,2,69,"400601","03",NA,7,2022,NA,"S","Can Trawl 400 headrope, 601 sidewalls","2022-09-04T03:28:00Z",60.51,-167.05,"2022-09-04T03:59:00Z",60.54,-167.11,NA,31,49.94,24.23,"330",23055,"8755030302",NA,NA,0,0,NA,NA,NA,0,0,NA
"1419","2022-09-04T03:59:00Z","20220202007","2022","0202","007","164708","Saffron Cod","Eleginus gracilis","A1+",NA,1,95,"400601","03",NA,7,2022,NA,"S","Can Trawl 400 headrope, 601 sidewalls","2022-09-04T03:28:00Z",60.51,-167.05,"2022-09-04T03:59:00Z",60.54,-167.11,NA,31,49.94,24.23,"330",21735,"8791030301",NA,NA,0,0,NA,NA,NA,0,0,NA
"1420","2022-09-04T03:59:00Z","20220202007","2022","0202","007","166365","Threespine stickleback","Gasterosteus aculeatus","U",NA,1,4,"400601","03",NA,7,2022,NA,"S","Can Trawl 400 headrope, 601 sidewalls","2022-09-04T03:28:00Z",60.51,-167.05,"2022-09-04T03:59:00Z",60.54,-167.11,NA,31,49.94,24.23,"330",21752,"8818010101",NA,NA,0,0,NA,NA,NA,0,0,NA
"1421","2022-09-04T03:59:00Z","20220202007","2022","0202","007","551209","Pacific Herring","Clupea pallasi","A0",NA,10833.52,56551,"400601","03",NA,7,2022,NA,"S","Can Trawl 400 headrope, 601 sidewalls","2022-09-04T03:28:00Z",60.51,-167.05,"2022-09-04T03:59:00Z",60.54,-167.11,NA,31,49.94,24.23,"330",21110,"8747010201",NA,NA,0,0,NA,NA,NA,0,0,NA
"1422","2022-09-04T03:59:00Z","20220202007","2022","0202","007","551209","Pacific Herring","Clupea pallasi","A1+",NA,1,20,"400601","03",NA,7,2022,NA,"S","Can Trawl 400 headrope, 601 sidewalls","2022-09-04T03:28:00Z",60.51,-167.05,"2022-09-04T03:59:00Z",60.54,-167.11,NA,31,49.94,24.23,"330",21110,"8747010201",NA,NA,0,0,NA,NA,NA,0,0,NA
"1423","2022-09-04T03:59:00Z","20220202007","2022","0202","007","934083","Pollock","Gadus chalcogrammus","A0",NA,4,6,"400601","03",NA,7,2022,NA,"S","Can Trawl 400 headrope, 601 sidewalls","2022-09-04T03:28:00Z",60.51,-167.05,"2022-09-04T03:59:00Z",60.54,-167.11,NA,31,49.94,24.23,"330",21740,"8791030701",NA,NA,0,0,NA,NA,NA,0,0,NA
"1424","2022-09-04T17:21:00Z","20220202008","2022","0202","008","51671","Cyanea capillata","Cyanea capillata","U",NA,15,750,"400601","03",NA,8,2022,NA,"S","Can Trawl 400 headrope, 601 sidewalls","2022-09-04T16:50:00Z",61,-167.05,"2022-09-04T17:21:00Z",61,-167.14,NA,23,51.31,18.85,"330",40561,NA,NA,NA,0,0,NA,NA,NA,0,0,NA
"1425","2022-09-04T17:21:00Z","20220202008","2022","0202","008","97110","Sevenspine bay shrimp","Crangon septemspinosa","U",NA,35,35,"400601","03",NA,8,2022,NA,"S","Can Trawl 400 headrope, 601 sidewalls","2022-09-04T16:50:00Z",61,-167.05,"2022-09-04T17:21:00Z",61,-167.14,NA,23,51.31,18.85,"330",NA,"66548",NA,NA,0,0,NA,NA,NA,0,0,NA
"1426","2022-09-04T17:21:00Z","20220202008","2022","0202","008","161975","Pink Salmon","Oncorhynchus gorbuscha","J",NA,2,93,"400601","03",NA,8,2022,NA,"S","Can Trawl 400 headrope, 601 sidewalls","2022-09-04T16:50:00Z",61,-167.05,"2022-09-04T17:21:00Z",61,-167.14,NA,23,51.31,18.85,"330",23230,"8755010201",NA,NA,0,0,NA,NA,NA,0,0,NA
"1427","2022-09-04T17:21:00Z","20220202008","2022","0202","008","161976","Chum Salmon","Oncorhynchus keta","J",NA,77.28,5184,"400601","03",NA,8,2022,NA,"S","Can Trawl 400 headrope, 601 sidewalls","2022-09-04T16:50:00Z",61,-167.05,"2022-09-04T17:21:00Z",61,-167.14,NA,23,51.31,18.85,"330",23235,"8755010202",NA,NA,0,0,NA,NA,NA,0,0,NA
"1428","2022-09-04T17:21:00Z","20220202008","2022","0202","008","161977","Coho Salmon","Oncorhynchus kisutch","IM",NA,1,1050,"400601","03",NA,8,2022,NA,"S","Can Trawl 400 headrope, 601 sidewalls","2022-09-04T16:50:00Z",61,-167.05,"2022-09-04T17:21:00Z",61,-167.14,NA,23,51.31,18.85,"330",23225,"8755010203",NA,NA,0,0,NA,NA,NA,0,0,NA
"1429","2022-09-04T17:21:00Z","20220202008","2022","0202","008","161979","Sockeye Salmon","Oncorhynchus nerka","J",NA,1,91,"400601","03",NA,8,2022,NA,"S","Can Trawl 400 headrope, 601 sidewalls","2022-09-04T16:50:00Z",61,-167.05,"2022-09-04T17:21:00Z",61,-167.14,NA,23,51.31,18.85,"330",23240,"8755010205",NA,NA,0,0,NA,NA,NA,0,0,NA
"1430","2022-09-04T17:21:00Z","20220202008","2022","0202","008","161980","Chinook Salmon","Oncorhynchus tshawytscha","J",NA,1,141,"400601","03",NA,8,2022,NA,"S","Can Trawl 400 headrope, 601 sidewalls","2022-09-04T16:50:00Z",61,-167.05,"2022-09-04T17:21:00Z",61,-167.14,NA,23,51.31,18.85,"330",23220,"8755010206",NA,NA,0,0,NA,NA,NA,0,0,NA
"1431","2022-09-04T17:21:00Z","20220202008","2022","0202","008","162035","Capelin","Mallotus villosus","U",NA,4,25,"400601","03",NA,8,2022,NA,"S","Can Trawl 400 headrope, 601 sidewalls","2022-09-04T16:50:00Z",61,-167.05,"2022-09-04T17:21:00Z",61,-167.14,NA,23,51.31,18.85,"330",23041,"8755030201",NA,NA,0,0,NA,NA,NA,0,0,NA
"1432","2022-09-04T17:21:00Z","20220202008","2022","0202","008","162041","Rainbow Smelt","Osmerus mordax dentex","U",NA,11,368,"400601","03",NA,8,2022,NA,"S","Can Trawl 400 headrope, 601 sidewalls","2022-09-04T16:50:00Z",61,-167.05,"2022-09-04T17:21:00Z",61,-167.14,NA,23,51.31,18.85,"330",23055,"8755030302",NA,NA,0,0,NA,NA,NA,0,0,NA
"1433","2022-09-04T17:21:00Z","20220202008","2022","0202","008","164708","Saffron Cod","Eleginus gracilis","A1+",NA,1,110,"400601","03",NA,8,2022,NA,"S","Can Trawl 400 headrope, 601 sidewalls","2022-09-04T16:50:00Z",61,-167.05,"2022-09-04T17:21:00Z",61,-167.14,NA,23,51.31,18.85,"330",21735,"8791030301",NA,NA,0,0,NA,NA,NA,0,0,NA
"1434","2022-09-04T17:21:00Z","20220202008","2022","0202","008","171672","Arctic Sand Lance","Ammodytes hexapterus","A0",NA,1,1,"400601","03",NA,8,2022,NA,"S","Can Trawl 400 headrope, 601 sidewalls","2022-09-04T16:50:00Z",61,-167.05,"2022-09-04T17:21:00Z",61,-167.14,NA,23,51.31,18.85,"330",20203,"8845010101",NA,NA,0,0,NA,NA,NA,0,0,NA
"1435","2022-09-04T17:21:00Z","20220202008","2022","0202","008","551209","Pacific Herring","Clupea pallasi","A0",NA,7841.52,30405.91,"400601","03",NA,8,2022,NA,"S","Can Trawl 400 headrope, 601 sidewalls","2022-09-04T16:50:00Z",61,-167.05,"2022-09-04T17:21:00Z",61,-167.14,NA,23,51.31,18.85,"330",21110,"8747010201",NA,NA,0,0,NA,NA,NA,0,0,NA
"1436","2022-09-04T17:21:00Z","20220202008","2022","0202","008","551209","Pacific Herring","Clupea pallasi","A1+",NA,72.01,5601.08,"400601","03",NA,8,2022,NA,"S","Can Trawl 400 headrope, 601 sidewalls","2022-09-04T16:50:00Z",61,-167.05,"2022-09-04T17:21:00Z",61,-167.14,NA,23,51.31,18.85,"330",21110,"8747010201",NA,NA,0,0,NA,NA,NA,0,0,NA
"1437","2022-09-04T17:21:00Z","20220202008","2022","0202","008","934083","Pollock","Gadus chalcogrammus","A0",NA,4,4,"400601","03",NA,8,2022,NA,"S","Can Trawl 400 headrope, 601 sidewalls","2022-09-04T16:50:00Z",61,-167.05,"2022-09-04T17:21:00Z",61,-167.14,NA,23,51.31,18.85,"330",21740,"8791030701",NA,NA,0,0,NA,NA,NA,0,0,NA
"1438","2022-09-04T17:21:00Z","20220202008","2022","0202","008","934083","Pollock","Gadus chalcogrammus","A1+",NA,4,80,"400601","03",NA,8,2022,NA,"S","Can Trawl 400 headrope, 601 sidewalls","2022-09-04T16:50:00Z",61,-167.05,"2022-09-04T17:21:00Z",61,-167.14,NA,23,51.31,18.85,"330",21740,"8791030701",NA,NA,0,0,NA,NA,NA,0,0,NA
"1439","2022-09-04T21:35:00Z","20220202009","2022","0202","009","172893","Starry Flounder","Platichthys stellatus","U",NA,7,2920,"400601","03",NA,9,2022,NA,"S","Can Trawl 400 headrope, 601 sidewalls","2022-09-04T21:04:00Z",60.99,-167.98,"2022-09-04T21:35:00Z",61,-168.05,NA,29,50.61,18.62,"330",10220,"8857041401",NA,NA,0,0,NA,NA,NA,0,0,NA
"1440","2022-09-04T21:35:00Z","20220202009","2022","0202","009","172907","Yellowfin Sole","Limanda aspera","U",NA,4,1210,"400601","03",NA,9,2022,NA,"S","Can Trawl 400 headrope, 601 sidewalls","2022-09-04T21:04:00Z",60.99,-167.98,"2022-09-04T21:35:00Z",61,-168.05,NA,29,50.61,18.62,"330",10210,"8857041505",NA,NA,0,0,NA,NA,NA,0,0,NA
"1441","2022-09-04T21:35:00Z","20220202009","2022","0202","009","551209","Pacific Herring","Clupea pallasi","A0",NA,7544.23,3923,"400601","03",NA,9,2022,NA,"S","Can Trawl 400 headrope, 601 sidewalls","2022-09-04T21:04:00Z",60.99,-167.98,"2022-09-04T21:35:00Z",61,-168.05,NA,29,50.61,18.62,"330",21110,"8747010201",NA,NA,0,0,NA,NA,NA,0,0,NA
"1442","2022-09-05T02:29:00Z","20220202010","2022","0202","010","51641","Northern Sea Nettle","Chrysaora melanaster","U",NA,1,1130,"400601","03",NA,10,2022,NA,"S","Can Trawl 400 headrope, 601 sidewalls","2022-09-05T01:59:00Z",60.99,-168.99,"2022-09-05T02:29:00Z",60.97,-169.03,NA,38,50.74,22.72,"330",40504,NA,NA,NA,0,0,NA,NA,NA,0,0,NA
"1443","2022-09-05T02:29:00Z","20220202010","2022","0202","010","162035","Capelin","Mallotus villosus","U",NA,378.57,1590,"400601","03",NA,10,2022,NA,"S","Can Trawl 400 headrope, 601 sidewalls","2022-09-05T01:59:00Z",60.99,-168.99,"2022-09-05T02:29:00Z",60.97,-169.03,NA,38,50.74,22.72,"330",23041,"8755030201",NA,NA,0,0,NA,NA,NA,0,0,NA
"1444","2022-09-05T02:29:00Z","20220202010","2022","0202","010","171337","Bering Wolffish","Anarhichas orientalis","U",NA,1,73,"400601","03",NA,10,2022,NA,"S","Can Trawl 400 headrope, 601 sidewalls","2022-09-05T01:59:00Z",60.99,-168.99,"2022-09-05T02:29:00Z",60.97,-169.03,NA,38,50.74,22.72,"330",20322,"8842020101",NA,NA,0,0,NA,NA,NA,0,0,NA
"1445","2022-09-05T02:29:00Z","20220202010","2022","0202","010","172901","Alaska Plaice","Pleuronectes quadrituberculatus","U",NA,1,230,"400601","03",NA,10,2022,NA,"S","Can Trawl 400 headrope, 601 sidewalls","2022-09-05T01:59:00Z",60.99,-168.99,"2022-09-05T02:29:00Z",60.97,-169.03,NA,38,50.74,22.72,"330",10285,"8857041501",NA,NA,0,0,NA,NA,NA,0,0,NA
"1446","2022-09-05T02:29:00Z","20220202010","2022","0202","010","172907","Yellowfin Sole","Limanda aspera","U",NA,2,730,"400601","03",NA,10,2022,NA,"S","Can Trawl 400 headrope, 601 sidewalls","2022-09-05T01:59:00Z",60.99,-168.99,"2022-09-05T02:29:00Z",60.97,-169.03,NA,38,50.74,22.72,"330",10210,"8857041505",NA,NA,0,0,NA,NA,NA,0,0,NA
"1447","2022-09-05T02:29:00Z","20220202010","2022","0202","010","172911","Longhead Dab","Limanda proboscidea","L",NA,9,4,"400601","03",NA,10,2022,NA,"S","Can Trawl 400 headrope, 601 sidewalls","2022-09-05T01:59:00Z",60.99,-168.99,"2022-09-05T02:29:00Z",60.97,-169.03,NA,38,50.74,22.72,"330",10211,"8857041507",NA,NA,0,0,NA,NA,NA,0,0,NA
"1448","2022-09-05T02:29:00Z","20220202010","2022","0202","010","172930","Greenland Halibut","Reinhardtius hippoglossoides","L",NA,1,1,"400601","03",NA,10,2022,NA,"S","Can Trawl 400 headrope, 601 sidewalls","2022-09-05T01:59:00Z",60.99,-168.99,"2022-09-05T02:29:00Z",60.97,-169.03,NA,38,50.74,22.72,"330",10115,"8857041801",NA,NA,0,0,NA,NA,NA,0,0,NA
"1449","2022-09-05T02:29:00Z","20220202010","2022","0202","010","551209","Pacific Herring","Clupea pallasi","A1+",NA,46,1104,"400601","03",NA,10,2022,NA,"S","Can Trawl 400 headrope, 601 sidewalls","2022-09-05T01:59:00Z",60.99,-168.99,"2022-09-05T02:29:00Z",60.97,-169.03,NA,38,50.74,22.72,"330",21110,"8747010201",NA,NA,0,0,NA,NA,NA,0,0,NA
"1450","2022-09-05T02:29:00Z","20220202010","2022","0202","010","934083","Pollock","Gadus chalcogrammus","A0",NA,1813,1110,"400601","03",NA,10,2022,NA,"S","Can Trawl 400 headrope, 601 sidewalls","2022-09-05T01:59:00Z",60.99,-168.99,"2022-09-05T02:29:00Z",60.97,-169.03,NA,38,50.74,22.72,"330",21740,"8791030701",NA,NA,0,0,NA,NA,NA,0,0,NA
"1451","2022-09-05T02:29:00Z","20220202010","2022","0202","010","934083","Pollock","Gadus chalcogrammus","A1+",NA,2,1740,"400601","03",NA,10,2022,NA,"S","Can Trawl 400 headrope, 601 sidewalls","2022-09-05T01:59:00Z",60.99,-168.99,"2022-09-05T02:29:00Z",60.97,-169.03,NA,38,50.74,22.72,"330",21740,"8791030701",NA,NA,0,0,NA,NA,NA,0,0,NA
"1452","2022-09-05T17:32:00Z","20220202011","2022","0202","011","51641","Northern Sea Nettle","Chrysaora melanaster","U",NA,8,4380,"400601","03",NA,11,2022,NA,"S","Can Trawl 400 headrope, 601 sidewalls","2022-09-05T17:02:00Z",61,-169.99,"2022-09-05T17:32:00Z",61.03,-169.98,NA,47,51.08,22.21,"330",40504,NA,NA,NA,0,0,NA,NA,NA,0,0,NA
"1453","2022-09-05T17:32:00Z","20220202011","2022","0202","011","161976","Chum Salmon","Oncorhynchus keta","IM",NA,3,16300,"400601","03",NA,11,2022,NA,"S","Can Trawl 400 headrope, 601 sidewalls","2022-09-05T17:02:00Z",61,-169.99,"2022-09-05T17:32:00Z",61.03,-169.98,NA,47,51.08,22.21,"330",23235,"8755010202",NA,NA,0,0,NA,NA,NA,0,0,NA
"1454","2022-09-05T17:32:00Z","20220202011","2022","0202","011","162035","Capelin","Mallotus villosus","U",NA,8,35,"400601","03",NA,11,2022,NA,"S","Can Trawl 400 headrope, 601 sidewalls","2022-09-05T17:02:00Z",61,-169.99,"2022-09-05T17:32:00Z",61.03,-169.98,NA,47,51.08,22.21,"330",23041,"8755030201",NA,NA,0,0,NA,NA,NA,0,0,NA
"1455","2023-09-14T00:08:00Z","20230201043","2023","0201","043","51700","Aurelia sp.","Aurelia sp.","U","TC",27.23,1790,"400601","05","Bering Sea",43,2023,"64-166","S","Can Trawl 400 headrope, 601 sidewalls","2023-09-14T23:38:00Z",64,-165.97,"2023-09-14T00:08:00Z",63.98,-165.92,NA,17,49.64,18.36,"330",40511,NA,NA,NA,0,0,NA,NA,NA,0,0,NA
"1456","2023-09-14T00:08:00Z","20230201043","2023","0201","043","161975","Pink Salmon","Oncorhynchus gorbuscha","J","TC",5,162,"400601","05","Bering Sea",43,2023,"64-166","S","Can Trawl 400 headrope, 601 sidewalls","2023-09-14T23:38:00Z",64,-165.97,"2023-09-14T00:08:00Z",63.98,-165.92,NA,17,49.64,18.36,"330",23230,"8755010201",NA,NA,0,0,NA,NA,NA,0,0,NA
"1457","2023-09-14T00:08:00Z","20230201043","2023","0201","043","161976","Chum Salmon","Oncorhynchus keta","J","TC",42,1960,"400601","05","Bering Sea",43,2023,"64-166","S","Can Trawl 400 headrope, 601 sidewalls","2023-09-14T23:38:00Z",64,-165.97,"2023-09-14T00:08:00Z",63.98,-165.92,NA,17,49.64,18.36,"330",23235,"8755010202",NA,NA,0,0,NA,NA,NA,0,0,NA
"1458","2023-09-14T00:08:00Z","20230201043","2023","0201","043","161977","Coho Salmon","Oncorhynchus kisutch","J","TC",10,2918,"400601","05","Bering Sea",43,2023,"64-166","S","Can Trawl 400 headrope, 601 sidewalls","2023-09-14T23:38:00Z",64,-165.97,"2023-09-14T00:08:00Z",63.98,-165.92,NA,17,49.64,18.36,"330",23225,"8755010203",NA,NA,0,0,NA,NA,NA,0,0,NA
"1459","2023-09-14T00:08:00Z","20230201043","2023","0201","043","161980","Chinook Salmon","Oncorhynchus tshawytscha","J","TC",2,252,"400601","05","Bering Sea",43,2023,"64-166","S","Can Trawl 400 headrope, 601 sidewalls","2023-09-14T23:38:00Z",64,-165.97,"2023-09-14T00:08:00Z",63.98,-165.92,NA,17,49.64,18.36,"330",23220,"8755010206",NA,NA,0,0,NA,NA,NA,0,0,NA
"1460","2023-09-14T00:08:00Z","20230201043","2023","0201","043","162041","Rainbow Smelt","Osmerus mordax dentex","U","TC",147.91,1322,"400601","05","Bering Sea",43,2023,"64-166","S","Can Trawl 400 headrope, 601 sidewalls","2023-09-14T23:38:00Z",64,-165.97,"2023-09-14T00:08:00Z",63.98,-165.92,NA,17,49.64,18.36,"330",23055,"8755030302",NA,NA,0,0,NA,NA,NA,0,0,NA
"1461","2023-09-14T00:08:00Z","20230201043","2023","0201","043","164708","Saffron Cod","Eleginus gracilis","A0","TC",1030.85,5412,"400601","05","Bering Sea",43,2023,"64-166","S","Can Trawl 400 headrope, 601 sidewalls","2023-09-14T23:38:00Z",64,-165.97,"2023-09-14T00:08:00Z",63.98,-165.92,NA,17,49.64,18.36,"330",21735,"8791030301",NA,NA,0,0,NA,NA,NA,0,0,NA
"1462","2023-09-14T00:08:00Z","20230201043","2023","0201","043","164708","Saffron Cod","Eleginus gracilis","A1+","TC",4,270,"400601","05","Bering Sea",43,2023,"64-166","S","Can Trawl 400 headrope, 601 sidewalls","2023-09-14T23:38:00Z",64,-165.97,"2023-09-14T00:08:00Z",63.98,-165.92,NA,17,49.64,18.36,"330",21735,"8791030301",NA,NA,0,0,NA,NA,NA,0,0,NA
"1463","2023-09-14T00:08:00Z","20230201043","2023","0201","043","166387","Nine-spine Stickleback","Pungitius pungitius","U","TC",13,4,"400601","05","Bering Sea",43,2023,"64-166","S","Can Trawl 400 headrope, 601 sidewalls","2023-09-14T23:38:00Z",64,-165.97,"2023-09-14T00:08:00Z",63.98,-165.92,NA,17,49.64,18.36,"330",21753,"8818010201",NA,NA,0,0,NA,NA,NA,0,0,NA
"1464","2023-09-14T00:08:00Z","20230201043","2023","0201","043","167312","Plain Sculpin","Myoxocephalus jaok","U","TC",1,60,"400601","05","Bering Sea",43,2023,"64-166","S","Can Trawl 400 headrope, 601 sidewalls","2023-09-14T23:38:00Z",64,-165.97,"2023-09-14T00:08:00Z",63.98,-165.92,NA,17,49.64,18.36,"330",21371,"8831022201",NA,NA,0,0,NA,NA,NA,0,0,NA
"1465","2023-09-14T00:08:00Z","20230201043","2023","0201","043","171337","Bering Wolffish","Anarhichas orientalis","U","TC",1,40,"400601","05","Bering Sea",43,2023,"64-166","S","Can Trawl 400 headrope, 601 sidewalls","2023-09-14T23:38:00Z",64,-165.97,"2023-09-14T00:08:00Z",63.98,-165.92,NA,17,49.64,18.36,"330",20322,"8842020101",NA,NA,0,0,NA,NA,NA,0,0,NA
"1466","2023-09-14T00:08:00Z","20230201043","2023","0201","043","172893","Starry Flounder","Platichthys stellatus","U","TC",2,300,"400601","05","Bering Sea",43,2023,"64-166","S","Can Trawl 400 headrope, 601 sidewalls","2023-09-14T23:38:00Z",64,-165.97,"2023-09-14T00:08:00Z",63.98,-165.92,NA,17,49.64,18.36,"330",10220,"8857041401",NA,NA,0,0,NA,NA,NA,0,0,NA
"1467","2023-09-14T00:08:00Z","20230201043","2023","0201","043","551209","Pacific Herring","Clupea pallasi","A0","SC",139.48,1174.6,"400601","05","Bering Sea",43,2023,"64-166","S","Can Trawl 400 headrope, 601 sidewalls","2023-09-14T23:38:00Z",64,-165.97,"2023-09-14T00:08:00Z",63.98,-165.92,NA,17,49.64,18.36,"330",21110,"8747010201",NA,NA,0,0,NA,NA,NA,0,0,NA
"1468","2023-09-14T00:08:00Z","20230201043","2023","0201","043","551209","Pacific Herring","Clupea pallasi","A1+","SC",227.58,4772,"400601","05","Bering Sea",43,2023,"64-166","S","Can Trawl 400 headrope, 601 sidewalls","2023-09-14T23:38:00Z",64,-165.97,"2023-09-14T00:08:00Z",63.98,-165.92,NA,17,49.64,18.36,"330",21110,"8747010201",NA,NA,0,0,NA,NA,NA,0,0,NA
"1469","2023-09-15T17:16:00Z","20230201044","2023","0201","044","51700","Aurelia sp.","Aurelia sp.","U","SC",0,27616.28,"400601","05","Bering Sea",44,2023,"64-162.5","S","Can Trawl 400 headrope, 601 sidewalls","2023-09-15T16:46:00Z",64.09,-162.52,"2023-09-15T17:16:00Z",64.09,-162.61,NA,16,46.5,18.37,"330",40511,NA,NA,NA,0,0,NA,NA,NA,0,0,NA
"1470","2023-09-15T17:16:00Z","20230201044","2023","0201","044","96968","Humpy shrimp","Pandalus goniurus","U","TC",64.37,103,"400601","05","Bering Sea",44,2023,"64-162.5","S","Can Trawl 400 headrope, 601 sidewalls","2023-09-15T16:46:00Z",64.09,-162.52,"2023-09-15T17:16:00Z",64.09,-162.61,NA,16,46.5,18.37,"330",66045,NA,NA,NA,0,0,NA,NA,NA,0,0,NA
"1471","2022-09-14T17:16:00Z","20220202035","2022","0202","035","166365","Threespine stickleback","Gasterosteus aculeatus","U",NA,3,17,"400601","03",NA,35,2022,NA,"S","Can Trawl 400 headrope, 601 sidewalls","2022-09-14T16:45:00Z",64.5,-167,"2022-09-14T17:16:00Z",64.47,-166.99,NA,28,48.89,22.24,"330",21752,"8818010101",NA,NA,0,0,NA,NA,NA,0,0,NA
"1472","2022-09-14T17:16:00Z","20220202035","2022","0202","035","551209","Pacific Herring","Clupea pallasi","A1+",NA,2,277,"400601","03",NA,35,2022,NA,"S","Can Trawl 400 headrope, 601 sidewalls","2022-09-14T16:45:00Z",64.5,-167,"2022-09-14T17:16:00Z",64.47,-166.99,NA,28,48.89,22.24,"330",21110,"8747010201",NA,NA,0,0,NA,NA,NA,0,0,NA
"1473","2022-09-14T17:16:00Z","20220202035","2022","0202","035","934083","Pollock","Gadus chalcogrammus","A0",NA,322.94,549,"400601","03",NA,35,2022,NA,"S","Can Trawl 400 headrope, 601 sidewalls","2022-09-14T16:45:00Z",64.5,-167,"2022-09-14T17:16:00Z",64.47,-166.99,NA,28,48.89,22.24,"330",21740,"8791030701",NA,NA,0,0,NA,NA,NA,0,0,NA
"1474","2022-09-14T22:06:00Z","20220202036","2022","0202","036","51641","Northern Sea Nettle","Chrysaora melanaster","U",NA,0,31080,"400601","03",NA,36,2022,NA,"S","Can Trawl 400 headrope, 601 sidewalls","2022-09-14T21:36:00Z",63.99,-166.97,"2022-09-14T22:06:00Z",64,-166.89,NA,33,50.7,22.4,"330",40504,NA,NA,NA,0,0,NA,NA,NA,0,0,NA
"1475","2022-09-14T22:06:00Z","20220202036","2022","0202","036","51671","Cyanea capillata","Cyanea capillata","U",NA,0,19700,"400601","03",NA,36,2022,NA,"S","Can Trawl 400 headrope, 601 sidewalls","2022-09-14T21:36:00Z",63.99,-166.97,"2022-09-14T22:06:00Z",64,-166.89,NA,33,50.7,22.4,"330",40561,NA,NA,NA,0,0,NA,NA,NA,0,0,NA
"1476","2022-09-14T22:06:00Z","20220202036","2022","0202","036","51696","Phacellophora camtschatica","Phacellophora camtschatica","U",NA,0,850,"400601","03",NA,36,2022,NA,"S","Can Trawl 400 headrope, 601 sidewalls","2022-09-14T21:36:00Z",63.99,-166.97,"2022-09-14T22:06:00Z",64,-166.89,NA,33,50.7,22.4,"330",NA,NA,NA,NA,0,0,NA,NA,NA,0,0,NA
"1477","2022-09-14T22:06:00Z","20220202036","2022","0202","036","161980","Chinook Salmon","Oncorhynchus tshawytscha","J",NA,1,150,"400601","03",NA,36,2022,NA,"S","Can Trawl 400 headrope, 601 sidewalls","2022-09-14T21:36:00Z",63.99,-166.97,"2022-09-14T22:06:00Z",64,-166.89,NA,33,50.7,22.4,"330",23220,"8755010206",NA,NA,0,0,NA,NA,NA,0,0,NA
"1478","2022-09-14T22:06:00Z","20220202036","2022","0202","036","162041","Rainbow Smelt","Osmerus mordax dentex","U",NA,1,33,"400601","03",NA,36,2022,NA,"S","Can Trawl 400 headrope, 601 sidewalls","2022-09-14T21:36:00Z",63.99,-166.97,"2022-09-14T22:06:00Z",64,-166.89,NA,33,50.7,22.4,"330",23055,"8755030302",NA,NA,0,0,NA,NA,NA,0,0,NA
"1479","2022-09-14T22:06:00Z","20220202036","2022","0202","036","164708","Saffron Cod","Eleginus gracilis","A0",NA,1,2,"400601","03",NA,36,2022,NA,"S","Can Trawl 400 headrope, 601 sidewalls","2022-09-14T21:36:00Z",63.99,-166.97,"2022-09-14T22:06:00Z",64,-166.89,NA,33,50.7,22.4,"330",21735,"8791030301",NA,NA,0,0,NA,NA,NA,0,0,NA
"1480","2022-09-14T22:06:00Z","20220202036","2022","0202","036","171672","Arctic Sand Lance","Ammodytes hexapterus","A0",NA,4,2,"400601","03",NA,36,2022,NA,"S","Can Trawl 400 headrope, 601 sidewalls","2022-09-14T21:36:00Z",63.99,-166.97,"2022-09-14T22:06:00Z",64,-166.89,NA,33,50.7,22.4,"330",20203,"8845010101",NA,NA,0,0,NA,NA,NA,0,0,NA
"1481","2022-09-14T22:06:00Z","20220202036","2022","0202","036","172893","Starry Flounder","Platichthys stellatus","U",NA,1,280,"400601","03",NA,36,2022,NA,"S","Can Trawl 400 headrope, 601 sidewalls","2022-09-14T21:36:00Z",63.99,-166.97,"2022-09-14T22:06:00Z",64,-166.89,NA,33,50.7,22.4,"330",10220,"8857041401",NA,NA,0,0,NA,NA,NA,0,0,NA
"1482","2022-09-14T22:06:00Z","20220202036","2022","0202","036","622287","Arctic Lamprey","Lethenteron camtschaticum","U",NA,3,154,"400601","03",NA,36,2022,NA,"S","Can Trawl 400 headrope, 601 sidewalls","2022-09-14T21:36:00Z",63.99,-166.97,"2022-09-14T22:06:00Z",64,-166.89,NA,33,50.7,22.4,"330",NA,"8603010201",NA,NA,0,0,NA,NA,NA,0,0,NA
"1483","2022-09-14T22:06:00Z","20220202036","2022","0202","036","934083","Pollock","Gadus chalcogrammus","A0",NA,70.18,106,"400601","03",NA,36,2022,NA,"S","Can Trawl 400 headrope, 601 sidewalls","2022-09-14T21:36:00Z",63.99,-166.97,"2022-09-14T22:06:00Z",64,-166.89,NA,33,50.7,22.4,"330",21740,"8791030701",NA,NA,0,0,NA,NA,NA,0,0,NA
"1484","2022-09-14T22:06:00Z","20220202036","2022","0202","036","934083","Pollock","Gadus chalcogrammus","A1+",NA,1,20,"400601","03",NA,36,2022,NA,"S","Can Trawl 400 headrope, 601 sidewalls","2022-09-14T21:36:00Z",63.99,-166.97,"2022-09-14T22:06:00Z",64,-166.89,NA,33,50.7,22.4,"330",21740,"8791030701",NA,NA,0,0,NA,NA,NA,0,0,NA
"1485","2022-09-15T02:08:00Z","20220202037","2022","0202","037","50623","Aequorea  sp.","Aequorea sp.","U",NA,0,5590,"400601","03",NA,37,2022,NA,"S","Can Trawl 400 headrope, 601 sidewalls","2022-09-15T01:37:00Z",63.99,-165.96,"2022-09-15T02:08:00Z",63.97,-165.89,NA,22,48.56,18.62,"330",40506,NA,NA,NA,0,0,NA,NA,NA,0,0,NA
"1486","2022-09-15T02:08:00Z","20220202037","2022","0202","037","51641","Northern Sea Nettle","Chrysaora melanaster","U",NA,0,14510,"400601","03",NA,37,2022,NA,"S","Can Trawl 400 headrope, 601 sidewalls","2022-09-15T01:37:00Z",63.99,-165.96,"2022-09-15T02:08:00Z",63.97,-165.89,NA,22,48.56,18.62,"330",40504,NA,NA,NA,0,0,NA,NA,NA,0,0,NA
"1487","2022-09-15T02:08:00Z","20220202037","2022","0202","037","51671","Cyanea capillata","Cyanea capillata","U",NA,0,79090,"400601","03",NA,37,2022,NA,"S","Can Trawl 400 headrope, 601 sidewalls","2022-09-15T01:37:00Z",63.99,-165.96,"2022-09-15T02:08:00Z",63.97,-165.89,NA,22,48.56,18.62,"330",40561,NA,NA,NA,0,0,NA,NA,NA,0,0,NA
"1488","2022-09-15T02:08:00Z","20220202037","2022","0202","037","161975","Pink Salmon","Oncorhynchus gorbuscha","J",NA,5,375,"400601","03",NA,37,2022,NA,"S","Can Trawl 400 headrope, 601 sidewalls","2022-09-15T01:37:00Z",63.99,-165.96,"2022-09-15T02:08:00Z",63.97,-165.89,NA,22,48.56,18.62,"330",23230,"8755010201",NA,NA,0,0,NA,NA,NA,0,0,NA
"1489","2022-09-15T02:08:00Z","20220202037","2022","0202","037","161976","Chum Salmon","Oncorhynchus keta","J",NA,10,814,"400601","03",NA,37,2022,NA,"S","Can Trawl 400 headrope, 601 sidewalls","2022-09-15T01:37:00Z",63.99,-165.96,"2022-09-15T02:08:00Z",63.97,-165.89,NA,22,48.56,18.62,"330",23235,"8755010202",NA,NA,0,0,NA,NA,NA,0,0,NA
"1490","2022-09-15T02:08:00Z","20220202037","2022","0202","037","161977","Coho Salmon","Oncorhynchus kisutch","J",NA,13,3213,"400601","03",NA,37,2022,NA,"S","Can Trawl 400 headrope, 601 sidewalls","2022-09-15T01:37:00Z",63.99,-165.96,"2022-09-15T02:08:00Z",63.97,-165.89,NA,22,48.56,18.62,"330",23225,"8755010203","WASHDOWN ",NA,0,0,NA,NA,NA,0,0,NA
"1491","2022-09-15T02:08:00Z","20220202037","2022","0202","037","161980","Chinook Salmon","Oncorhynchus tshawytscha","J",NA,17,2574,"400601","03",NA,37,2022,NA,"S","Can Trawl 400 headrope, 601 sidewalls","2022-09-15T01:37:00Z",63.99,-165.96,"2022-09-15T02:08:00Z",63.97,-165.89,NA,22,48.56,18.62,"330",23220,"8755010206",NA,NA,0,0,NA,NA,NA,0,0,NA
"1492","2022-09-15T02:08:00Z","20220202037","2022","0202","037","162041","Rainbow Smelt","Osmerus mordax dentex","U",NA,6,149,"400601","03",NA,37,2022,NA,"S","Can Trawl 400 headrope, 601 sidewalls","2022-09-15T01:37:00Z",63.99,-165.96,"2022-09-15T02:08:00Z",63.97,-165.89,NA,22,48.56,18.62,"330",23055,"8755030302",NA,NA,0,0,NA,NA,NA,0,0,NA
"1493","2022-09-15T02:08:00Z","20220202037","2022","0202","037","164708","Saffron Cod","Eleginus gracilis","U",NA,9,21,"400601","03",NA,37,2022,NA,"S","Can Trawl 400 headrope, 601 sidewalls","2022-09-15T01:37:00Z",63.99,-165.96,"2022-09-15T02:08:00Z",63.97,-165.89,NA,22,48.56,18.62,"330",21735,"8791030301",NA,NA,0,0,NA,NA,NA,0,0,NA
"1494","2022-09-15T02:08:00Z","20220202037","2022","0202","037","166365","Threespine stickleback","Gasterosteus aculeatus","U",NA,62,336,"400601","03",NA,37,2022,NA,"S","Can Trawl 400 headrope, 601 sidewalls","2022-09-15T01:37:00Z",63.99,-165.96,"2022-09-15T02:08:00Z",63.97,-165.89,NA,22,48.56,18.62,"330",21752,"8818010101",NA,NA,0,0,NA,NA,NA,0,0,NA
"1495","2022-09-15T02:08:00Z","20220202037","2022","0202","037","171672","Arctic Sand Lance","Ammodytes hexapterus","A0",NA,2,2,"400601","03",NA,37,2022,NA,"S","Can Trawl 400 headrope, 601 sidewalls","2022-09-15T01:37:00Z",63.99,-165.96,"2022-09-15T02:08:00Z",63.97,-165.89,NA,22,48.56,18.62,"330",20203,"8845010101",NA,NA,0,0,NA,NA,NA,0,0,NA
"1496","2022-09-15T02:08:00Z","20220202037","2022","0202","037","172930","Greenland Halibut","Reinhardtius hippoglossoides","L",NA,2,7,"400601","03",NA,37,2022,NA,"S","Can Trawl 400 headrope, 601 sidewalls","2022-09-15T01:37:00Z",63.99,-165.96,"2022-09-15T02:08:00Z",63.97,-165.89,NA,22,48.56,18.62,"330",10115,"8857041801",NA,NA,0,0,NA,NA,NA,0,0,NA
"1497","2022-09-15T02:08:00Z","20220202037","2022","0202","037","551209","Pacific Herring","Clupea pallasi","A1+",NA,1,158,"400601","03",NA,37,2022,NA,"S","Can Trawl 400 headrope, 601 sidewalls","2022-09-15T01:37:00Z",63.99,-165.96,"2022-09-15T02:08:00Z",63.97,-165.89,NA,22,48.56,18.62,"330",21110,"8747010201",NA,NA,0,0,NA,NA,NA,0,0,NA
"1498","2022-09-15T02:08:00Z","20220202037","2022","0202","037","556311","Long Fin Squid","Gonatus kamtschaticus","U",NA,2,34,"400601","03",NA,37,2022,NA,"S","Can Trawl 400 headrope, 601 sidewalls","2022-09-15T01:37:00Z",63.99,-165.96,"2022-09-15T02:08:00Z",63.97,-165.89,NA,22,48.56,18.62,"330",79206,NA,NA,NA,0,0,NA,NA,NA,0,0,NA
"1499","2022-09-15T02:08:00Z","20220202037","2022","0202","037","934083","Pollock","Gadus chalcogrammus","A0",NA,193.75,279,"400601","03",NA,37,2022,NA,"S","Can Trawl 400 headrope, 601 sidewalls","2022-09-15T01:37:00Z",63.99,-165.96,"2022-09-15T02:08:00Z",63.97,-165.89,NA,22,48.56,18.62,"330",21740,"8791030701",NA,NA,0,0,NA,NA,NA,0,0,NA
"1500","2022-09-15T17:30:00Z","20220202038","2022","0202","038","51671","Cyanea capillata","Cyanea capillata","U",NA,0,4670,"400601","03",NA,38,2022,NA,"S","Can Trawl 400 headrope, 601 sidewalls","2022-09-15T17:00:00Z",64.09,-162.5,"2022-09-15T17:30:00Z",64.09,-162.59,NA,20,49.41,19.07,"330",40561,NA,NA,NA,0,0,NA,NA,NA,0,0,NA
"1501","2022-09-15T17:30:00Z","20220202038","2022","0202","038","51700","Aurelia sp.","Aurelia sp.","U",NA,0,5030,"400601","03",NA,38,2022,NA,"S","Can Trawl 400 headrope, 601 sidewalls","2022-09-15T17:00:00Z",64.09,-162.5,"2022-09-15T17:30:00Z",64.09,-162.59,NA,20,49.41,19.07,"330",40511,NA,NA,NA,0,0,NA,NA,NA,0,0,NA
"1502","2022-09-15T17:30:00Z","20220202038","2022","0202","038","97110","Sevenspine bay shrimp","Crangon septemspinosa","U",NA,1,1,"400601","03",NA,38,2022,NA,"S","Can Trawl 400 headrope, 601 sidewalls","2022-09-15T17:00:00Z",64.09,-162.5,"2022-09-15T17:30:00Z",64.09,-162.59,NA,20,49.41,19.07,"330",NA,"66548",NA,NA,0,0,NA,NA,NA,0,0,NA
"1503","2022-09-15T17:30:00Z","20220202038","2022","0202","038","161976","Chum Salmon","Oncorhynchus keta","J",NA,6,282,"400601","03",NA,38,2022,NA,"S","Can Trawl 400 headrope, 601 sidewalls","2022-09-15T17:00:00Z",64.09,-162.5,"2022-09-15T17:30:00Z",64.09,-162.59,NA,20,49.41,19.07,"330",23235,"8755010202",NA,NA,0,0,NA,NA,NA,0,0,NA
"1504","2022-09-03T18:29:00Z","20220308020","2022","0308","020","161979","Sockeye Salmon","Oncorhynchus nerka","J",NA,173,23400,"400601","05","Bering Sea",20,2022,"57-167","S","Can Trawl 400 headrope, 601 sidewalls","2022-09-03T17:59:00Z",57.03,-167.03,"2022-09-03T18:29:00Z",57.06,-167.07,NA,74,55.5,22,"180",23240,"8755010205",NA,"2022-09-03T17:48:00Z",57.01,57.01,NA,NA,NA,0,0,NA
"1505","2022-09-03T18:29:00Z","20220308020","2022","0308","020","164711","Pacific Cod","Gadus macrocephalus","A0",NA,7,30,"400601","05","Bering Sea",20,2022,"57-167","S","Can Trawl 400 headrope, 601 sidewalls","2022-09-03T17:59:00Z",57.03,-167.03,"2022-09-03T18:29:00Z",57.06,-167.07,NA,74,55.5,22,"180",21720,"8791030401",NA,"2022-09-03T17:48:00Z",57.01,57.01,NA,NA,NA,0,0,NA
"1506","2022-09-03T18:29:00Z","20220308020","2022","0308","020","167220","Crested Sculpin","Blepsias bilobus","U",NA,2,20,"400601","05","Bering Sea",20,2022,"57-167","S","Can Trawl 400 headrope, 601 sidewalls","2022-09-03T17:59:00Z",57.03,-167.03,"2022-09-03T18:29:00Z",57.06,-167.07,NA,74,55.5,22,"180",21397,"8831020601",NA,"2022-09-03T17:48:00Z",57.01,57.01,NA,NA,NA,0,0,NA
"1507","2022-09-03T18:29:00Z","20220308020","2022","0308","020","167481","Sturgeon Poacher","Podothecus acipenserinus","U",NA,1,37,"400601","05","Bering Sea",20,2022,"57-167","S","Can Trawl 400 headrope, 601 sidewalls","2022-09-03T17:59:00Z",57.03,-167.03,"2022-09-03T18:29:00Z",57.06,-167.07,NA,74,55.5,22,"180",20040,"8831081901",NA,"2022-09-03T17:48:00Z",57.01,57.01,NA,NA,NA,0,0,NA
"1508","2022-09-03T18:29:00Z","20220308020","2022","0308","020","551209","Pacific Herring","Clupea pallasi","U",NA,3,300,"400601","05","Bering Sea",20,2022,"57-167","S","Can Trawl 400 headrope, 601 sidewalls","2022-09-03T17:59:00Z",57.03,-167.03,"2022-09-03T18:29:00Z",57.06,-167.07,NA,74,55.5,22,"180",21110,"8747010201",NA,"2022-09-03T17:48:00Z",57.01,57.01,NA,NA,NA,0,0,NA
"1509","2022-09-03T18:29:00Z","20220308020","2022","0308","020","934083","Pollock","Gadus chalcogrammus","A1+",NA,1,50,"400601","05","Bering Sea",20,2022,"57-167","S","Can Trawl 400 headrope, 601 sidewalls","2022-09-03T17:59:00Z",57.03,-167.03,"2022-09-03T18:29:00Z",57.06,-167.07,NA,74,55.5,22,"180",21740,"8791030701",NA,"2022-09-03T17:48:00Z",57.01,57.01,NA,NA,NA,0,0,NA
"1510","2022-09-03T18:29:00Z","20220308020","2022","0308","020","934083","Pollock","Gadus chalcogrammus","U",NA,2309,1889.44,"400601","05","Bering Sea",20,2022,"57-167","S","Can Trawl 400 headrope, 601 sidewalls","2022-09-03T17:59:00Z",57.03,-167.03,"2022-09-03T18:29:00Z",57.06,-167.07,NA,74,55.5,22,"180",21740,"8791030701",NA,"2022-09-03T17:48:00Z",57.01,57.01,NA,NA,NA,0,0,NA
"1511","2022-09-03T22:34:00Z","20220308020","2022","0308","020","51641","Northern Sea Nettle","Chrysaora melanaster","U",NA,276,285533.25,"NETS156","06","Bering Sea",20,2022,"57-167","O","NETS Pelagic Trawl","2022-09-03T22:34:00Z",56.96,-166.93,"2022-09-03T22:34:00Z",56.96,-166.93,NA,75,17.6,9.9,"235",40504,NA,NA,"2022-09-03T22:24:00Z",56.95,56.95,NA,NA,NA,0,0,NA
"1512","2022-09-03T22:34:00Z","20220308020","2022","0308","020","164711","Pacific Cod","Gadus macrocephalus","A0",NA,39,214.1,"NETS156","06","Bering Sea",20,2022,"57-167","O","NETS Pelagic Trawl","2022-09-03T22:34:00Z",56.96,-166.93,"2022-09-03T22:34:00Z",56.96,-166.93,NA,75,17.6,9.9,"235",21720,"8791030401",NA,"2022-09-03T22:24:00Z",56.95,56.95,NA,NA,NA,0,0,NA
"1513","2022-09-03T22:34:00Z","20220308020","2022","0308","020","934083","Pollock","Gadus chalcogrammus","A1+",NA,12,6420,"NETS156","06","Bering Sea",20,2022,"57-167","O","NETS Pelagic Trawl","2022-09-03T22:34:00Z",56.96,-166.93,"2022-09-03T22:34:00Z",56.96,-166.93,NA,75,17.6,9.9,"235",21740,"8791030701",NA,"2022-09-03T22:24:00Z",56.95,56.95,NA,NA,NA,0,0,NA
"1514","2022-09-03T22:34:00Z","20220308020","2022","0308","020","934083","Pollock","Gadus chalcogrammus","U",NA,40275,30608.75,"NETS156","06","Bering Sea",20,2022,"57-167","O","NETS Pelagic Trawl","2022-09-03T22:34:00Z",56.96,-166.93,"2022-09-03T22:34:00Z",56.96,-166.93,NA,75,17.6,9.9,"235",21740,"8791030701",NA,"2022-09-03T22:24:00Z",56.95,56.95,NA,NA,NA,0,0,NA
"1515","2022-09-04T17:23:00Z","20220308023","2022","0308","023","51641","Northern Sea Nettle","Chrysaora melanaster","U",NA,328,423266.83,"NETS156","07","Bering Sea",23,2022,"57-169","O","NETS Pelagic Trawl","2022-09-04T17:23:00Z",57.01,-169.09,"2022-09-04T17:23:00Z",57.01,-169.09,NA,80,14,7,"195",40504,NA,NA,"2022-09-04T17:07:00Z",57,57,NA,NA,NA,0,0,NA
"1516","2022-09-04T17:23:00Z","20220308023","2022","0308","023","95496","Euphausiid unident.","Euphausiacea (order)","U",NA,0,4969.42,"NETS156","07","Bering Sea",23,2022,"57-169","O","NETS Pelagic Trawl","2022-09-04T17:23:00Z",57.01,-169.09,"2022-09-04T17:23:00Z",57.01,-169.09,NA,80,14,7,"195",NA,"63500",NA,"2022-09-04T17:07:00Z",57,57,NA,NA,NA,0,0,NA
"1517","2022-09-04T17:23:00Z","20220308023","2022","0308","023","934083","Pollock","Gadus chalcogrammus","A1+",NA,13,5530,"NETS156","07","Bering Sea",23,2022,"57-169","O","NETS Pelagic Trawl","2022-09-04T17:23:00Z",57.01,-169.09,"2022-09-04T17:23:00Z",57.01,-169.09,NA,80,14,7,"195",21740,"8791030701",NA,"2022-09-04T17:07:00Z",57,57,NA,NA,NA,0,0,NA
"1518","2022-09-04T17:23:00Z","20220308023","2022","0308","023","934083","Pollock","Gadus chalcogrammus","U",NA,30389,17017.95,"NETS156","07","Bering Sea",23,2022,"57-169","O","NETS Pelagic Trawl","2022-09-04T17:23:00Z",57.01,-169.09,"2022-09-04T17:23:00Z",57.01,-169.09,NA,80,14,7,"195",21740,"8791030701",NA,"2022-09-04T17:07:00Z",57,57,NA,NA,NA,0,0,NA
"1519","2023-09-02T17:29:00Z","20230201010","2023","0201","010","164708","Saffron Cod","Eleginus gracilis","A1+","TC",5,372,"400601","05","Bering Sea",10,2023,"61-167","S","Can Trawl 400 headrope, 601 sidewalls","2023-09-02T16:59:00Z",60.99,-167,"2023-09-02T17:29:00Z",61,-167.06,NA,16,49.96,19.7,"225",21735,"8791030301",NA,NA,0,0,NA,NA,NA,0,0,NA
"1520","2023-09-02T17:29:00Z","20230201010","2023","0201","010","171337","Bering Wolffish","Anarhichas orientalis","U","TC",2.04,49,"400601","05","Bering Sea",10,2023,"61-167","S","Can Trawl 400 headrope, 601 sidewalls","2023-09-02T16:59:00Z",60.99,-167,"2023-09-02T17:29:00Z",61,-167.06,NA,16,49.96,19.7,"225",20322,"8842020101",NA,NA,0,0,NA,NA,NA,0,0,NA
"1521","2023-09-02T17:29:00Z","20230201010","2023","0201","010","171672","Arctic Sand Lance","Ammodytes hexapterus","U","TC",1,16,"400601","05","Bering Sea",10,2023,"61-167","S","Can Trawl 400 headrope, 601 sidewalls","2023-09-02T16:59:00Z",60.99,-167,"2023-09-02T17:29:00Z",61,-167.06,NA,16,49.96,19.7,"225",20203,"8845010101",NA,NA,0,0,NA,NA,NA,0,0,NA
"1522","2023-09-02T17:29:00Z","20230201010","2023","0201","010","551209","Pacific Herring","Clupea pallasi","A1+","TC",275.56,15995,"400601","05","Bering Sea",10,2023,"61-167","S","Can Trawl 400 headrope, 601 sidewalls","2023-09-02T16:59:00Z",60.99,-167,"2023-09-02T17:29:00Z",61,-167.06,NA,16,49.96,19.7,"225",21110,"8747010201",NA,NA,0,0,NA,NA,NA,0,0,NA
"1523","2023-09-02T17:29:00Z","20230201010","2023","0201","010","934083","Pollock","Gadus chalcogrammus","A0","TC",0,8,"400601","05","Bering Sea",10,2023,"61-167","S","Can Trawl 400 headrope, 601 sidewalls","2023-09-02T16:59:00Z",60.99,-167,"2023-09-02T17:29:00Z",61,-167.06,NA,16,49.96,19.7,"225",21740,"8791030701",NA,NA,0,0,NA,NA,NA,0,0,NA
"1524","2023-09-03T16:40:00Z","20230201011","2023","0201","011","50513","Staurophora mertensi","Staurophora mertensi","U","TC",0,250,"400601","05","Bering Sea",11,2023,"61-168","S","Can Trawl 400 headrope, 601 sidewalls","2023-09-03T16:10:00Z",61,-168.03,"2023-09-03T16:40:00Z",61,-168.1,NA,23,52.32,24.43,"265",NA,"40562",NA,NA,0,0,NA,NA,NA,0,0,NA
"1525","2023-09-03T16:40:00Z","20230201011","2023","0201","011","51641","Northern Sea Nettle","Chrysaora melanaster","U","TC",3.48,3830,"400601","05","Bering Sea",11,2023,"61-168","S","Can Trawl 400 headrope, 601 sidewalls","2023-09-03T16:10:00Z",61,-168.03,"2023-09-03T16:40:00Z",61,-168.1,NA,23,52.32,24.43,"265",40504,NA,NA,NA,0,0,NA,NA,NA,0,0,NA
"1526","2023-09-03T16:40:00Z","20230201011","2023","0201","011","51669","Cyanea sp.","Cyanea sp.","U","TC",0,320,"400601","05","Bering Sea",11,2023,"61-168","S","Can Trawl 400 headrope, 601 sidewalls","2023-09-03T16:10:00Z",61,-168.03,"2023-09-03T16:40:00Z",61,-168.1,NA,23,52.32,24.43,"265",40560,NA,NA,NA,0,0,NA,NA,NA,0,0,NA
"1527","2023-09-03T16:40:00Z","20230201011","2023","0201","011","161975","Pink Salmon","Oncorhynchus gorbuscha","J","TC",52,2504,"400601","05","Bering Sea",11,2023,"61-168","S","Can Trawl 400 headrope, 601 sidewalls","2023-09-03T16:10:00Z",61,-168.03,"2023-09-03T16:40:00Z",61,-168.1,NA,23,52.32,24.43,"265",23230,"8755010201",NA,NA,0,0,NA,NA,NA,0,0,NA
"1528","2023-09-03T16:40:00Z","20230201011","2023","0201","011","161976","Chum Salmon","Oncorhynchus keta","IM","TC",1,3870,"400601","05","Bering Sea",11,2023,"61-168","S","Can Trawl 400 headrope, 601 sidewalls","2023-09-03T16:10:00Z",61,-168.03,"2023-09-03T16:40:00Z",61,-168.1,NA,23,52.32,24.43,"265",23235,"8755010202",NA,NA,0,0,NA,NA,NA,0,0,NA
"1529","2023-09-03T16:40:00Z","20230201011","2023","0201","011","161976","Chum Salmon","Oncorhynchus keta","J","TC",103.58,6566,"400601","05","Bering Sea",11,2023,"61-168","S","Can Trawl 400 headrope, 601 sidewalls","2023-09-03T16:10:00Z",61,-168.03,"2023-09-03T16:40:00Z",61,-168.1,NA,23,52.32,24.43,"265",23235,"8755010202",NA,NA,0,0,NA,NA,NA,0,0,NA
"1530","2023-09-03T16:40:00Z","20230201011","2023","0201","011","161980","Chinook Salmon","Oncorhynchus tshawytscha","J","TC",2,266,"400601","05","Bering Sea",11,2023,"61-168","S","Can Trawl 400 headrope, 601 sidewalls","2023-09-03T16:10:00Z",61,-168.03,"2023-09-03T16:40:00Z",61,-168.1,NA,23,52.32,24.43,"265",23220,"8755010206",NA,NA,0,0,NA,NA,NA,0,0,NA
"1531","2023-09-03T16:40:00Z","20230201011","2023","0201","011","162041","Rainbow Smelt","Osmerus mordax dentex","U","TC",20,1284,"400601","05","Bering Sea",11,2023,"61-168","S","Can Trawl 400 headrope, 601 sidewalls","2023-09-03T16:10:00Z",61,-168.03,"2023-09-03T16:40:00Z",61,-168.1,NA,23,52.32,24.43,"265",23055,"8755030302",NA,NA,0,0,NA,NA,NA,0,0,NA
"1532","2023-09-03T16:40:00Z","20230201011","2023","0201","011","164711","Pacific Cod","Gadus macrocephalus","A1+","TC",1,116,"400601","05","Bering Sea",11,2023,"61-168","S","Can Trawl 400 headrope, 601 sidewalls","2023-09-03T16:10:00Z",61,-168.03,"2023-09-03T16:40:00Z",61,-168.1,NA,23,52.32,24.43,"265",21720,"8791030401",NA,NA,0,0,NA,NA,NA,0,0,NA
"1533","2023-09-03T16:40:00Z","20230201011","2023","0201","011","172893","Starry Flounder","Platichthys stellatus","U","TC",1,790,"400601","05","Bering Sea",11,2023,"61-168","S","Can Trawl 400 headrope, 601 sidewalls","2023-09-03T16:10:00Z",61,-168.03,"2023-09-03T16:40:00Z",61,-168.1,NA,23,52.32,24.43,"265",10220,"8857041401",NA,NA,0,0,NA,NA,NA,0,0,NA
"1534","2023-09-03T16:40:00Z","20230201011","2023","0201","011","172907","Yellowfin Sole","Limanda aspera","U","TC",7,851,"400601","05","Bering Sea",11,2023,"61-168","S","Can Trawl 400 headrope, 601 sidewalls","2023-09-03T16:10:00Z",61,-168.03,"2023-09-03T16:40:00Z",61,-168.1,NA,23,52.32,24.43,"265",10210,"8857041505",NA,NA,0,0,NA,NA,NA,0,0,NA
"1535","2023-09-03T16:40:00Z","20230201011","2023","0201","011","172930","Greenland Halibut","Reinhardtius hippoglossoides","U","TC",1,2,"400601","05","Bering Sea",11,2023,"61-168","S","Can Trawl 400 headrope, 601 sidewalls","2023-09-03T16:10:00Z",61,-168.03,"2023-09-03T16:40:00Z",61,-168.1,NA,23,52.32,24.43,"265",10115,"8857041801",NA,NA,0,0,NA,NA,NA,0,0,NA
"1536","2023-09-03T16:40:00Z","20230201011","2023","0201","011","551209","Pacific Herring","Clupea pallasi","A1+","TC",161.43,4426,"400601","05","Bering Sea",11,2023,"61-168","S","Can Trawl 400 headrope, 601 sidewalls","2023-09-03T16:10:00Z",61,-168.03,"2023-09-03T16:40:00Z",61,-168.1,NA,23,52.32,24.43,"265",21110,"8747010201",NA,NA,0,0,NA,NA,NA,0,0,NA
"1537","2023-09-03T16:40:00Z","20230201011","2023","0201","011","934083","Pollock","Gadus chalcogrammus","A0","TC",3492,5820,"400601","05","Bering Sea",11,2023,"61-168","S","Can Trawl 400 headrope, 601 sidewalls","2023-09-03T16:10:00Z",61,-168.03,"2023-09-03T16:40:00Z",61,-168.1,NA,23,52.32,24.43,"265",21740,"8791030701",NA,NA,0,0,NA,NA,NA,0,0,NA
"1538","2023-09-03T16:40:00Z","20230201011","2023","0201","011","934083","Pollock","Gadus chalcogrammus","A1","TC",5,59,"400601","05","Bering Sea",11,2023,"61-168","S","Can Trawl 400 headrope, 601 sidewalls","2023-09-03T16:10:00Z",61,-168.03,"2023-09-03T16:40:00Z",61,-168.1,NA,23,52.32,24.43,"265",21740,"8791030701",NA,NA,0,0,NA,NA,NA,0,0,NA
"1539","2023-09-03T16:40:00Z","20230201011","2023","0201","011","934083","Pollock","Gadus chalcogrammus","A1+","TC",1,1050,"400601","05","Bering Sea",11,2023,"61-168","S","Can Trawl 400 headrope, 601 sidewalls","2023-09-03T16:10:00Z",61,-168.03,"2023-09-03T16:40:00Z",61,-168.1,NA,23,52.32,24.43,"265",21740,"8791030701",NA,NA,0,0,NA,NA,NA,0,0,NA
"1540","2023-09-03T22:22:00Z","20230201012","2023","0201","012","51641","Northern Sea Nettle","Chrysaora melanaster","U","TC",5.22,10110,"400601","05","Bering Sea",12,2023,"61-169","S","Can Trawl 400 headrope, 601 sidewalls","2023-09-03T21:52:00Z",60.99,-168.99,"2023-09-03T22:22:00Z",60.99,-169.04,NA,32,54.06,25.21,"330",40504,NA,NA,NA,0,0,NA,NA,NA,0,0,NA
"1541","2023-09-03T22:22:00Z","20230201012","2023","0201","012","161977","Coho Salmon","Oncorhynchus kisutch","IM","TC",1,2790,"400601","05","Bering Sea",12,2023,"61-169","S","Can Trawl 400 headrope, 601 sidewalls","2023-09-03T21:52:00Z",60.99,-168.99,"2023-09-03T22:22:00Z",60.99,-169.04,NA,32,54.06,25.21,"330",23225,"8755010203",NA,NA,0,0,NA,NA,NA,0,0,NA
"1542","2023-09-03T22:22:00Z","20230201012","2023","0201","012","161979","Sockeye Salmon","Oncorhynchus nerka","IM","TC",1,940,"400601","05","Bering Sea",12,2023,"61-169","S","Can Trawl 400 headrope, 601 sidewalls","2023-09-03T21:52:00Z",60.99,-168.99,"2023-09-03T22:22:00Z",60.99,-169.04,NA,32,54.06,25.21,"330",23240,"8755010205",NA,NA,0,0,NA,NA,NA,0,0,NA
"1543","2023-09-03T22:22:00Z","20230201012","2023","0201","012","161980","Chinook Salmon","Oncorhynchus tshawytscha","IM","TC",1,4440,"400601","05","Bering Sea",12,2023,"61-169","S","Can Trawl 400 headrope, 601 sidewalls","2023-09-03T21:52:00Z",60.99,-168.99,"2023-09-03T22:22:00Z",60.99,-169.04,NA,32,54.06,25.21,"330",23220,"8755010206",NA,NA,0,0,NA,NA,NA,0,0,NA
"1544","2023-09-03T22:22:00Z","20230201012","2023","0201","012","162035","Capelin","Mallotus villosus","U","TC",11,81,"400601","05","Bering Sea",12,2023,"61-169","S","Can Trawl 400 headrope, 601 sidewalls","2023-09-03T21:52:00Z",60.99,-168.99,"2023-09-03T22:22:00Z",60.99,-169.04,NA,32,54.06,25.21,"330",23041,"8755030201",NA,NA,0,0,NA,NA,NA,0,0,NA
"1545","2023-09-03T22:22:00Z","20230201012","2023","0201","012","164711","Pacific Cod","Gadus macrocephalus","A0","TC",2,5,"400601","05","Bering Sea",12,2023,"61-169","S","Can Trawl 400 headrope, 601 sidewalls","2023-09-03T21:52:00Z",60.99,-168.99,"2023-09-03T22:22:00Z",60.99,-169.04,NA,32,54.06,25.21,"330",21720,"8791030401",NA,NA,0,0,NA,NA,NA,0,0,NA
"1546","2023-09-03T22:22:00Z","20230201012","2023","0201","012","551209","Pacific Herring","Clupea pallasi","A1+","TC",5,374,"400601","05","Bering Sea",12,2023,"61-169","S","Can Trawl 400 headrope, 601 sidewalls","2023-09-03T21:52:00Z",60.99,-168.99,"2023-09-03T22:22:00Z",60.99,-169.04,NA,32,54.06,25.21,"330",21110,"8747010201",NA,NA,0,0,NA,NA,NA,0,0,NA
"1547","2023-09-03T22:22:00Z","20230201012","2023","0201","012","934083","Pollock","Gadus chalcogrammus","A0","TC",3251.46,3932,"400601","05","Bering Sea",12,2023,"61-169","S","Can Trawl 400 headrope, 601 sidewalls","2023-09-03T21:52:00Z",60.99,-168.99,"2023-09-03T22:22:00Z",60.99,-169.04,NA,32,54.06,25.21,"330",21740,"8791030701",NA,NA,0,0,NA,NA,NA,0,0,NA
"1548","2023-09-03T22:22:00Z","20230201012","2023","0201","012","934083","Pollock","Gadus chalcogrammus","A1","TC",69.2,1977,"400601","05","Bering Sea",12,2023,"61-169","S","Can Trawl 400 headrope, 601 sidewalls","2023-09-03T21:52:00Z",60.99,-168.99,"2023-09-03T22:22:00Z",60.99,-169.04,NA,32,54.06,25.21,"330",21740,"8791030701",NA,NA,0,0,NA,NA,NA,0,0,NA
"1549","2023-09-03T22:22:00Z","20230201012","2023","0201","012","934083","Pollock","Gadus chalcogrammus","A1+","TC",16,12600,"400601","05","Bering Sea",12,2023,"61-169","S","Can Trawl 400 headrope, 601 sidewalls","2023-09-03T21:52:00Z",60.99,-168.99,"2023-09-03T22:22:00Z",60.99,-169.04,NA,32,54.06,25.21,"330",21740,"8791030701",NA,NA,0,0,NA,NA,NA,0,0,NA
"1550","2023-09-04T03:39:00Z","20230201013","2023","0201","013","51641","Northern Sea Nettle","Chrysaora melanaster","U","SC",117.98,182088.6,"400601","05","Bering Sea",13,2023,"61-170","S","Can Trawl 400 headrope, 601 sidewalls","2023-09-04T03:09:00Z",60.99,-170.01,"2023-09-04T03:39:00Z",61.01,-170.08,NA,42,51.51,24.05,"330",40504,NA,NA,NA,0,0,NA,NA,NA,0,0,NA
"1551","2023-09-04T03:39:00Z","20230201013","2023","0201","013","164711","Pacific Cod","Gadus macrocephalus","A0","SC",46.47,223.1,"400601","05","Bering Sea",13,2023,"61-170","S","Can Trawl 400 headrope, 601 sidewalls","2023-09-04T03:09:00Z",60.99,-170.01,"2023-09-04T03:39:00Z",61.01,-170.08,NA,42,51.51,24.05,"330",21720,"8791030401",NA,NA,0,0,NA,NA,NA,0,0,NA
"1552","2023-09-04T03:39:00Z","20230201013","2023","0201","013","551209","Pacific Herring","Clupea pallasi","A1+","TC",2,203,"400601","05","Bering Sea",13,2023,"61-170","S","Can Trawl 400 headrope, 601 sidewalls","2023-09-04T03:09:00Z",60.99,-170.01,"2023-09-04T03:39:00Z",61.01,-170.08,NA,42,51.51,24.05,"330",21110,"8747010201",NA,NA,0,0,NA,NA,NA,0,0,NA
"1553","2023-09-04T03:39:00Z","20230201013","2023","0201","013","934083","Pollock","Gadus chalcogrammus","A0","SC",4930.98,9862,"400601","05","Bering Sea",13,2023,"61-170","S","Can Trawl 400 headrope, 601 sidewalls","2023-09-04T03:09:00Z",60.99,-170.01,"2023-09-04T03:39:00Z",61.01,-170.08,NA,42,51.51,24.05,"330",21740,"8791030701",NA,NA,0,0,NA,NA,NA,0,0,NA
"1554","2023-09-04T03:39:00Z","20230201013","2023","0201","013","934083","Pollock","Gadus chalcogrammus","A1","SC",4.64,79,"400601","05","Bering Sea",13,2023,"61-170","S","Can Trawl 400 headrope, 601 sidewalls","2023-09-04T03:09:00Z",60.99,-170.01,"2023-09-04T03:39:00Z",61.01,-170.08,NA,42,51.51,24.05,"330",21740,"8791030701",NA,NA,0,0,NA,NA,NA,0,0,NA
"1555","2023-09-04T03:39:00Z","20230201013","2023","0201","013","934083","Pollock","Gadus chalcogrammus","A1+","TC",19,12560,"400601","05","Bering Sea",13,2023,"61-170","S","Can Trawl 400 headrope, 601 sidewalls","2023-09-04T03:09:00Z",60.99,-170.01,"2023-09-04T03:39:00Z",61.01,-170.08,NA,42,51.51,24.05,"330",21740,"8791030701",NA,NA,0,0,NA,NA,NA,0,0,NA
"1556","2023-09-04T17:38:00Z","20230201014","2023","0201","014","51641","Northern Sea Nettle","Chrysaora melanaster","U","SC",138.85,63454.7,"400601","05","Bering Sea",14,2023,"61-171","S","Can Trawl 400 headrope, 601 sidewalls","2023-09-04T17:08:00Z",61.01,-170.99,"2023-09-04T17:38:00Z",61.04,-171.01,NA,50,52.9,23.16,"330",40504,NA,NA,NA,0,0,NA,NA,NA,0,0,NA
"1557","2023-09-04T17:38:00Z","20230201014","2023","0201","014","161979","Sockeye Salmon","Oncorhynchus nerka","IM","TC",7,4250,"400601","05","Bering Sea",14,2023,"61-171","S","Can Trawl 400 headrope, 601 sidewalls","2023-09-04T17:08:00Z",61.01,-170.99,"2023-09-04T17:38:00Z",61.04,-171.01,NA,50,52.9,23.16,"330",23240,"8755010205",NA,NA,0,0,NA,NA,NA,0,0,NA
"1558","2023-09-04T17:38:00Z","20230201014","2023","0201","014","162035","Capelin","Mallotus villosus","U","TC",7,69,"400601","05","Bering Sea",14,2023,"61-171","S","Can Trawl 400 headrope, 601 sidewalls","2023-09-04T17:08:00Z",61.01,-170.99,"2023-09-04T17:38:00Z",61.04,-171.01,NA,50,52.9,23.16,"330",23041,"8755030201",NA,NA,0,0,NA,NA,NA,0,0,NA
"1559","2023-09-04T17:38:00Z","20230201014","2023","0201","014","164711","Pacific Cod","Gadus macrocephalus","A0","SC",35.64,261.4,"400601","05","Bering Sea",14,2023,"61-171","S","Can Trawl 400 headrope, 601 sidewalls","2023-09-04T17:08:00Z",61.01,-170.99,"2023-09-04T17:38:00Z",61.04,-171.01,NA,50,52.9,23.16,"330",21720,"8791030401",NA,NA,0,0,NA,NA,NA,0,0,NA
"1560","2023-09-04T17:38:00Z","20230201014","2023","0201","014","167220","Crested Sculpin","Blepsias bilobus","U","TC",0,5,"400601","05","Bering Sea",14,2023,"61-171","S","Can Trawl 400 headrope, 601 sidewalls","2023-09-04T17:08:00Z",61.01,-170.99,"2023-09-04T17:38:00Z",61.04,-171.01,NA,50,52.9,23.16,"330",21397,"8831020601",NA,NA,0,0,NA,NA,NA,0,0,NA
"1561","2023-09-04T17:38:00Z","20230201014","2023","0201","014","551209","Pacific Herring","Clupea pallasi","A1+","TC",1,96,"400601","05","Bering Sea",14,2023,"61-171","S","Can Trawl 400 headrope, 601 sidewalls","2023-09-04T17:08:00Z",61.01,-170.99,"2023-09-04T17:38:00Z",61.04,-171.01,NA,50,52.9,23.16,"330",21110,"8747010201",NA,NA,0,0,NA,NA,NA,0,0,NA
"1562","2023-09-04T17:38:00Z","20230201014","2023","0201","014","622287","Arctic Lamprey","Lethenteron camtschaticum","U","TC",1,92,"400601","05","Bering Sea",14,2023,"61-171","S","Can Trawl 400 headrope, 601 sidewalls","2023-09-04T17:08:00Z",61.01,-170.99,"2023-09-04T17:38:00Z",61.04,-171.01,NA,50,52.9,23.16,"330",NA,"8603010201",NA,NA,0,0,NA,NA,NA,0,0,NA
"1563","2023-09-04T17:38:00Z","20230201014","2023","0201","014","934083","Pollock","Gadus chalcogrammus","A0","SC",4523.24,7072.7,"400601","05","Bering Sea",14,2023,"61-171","S","Can Trawl 400 headrope, 601 sidewalls","2023-09-04T17:08:00Z",61.01,-170.99,"2023-09-04T17:38:00Z",61.04,-171.01,NA,50,52.9,23.16,"330",21740,"8791030701",NA,NA,0,0,NA,NA,NA,0,0,NA
"1564","2023-09-04T17:38:00Z","20230201014","2023","0201","014","934083","Pollock","Gadus chalcogrammus","A1","TC",12,380,"400601","05","Bering Sea",14,2023,"61-171","S","Can Trawl 400 headrope, 601 sidewalls","2023-09-04T17:08:00Z",61.01,-170.99,"2023-09-04T17:38:00Z",61.04,-171.01,NA,50,52.9,23.16,"330",21740,"8791030701",NA,NA,0,0,NA,NA,NA,0,0,NA
"1565","2023-09-04T17:38:00Z","20230201014","2023","0201","014","934083","Pollock","Gadus chalcogrammus","A1+","TC",11,7450,"400601","05","Bering Sea",14,2023,"61-171","S","Can Trawl 400 headrope, 601 sidewalls","2023-09-04T17:08:00Z",61.01,-170.99,"2023-09-04T17:38:00Z",61.04,-171.01,NA,50,52.9,23.16,"330",21740,"8791030701",NA,NA,0,0,NA,NA,NA,0,0,NA
"1566","2023-09-04T22:11:00Z","20230201015","2023","0201","015","51641","Northern Sea Nettle","Chrysaora melanaster","U","TC",134.28,46330,"400601","05","Bering Sea",15,2023,"61.5-171","S","Can Trawl 400 headrope, 601 sidewalls","2023-09-04T21:41:00Z",61.5,-170.97,"2023-09-04T22:11:00Z",61.5,-170.89,NA,45,51.79,23.26,"330",40504,NA,NA,NA,0,0,NA,NA,NA,0,0,NA
"1567","2023-09-04T22:11:00Z","20230201015","2023","0201","015","161977","Coho Salmon","Oncorhynchus kisutch","IM","TC",1,3930,"400601","05","Bering Sea",15,2023,"61.5-171","S","Can Trawl 400 headrope, 601 sidewalls","2023-09-04T21:41:00Z",61.5,-170.97,"2023-09-04T22:11:00Z",61.5,-170.89,NA,45,51.79,23.26,"330",23225,"8755010203",NA,NA,0,0,NA,NA,NA,0,0,NA
"1568","2023-09-04T22:11:00Z","20230201015","2023","0201","015","162035","Capelin","Mallotus villosus","U","TC",4,47,"400601","05","Bering Sea",15,2023,"61.5-171","S","Can Trawl 400 headrope, 601 sidewalls","2023-09-04T21:41:00Z",61.5,-170.97,"2023-09-04T22:11:00Z",61.5,-170.89,NA,45,51.79,23.26,"330",23041,"8755030201",NA,NA,0,0,NA,NA,NA,0,0,NA
"1569","2023-09-04T22:11:00Z","20230201015","2023","0201","015","164711","Pacific Cod","Gadus macrocephalus","A0","TC",5,16,"400601","05","Bering Sea",15,2023,"61.5-171","S","Can Trawl 400 headrope, 601 sidewalls","2023-09-04T21:41:00Z",61.5,-170.97,"2023-09-04T22:11:00Z",61.5,-170.89,NA,45,51.79,23.26,"330",21720,"8791030401",NA,NA,0,0,NA,NA,NA,0,0,NA
"1570","2023-09-04T22:11:00Z","20230201015","2023","0201","015","934083","Pollock","Gadus chalcogrammus","A0","TC",2810.44,4954,"400601","05","Bering Sea",15,2023,"61.5-171","S","Can Trawl 400 headrope, 601 sidewalls","2023-09-04T21:41:00Z",61.5,-170.97,"2023-09-04T22:11:00Z",61.5,-170.89,NA,45,51.79,23.26,"330",21740,"8791030701",NA,NA,0,0,NA,NA,NA,0,0,NA
"1571","2023-09-04T22:11:00Z","20230201015","2023","0201","015","934083","Pollock","Gadus chalcogrammus","A1","TC",1,34,"400601","05","Bering Sea",15,2023,"61.5-171","S","Can Trawl 400 headrope, 601 sidewalls","2023-09-04T21:41:00Z",61.5,-170.97,"2023-09-04T22:11:00Z",61.5,-170.89,NA,45,51.79,23.26,"330",21740,"8791030701",NA,NA,0,0,NA,NA,NA,0,0,NA
"1572","2023-09-04T22:11:00Z","20230201015","2023","0201","015","934083","Pollock","Gadus chalcogrammus","A1+","TC",10,6150,"400601","05","Bering Sea",15,2023,"61.5-171","S","Can Trawl 400 headrope, 601 sidewalls","2023-09-04T21:41:00Z",61.5,-170.97,"2023-09-04T22:11:00Z",61.5,-170.89,NA,45,51.79,23.26,"330",21740,"8791030701",NA,NA,0,0,NA,NA,NA,0,0,NA
"1573","2023-09-05T02:40:00Z","20230201016","2023","0201","016","51641","Northern Sea Nettle","Chrysaora melanaster","U","TC",62.84,28370,"400601","05","Bering Sea",16,2023,"61.5-170","S","Can Trawl 400 headrope, 601 sidewalls","2023-09-05T02:10:00Z",61.49,-169.99,"2023-09-05T02:40:00Z",61.5,-169.93,NA,43,52.41,21.99,"330",40504,NA,NA,NA,0,0,NA,NA,NA,0,0,NA
"1574","2023-09-05T02:40:00Z","20230201016","2023","0201","016","162035","Capelin","Mallotus villosus","U","TC",7,73,"400601","05","Bering Sea",16,2023,"61.5-170","S","Can Trawl 400 headrope, 601 sidewalls","2023-09-05T02:10:00Z",61.49,-169.99,"2023-09-05T02:40:00Z",61.5,-169.93,NA,43,52.41,21.99,"330",23041,"8755030201",NA,NA,0,0,NA,NA,NA,0,0,NA
"1575","2023-09-15T17:16:00Z","20230201044","2023","0201","044","161030","Fish larvae unident.","fish larvae unident.","U","TC",1,1,"400601","05","Bering Sea",44,2023,"64-162.5","S","Can Trawl 400 headrope, 601 sidewalls","2023-09-15T16:46:00Z",64.09,-162.52,"2023-09-15T17:16:00Z",64.09,-162.61,NA,16,46.5,18.37,"330",NA,NA,"BROOKE THINKS CAPELIN ",NA,0,0,NA,NA,NA,0,0,NA
"1576","2023-09-15T17:16:00Z","20230201044","2023","0201","044","161976","Chum Salmon","Oncorhynchus keta","J","TC",1,40,"400601","05","Bering Sea",44,2023,"64-162.5","S","Can Trawl 400 headrope, 601 sidewalls","2023-09-15T16:46:00Z",64.09,-162.52,"2023-09-15T17:16:00Z",64.09,-162.61,NA,16,46.5,18.37,"330",23235,"8755010202",NA,NA,0,0,NA,NA,NA,0,0,NA
"1577","2023-09-15T17:16:00Z","20230201044","2023","0201","044","161980","Chinook Salmon","Oncorhynchus tshawytscha","J","TC",1,48,"400601","05","Bering Sea",44,2023,"64-162.5","S","Can Trawl 400 headrope, 601 sidewalls","2023-09-15T16:46:00Z",64.09,-162.52,"2023-09-15T17:16:00Z",64.09,-162.61,NA,16,46.5,18.37,"330",23220,"8755010206",NA,NA,0,0,NA,NA,NA,0,0,NA
"1578","2023-09-15T17:16:00Z","20230201044","2023","0201","044","162041","Rainbow Smelt","Osmerus mordax dentex","U","SC",5101.05,11366.5,"400601","05","Bering Sea",44,2023,"64-162.5","S","Can Trawl 400 headrope, 601 sidewalls","2023-09-15T16:46:00Z",64.09,-162.52,"2023-09-15T17:16:00Z",64.09,-162.61,NA,16,46.5,18.37,"330",23055,"8755030302",NA,NA,0,0,NA,NA,NA,0,0,NA
"1579","2023-09-15T17:16:00Z","20230201044","2023","0201","044","164708","Saffron Cod","Eleginus gracilis","A0","TC",83.61,872,"400601","05","Bering Sea",44,2023,"64-162.5","S","Can Trawl 400 headrope, 601 sidewalls","2023-09-15T16:46:00Z",64.09,-162.52,"2023-09-15T17:16:00Z",64.09,-162.61,NA,16,46.5,18.37,"330",21735,"8791030301",NA,NA,0,0,NA,NA,NA,0,0,NA
"1580","2023-09-15T17:16:00Z","20230201044","2023","0201","044","166387","Nine-spine Stickleback","Pungitius pungitius","U","SC",3525.52,3957.2,"400601","05","Bering Sea",44,2023,"64-162.5","S","Can Trawl 400 headrope, 601 sidewalls","2023-09-15T16:46:00Z",64.09,-162.52,"2023-09-15T17:16:00Z",64.09,-162.61,NA,16,46.5,18.37,"330",21753,"8818010201",NA,NA,0,0,NA,NA,NA,0,0,NA
"1581","2023-09-15T17:16:00Z","20230201044","2023","0201","044","171672","Arctic Sand Lance","Ammodytes hexapterus","U","TC",1,10,"400601","05","Bering Sea",44,2023,"64-162.5","S","Can Trawl 400 headrope, 601 sidewalls","2023-09-15T16:46:00Z",64.09,-162.52,"2023-09-15T17:16:00Z",64.09,-162.61,NA,16,46.5,18.37,"330",20203,"8845010101",NA,NA,0,0,NA,NA,NA,0,0,NA
"1582","2023-09-15T17:16:00Z","20230201044","2023","0201","044","551209","Pacific Herring","Clupea pallasi","A0","SC",1690.3,11888.5,"400601","05","Bering Sea",44,2023,"64-162.5","S","Can Trawl 400 headrope, 601 sidewalls","2023-09-15T16:46:00Z",64.09,-162.52,"2023-09-15T17:16:00Z",64.09,-162.61,NA,16,46.5,18.37,"330",21110,"8747010201",NA,NA,0,0,NA,NA,NA,0,0,NA
"1583","2023-09-15T17:16:00Z","20230201044","2023","0201","044","551209","Pacific Herring","Clupea pallasi","A1+","TC",7,540,"400601","05","Bering Sea",44,2023,"64-162.5","S","Can Trawl 400 headrope, 601 sidewalls","2023-09-15T16:46:00Z",64.09,-162.52,"2023-09-15T17:16:00Z",64.09,-162.61,NA,16,46.5,18.37,"330",21110,"8747010201",NA,NA,0,0,NA,NA,NA,0,0,NA
"1584","2023-09-15T21:01:00Z","20230201045","2023","0201","045","51669","Cyanea sp.","Cyanea sp.","U","SC",0,927.92,"400601","05","Bering Sea",45,2023,"64-163.5","S","Can Trawl 400 headrope, 601 sidewalls","2023-09-15T20:31:00Z",64.09,-163.53,"2023-09-15T21:01:00Z",64.09,-163.62,NA,20,49.74,19.31,"330",40560,NA,NA,NA,0,0,NA,NA,NA,0,0,NA
"1585","2023-09-15T21:01:00Z","20230201045","2023","0201","045","51700","Aurelia sp.","Aurelia sp.","U","SC",0,9176.16,"400601","05","Bering Sea",45,2023,"64-163.5","S","Can Trawl 400 headrope, 601 sidewalls","2023-09-15T20:31:00Z",64.09,-163.53,"2023-09-15T21:01:00Z",64.09,-163.62,NA,20,49.74,19.31,"330",40511,NA,NA,NA,0,0,NA,NA,NA,0,0,NA
"1586","2023-09-15T21:01:00Z","20230201045","2023","0201","045","161976","Chum Salmon","Oncorhynchus keta","J","TC",3,125,"400601","05","Bering Sea",45,2023,"64-163.5","S","Can Trawl 400 headrope, 601 sidewalls","2023-09-15T20:31:00Z",64.09,-163.53,"2023-09-15T21:01:00Z",64.09,-163.62,NA,20,49.74,19.31,"330",23235,"8755010202",NA,NA,0,0,NA,NA,NA,0,0,NA
"1587","2023-09-15T21:01:00Z","20230201045","2023","0201","045","161980","Chinook Salmon","Oncorhynchus tshawytscha","J","TC",5,528,"400601","05","Bering Sea",45,2023,"64-163.5","S","Can Trawl 400 headrope, 601 sidewalls","2023-09-15T20:31:00Z",64.09,-163.53,"2023-09-15T21:01:00Z",64.09,-163.62,NA,20,49.74,19.31,"330",23220,"8755010206",NA,NA,0,0,NA,NA,NA,0,0,NA
"1588","2023-09-15T21:01:00Z","20230201045","2023","0201","045","162041","Rainbow Smelt","Osmerus mordax dentex","U","SC",309.31,2154.9,"400601","05","Bering Sea",45,2023,"64-163.5","S","Can Trawl 400 headrope, 601 sidewalls","2023-09-15T20:31:00Z",64.09,-163.53,"2023-09-15T21:01:00Z",64.09,-163.62,NA,20,49.74,19.31,"330",23055,"8755030302",NA,NA,0,0,NA,NA,NA,0,0,NA
"1589","2023-09-15T21:01:00Z","20230201045","2023","0201","045","164708","Saffron Cod","Eleginus gracilis","A1+","TC",1,20,"400601","05","Bering Sea",45,2023,"64-163.5","S","Can Trawl 400 headrope, 601 sidewalls","2023-09-15T20:31:00Z",64.09,-163.53,"2023-09-15T21:01:00Z",64.09,-163.62,NA,20,49.74,19.31,"330",21735,"8791030301",NA,NA,0,0,NA,NA,NA,0,0,NA
"1590","2023-09-15T21:01:00Z","20230201045","2023","0201","045","166387","Nine-spine Stickleback","Pungitius pungitius","U","SC",2216.11,2691,"400601","05","Bering Sea",45,2023,"64-163.5","S","Can Trawl 400 headrope, 601 sidewalls","2023-09-15T20:31:00Z",64.09,-163.53,"2023-09-15T21:01:00Z",64.09,-163.62,NA,20,49.74,19.31,"330",21753,"8818010201",NA,NA,0,0,NA,NA,NA,0,0,NA
"1591","2023-09-15T21:01:00Z","20230201045","2023","0201","045","172893","Starry Flounder","Platichthys stellatus","U","TC",2,280,"400601","05","Bering Sea",45,2023,"64-163.5","S","Can Trawl 400 headrope, 601 sidewalls","2023-09-15T20:31:00Z",64.09,-163.53,"2023-09-15T21:01:00Z",64.09,-163.62,NA,20,49.74,19.31,"330",10220,"8857041401",NA,NA,0,0,NA,NA,NA,0,0,NA
"1592","2023-09-15T21:01:00Z","20230201045","2023","0201","045","551209","Pacific Herring","Clupea pallasi","A0","SC",14563.21,43932.4,"400601","05","Bering Sea",45,2023,"64-163.5","S","Can Trawl 400 headrope, 601 sidewalls","2023-09-15T20:31:00Z",64.09,-163.53,"2023-09-15T21:01:00Z",64.09,-163.62,NA,20,49.74,19.31,"330",21110,"8747010201",NA,NA,0,0,NA,NA,NA,0,0,NA
"1593","2023-09-15T21:01:00Z","20230201045","2023","0201","045","551209","Pacific Herring","Clupea pallasi","A1+","SC",41.24,1144.4,"400601","05","Bering Sea",45,2023,"64-163.5","S","Can Trawl 400 headrope, 601 sidewalls","2023-09-15T20:31:00Z",64.09,-163.53,"2023-09-15T21:01:00Z",64.09,-163.62,NA,20,49.74,19.31,"330",21110,"8747010201",NA,NA,0,0,NA,NA,NA,0,0,NA
"1594","2023-09-16T00:42:00Z","20230201046","2023","0201","046","51669","Cyanea sp.","Cyanea sp.","U","SC",108.49,7685.1,"400601","05","Bering Sea",46,2023,"64-164.5","S","Can Trawl 400 headrope, 601 sidewalls","2023-09-16T00:12:00Z",64.1,-164.43,"2023-09-16T00:42:00Z",64.1,-164.37,NA,16,52,20,"330",40560,NA,NA,NA,0,0,NA,NA,NA,0,0,NA
"1595","2023-09-16T00:42:00Z","20230201046","2023","0201","046","51700","Aurelia sp.","Aurelia sp.","U","SC",0,24773.16,"400601","05","Bering Sea",46,2023,"64-164.5","S","Can Trawl 400 headrope, 601 sidewalls","2023-09-16T00:12:00Z",64.1,-164.43,"2023-09-16T00:42:00Z",64.1,-164.37,NA,16,52,20,"330",40511,NA,NA,NA,0,0,NA,NA,NA,0,0,NA
"1596","2023-09-16T00:42:00Z","20230201046","2023","0201","046","161976","Chum Salmon","Oncorhynchus keta","J","TC",26,1069,"400601","05","Bering Sea",46,2023,"64-164.5","S","Can Trawl 400 headrope, 601 sidewalls","2023-09-16T00:12:00Z",64.1,-164.43,"2023-09-16T00:42:00Z",64.1,-164.37,NA,16,52,20,"330",23235,"8755010202",NA,NA,0,0,NA,NA,NA,0,0,NA
"1597","2023-09-16T00:42:00Z","20230201046","2023","0201","046","161977","Coho Salmon","Oncorhynchus kisutch","J","TC",1,182,"400601","05","Bering Sea",46,2023,"64-164.5","S","Can Trawl 400 headrope, 601 sidewalls","2023-09-16T00:12:00Z",64.1,-164.43,"2023-09-16T00:42:00Z",64.1,-164.37,NA,16,52,20,"330",23225,"8755010203",NA,NA,0,0,NA,NA,NA,0,0,NA
"1598","2023-09-16T00:42:00Z","20230201046","2023","0201","046","161980","Chinook Salmon","Oncorhynchus tshawytscha","J","TC",25,2898,"400601","05","Bering Sea",46,2023,"64-164.5","S","Can Trawl 400 headrope, 601 sidewalls","2023-09-16T00:12:00Z",64.1,-164.43,"2023-09-16T00:42:00Z",64.1,-164.37,NA,16,52,20,"330",23220,"8755010206",NA,NA,0,0,NA,NA,NA,0,0,NA
"1599","2023-09-16T00:42:00Z","20230201046","2023","0201","046","162041","Rainbow Smelt","Osmerus mordax dentex","U","SC",1790.86,9312.5,"400601","05","Bering Sea",46,2023,"64-164.5","S","Can Trawl 400 headrope, 601 sidewalls","2023-09-16T00:12:00Z",64.1,-164.43,"2023-09-16T00:42:00Z",64.1,-164.37,NA,16,52,20,"330",23055,"8755030302",NA,NA,0,0,NA,NA,NA,0,0,NA
"1600","2023-09-16T00:42:00Z","20230201046","2023","0201","046","164708","Saffron Cod","Eleginus gracilis","A0","TC",2,9,"400601","05","Bering Sea",46,2023,"64-164.5","S","Can Trawl 400 headrope, 601 sidewalls","2023-09-16T00:12:00Z",64.1,-164.43,"2023-09-16T00:42:00Z",64.1,-164.37,NA,16,52,20,"330",21735,"8791030301",NA,NA,0,0,NA,NA,NA,0,0,NA
"1601","2023-09-16T00:42:00Z","20230201046","2023","0201","046","164708","Saffron Cod","Eleginus gracilis","A1+","TC",12,1120,"400601","05","Bering Sea",46,2023,"64-164.5","S","Can Trawl 400 headrope, 601 sidewalls","2023-09-16T00:12:00Z",64.1,-164.43,"2023-09-16T00:42:00Z",64.1,-164.37,NA,16,52,20,"330",21735,"8791030301",NA,NA,0,0,NA,NA,NA,0,0,NA
"1602","2023-09-16T00:42:00Z","20230201046","2023","0201","046","166365","Threespine stickleback","Gasterosteus aculeatus","U","TC",1,5,"400601","05","Bering Sea",46,2023,"64-164.5","S","Can Trawl 400 headrope, 601 sidewalls","2023-09-16T00:12:00Z",64.1,-164.43,"2023-09-16T00:42:00Z",64.1,-164.37,NA,16,52,20,"330",21752,"8818010101",NA,NA,0,0,NA,NA,NA,0,0,NA
"1603","2023-09-16T00:42:00Z","20230201046","2023","0201","046","166387","Nine-spine Stickleback","Pungitius pungitius","U","SC",1279.83,1772.1,"400601","05","Bering Sea",46,2023,"64-164.5","S","Can Trawl 400 headrope, 601 sidewalls","2023-09-16T00:12:00Z",64.1,-164.43,"2023-09-16T00:42:00Z",64.1,-164.37,NA,16,52,20,"330",21753,"8818010201",NA,NA,0,0,NA,NA,NA,0,0,NA
"1604","2023-09-16T00:42:00Z","20230201046","2023","0201","046","551209","Pacific Herring","Clupea pallasi","A0","SC",4387.11,25577.7,"400601","05","Bering Sea",46,2023,"64-164.5","S","Can Trawl 400 headrope, 601 sidewalls","2023-09-16T00:12:00Z",64.1,-164.43,"2023-09-16T00:42:00Z",64.1,-164.37,NA,16,52,20,"330",21110,"8747010201",NA,NA,0,0,NA,NA,NA,0,0,NA
"1605","2023-09-16T00:42:00Z","20230201046","2023","0201","046","551209","Pacific Herring","Clupea pallasi","A1+","TC",11,690,"400601","05","Bering Sea",46,2023,"64-164.5","S","Can Trawl 400 headrope, 601 sidewalls","2023-09-16T00:12:00Z",64.1,-164.43,"2023-09-16T00:42:00Z",64.1,-164.37,NA,16,52,20,"330",21110,"8747010201",NA,NA,0,0,NA,NA,NA,0,0,NA
"1606","2023-09-16T00:42:00Z","20230201046","2023","0201","046","934083","Pollock","Gadus chalcogrammus","A0","TC",1,10,"400601","05","Bering Sea",46,2023,"64-164.5","S","Can Trawl 400 headrope, 601 sidewalls","2023-09-16T00:12:00Z",64.1,-164.43,"2023-09-16T00:42:00Z",64.1,-164.37,NA,16,52,20,"330",21740,"8791030701",NA,NA,0,0,NA,NA,NA,0,0,NA
