year,station,time,stationid,speciestsn,commonname,scientificname,lhscode,samplingmethodcode,totalcatchnum,totalcatchwt,gearcode,eventcode,lme,masterstation,tow_type,gear_description,eqtime,eq_latitude,eq_longitude,haulback_time,haulback_latitude,haulback_longitude,speed,bottom_depth,avgnethorizontalopening,avgnetverticalopening,mwo,racecode,nodccode,notes,gearin_time,gearin_latitude,gearin_longitude,vessel,vesselname,gear_depth,gearout_latitude,gearout_longitude,gearout_time
2021,2,2021-08-20T21:20:00Z,20210201002,51669,Cyanea sp.,Cyanea sp.,U,NA,1,380,400601,4,Bering Sea,NA,S,"Can Trawl 400 headrope, 601 sidewalls",2021-08-20T20:50:00Z,59.99,-169.02,2021-08-20T21:20:00Z,59.99,-169.1,NA,41,50.5,14.5,330,40560,NA,NA,NA,0,0,NA,NA,NA,0,0,NA
2021,2,2021-08-20T21:20:00Z,20210201002,161976,Chum Salmon,Oncorhynchus keta,IM,NA,1,5920,400601,4,Bering Sea,NA,S,"Can Trawl 400 headrope, 601 sidewalls",2021-08-20T20:50:00Z,59.99,-169.02,2021-08-20T21:20:00Z,59.99,-169.1,NA,41,50.5,14.5,330,23235,8755010202,NA,NA,0,0,NA,NA,NA,0,0,NA
2021,2,2021-08-20T21:20:00Z,20210201002,161980,Chinook Salmon,Oncorhynchus tshawytscha,IM,NA,1,570,400601,4,Bering Sea,NA,S,"Can Trawl 400 headrope, 601 sidewalls",2021-08-20T20:50:00Z,59.99,-169.02,2021-08-20T21:20:00Z,59.99,-169.1,NA,41,50.5,14.5,330,23220,8755010206,NA,NA,0,0,NA,NA,NA,0,0,NA
2021,2,2021-08-20T21:20:00Z,20210201002,934083,Pollock,Gadus chalcogrammus,A0,NA,2489.39,1643,400601,4,Bering Sea,NA,S,"Can Trawl 400 headrope, 601 sidewalls",2021-08-20T20:50:00Z,59.99,-169.02,2021-08-20T21:20:00Z,59.99,-169.1,NA,41,50.5,14.5,330,21740,8791030701,NA,NA,0,0,NA,NA,NA,0,0,NA
2021,2,2021-08-20T21:20:00Z,20210201002,934083,Pollock,Gadus chalcogrammus,A1+,NA,2,1630,400601,4,Bering Sea,NA,S,"Can Trawl 400 headrope, 601 sidewalls",2021-08-20T20:50:00Z,59.99,-169.02,2021-08-20T21:20:00Z,59.99,-169.1,NA,41,50.5,14.5,330,21740,8791030701,NA,NA,0,0,NA,NA,NA,0,0,NA
2021,5,2021-08-31T21:47:00Z,20210201005,50623,Aequorea  sp.,Aequorea sp.,U,NA,1,200,400601,4,Bering Sea,NA,S,"Can Trawl 400 headrope, 601 sidewalls",2021-08-31T21:17:00Z,60.5,-170.96,2021-08-31T21:47:00Z,60.51,-170.9,NA,62,45.68,22.36,330,40506,NA,NA,NA,0,0,NA,NA,NA,0,0,NA
2021,5,2021-08-31T21:47:00Z,20210201005,161980,Chinook Salmon,Oncorhynchus tshawytscha,IM,NA,2,1650,400601,4,Bering Sea,NA,S,"Can Trawl 400 headrope, 601 sidewalls",2021-08-31T21:17:00Z,60.5,-170.96,2021-08-31T21:47:00Z,60.51,-170.9,NA,62,45.68,22.36,330,23220,8755010206,NA,NA,0,0,NA,NA,NA,0,0,NA
2021,5,2021-08-31T21:47:00Z,20210201005,166387,Nine-spine Stickleback,Pungitius pungitius,A0,NA,45,326,400601,4,Bering Sea,NA,S,"Can Trawl 400 headrope, 601 sidewalls",2021-08-31T21:17:00Z,60.5,-170.96,2021-08-31T21:47:00Z,60.51,-170.9,NA,62,45.68,22.36,330,21753,8818010201,NA,NA,0,0,NA,NA,NA,0,0,NA
2021,5,2021-08-31T21:47:00Z,20210201005,167123,Sablefish,Anoplopoma fimbria,A0,NA,1,7,400601,4,Bering Sea,NA,S,"Can Trawl 400 headrope, 601 sidewalls",2021-08-31T21:17:00Z,60.5,-170.96,2021-08-31T21:47:00Z,60.51,-170.9,NA,62,45.68,22.36,330,20510,8827020101,NA,NA,0,0,NA,NA,NA,0,0,NA
2021,5,2021-08-31T21:47:00Z,20210201005,551209,Pacific Herring,Clupea pallasi,U,NA,84.15,7490,400601,4,Bering Sea,NA,S,"Can Trawl 400 headrope, 601 sidewalls",2021-08-31T21:17:00Z,60.5,-170.96,2021-08-31T21:47:00Z,60.51,-170.9,NA,62,45.68,22.36,330,21110,8747010201,NA,NA,0,0,NA,NA,NA,0,0,NA
2021,5,2021-08-31T21:47:00Z,20210201005,934083,Pollock,Gadus chalcogrammus,A0,NA,6046.52,7033.7,400601,4,Bering Sea,NA,S,"Can Trawl 400 headrope, 601 sidewalls",2021-08-31T21:17:00Z,60.5,-170.96,2021-08-31T21:47:00Z,60.51,-170.9,NA,62,45.68,22.36,330,21740,8791030701,NA,NA,0,0,NA,NA,NA,0,0,NA
2021,8,2021-09-01T21:18:00Z,20210201008,161975,Pink Salmon,Oncorhynchus gorbuscha,J,NA,117.27,4380,400601,4,Bering Sea,NA,S,"Can Trawl 400 headrope, 601 sidewalls",2021-09-01T20:48:00Z,60.5,-167.97,2021-09-01T21:18:00Z,60.5,-167.91,NA,29,51.75,17.05,330,23230,8755010201,NA,NA,0,0,NA,NA,NA,0,0,NA
2021,8,2021-09-01T21:18:00Z,20210201008,161976,Chum Salmon,Oncorhynchus keta,J,NA,301.48,13360,400601,4,Bering Sea,NA,S,"Can Trawl 400 headrope, 601 sidewalls",2021-09-01T20:48:00Z,60.5,-167.97,2021-09-01T21:18:00Z,60.5,-167.91,NA,29,51.75,17.05,330,23235,8755010202,NA,NA,0,0,NA,NA,NA,0,0,NA
2021,8,2021-09-01T21:18:00Z,20210201008,161977,Coho Salmon,Oncorhynchus kisutch,J,NA,12,2578,400601,4,Bering Sea,NA,S,"Can Trawl 400 headrope, 601 sidewalls",2021-09-01T20:48:00Z,60.5,-167.97,2021-09-01T21:18:00Z,60.5,-167.91,NA,29,51.75,17.05,330,23225,8755010203,NA,NA,0,0,NA,NA,NA,0,0,NA
2021,8,2021-09-01T21:18:00Z,20210201008,166387,Nine-spine Stickleback,Pungitius pungitius,A0,NA,1,6,400601,4,Bering Sea,NA,S,"Can Trawl 400 headrope, 601 sidewalls",2021-09-01T20:48:00Z,60.5,-167.97,2021-09-01T21:18:00Z,60.5,-167.91,NA,29,51.75,17.05,330,21753,8818010201,NA,NA,0,0,NA,NA,NA,0,0,NA
2021,8,2021-09-01T21:18:00Z,20210201008,622287,Arctic Lamprey,Lethenteron camtschaticum,U,NA,2,63,400601,4,Bering Sea,NA,S,"Can Trawl 400 headrope, 601 sidewalls",2021-09-01T20:48:00Z,60.5,-167.97,2021-09-01T21:18:00Z,60.5,-167.91,NA,29,51.75,17.05,330,NA,8603010201,NA,NA,0,0,NA,NA,NA,0,0,NA
2021,8,2021-09-01T21:18:00Z,20210201008,934083,Pollock,Gadus chalcogrammus,A0,NA,421.4,1318,400601,4,Bering Sea,NA,S,"Can Trawl 400 headrope, 601 sidewalls",2021-09-01T20:48:00Z,60.5,-167.97,2021-09-01T21:18:00Z,60.5,-167.91,NA,29,51.75,17.05,330,21740,8791030701,NA,NA,0,0,NA,NA,NA,0,0,NA
2021,11,2021-09-02T21:28:00Z,20210201011,50513,Staurophora mertensi,Staurophora mertensi,U,NA,0,50,400601,4,Bering Sea,NA,S,"Can Trawl 400 headrope, 601 sidewalls",2021-09-02T20:58:00Z,61,-168.05,2021-09-02T21:28:00Z,61,-168.12,NA,29,49,17.9,330,NA,40562,NA,NA,0,0,NA,NA,NA,0,0,NA
2021,11,2021-09-02T21:28:00Z,20210201011,51669,Cyanea sp.,Cyanea sp.,U,NA,0,240,400601,4,Bering Sea,NA,S,"Can Trawl 400 headrope, 601 sidewalls",2021-09-02T20:58:00Z,61,-168.05,2021-09-02T21:28:00Z,61,-168.12,NA,29,49,17.9,330,40560,NA,NA,NA,0,0,NA,NA,NA,0,0,NA
2021,11,2021-09-02T21:28:00Z,20210201011,51700,Aurelia sp.,Aurelia sp.,U,NA,0,110,400601,4,Bering Sea,NA,S,"Can Trawl 400 headrope, 601 sidewalls",2021-09-02T20:58:00Z,61,-168.05,2021-09-02T21:28:00Z,61,-168.12,NA,29,49,17.9,330,40511,NA,NA,NA,0,0,NA,NA,NA,0,0,NA
2021,11,2021-09-02T21:28:00Z,20210201011,161975,Pink Salmon,Oncorhynchus gorbuscha,J,NA,677.08,26000,400601,4,Bering Sea,NA,S,"Can Trawl 400 headrope, 601 sidewalls",2021-09-02T20:58:00Z,61,-168.05,2021-09-02T21:28:00Z,61,-168.12,NA,29,49,17.9,330,23230,8755010201,NA,NA,0,0,NA,NA,NA,0,0,NA
2021,11,2021-09-02T21:28:00Z,20210201011,161976,Chum Salmon,Oncorhynchus keta,J,NA,1940.71,119936,400601,4,Bering Sea,NA,S,"Can Trawl 400 headrope, 601 sidewalls",2021-09-02T20:58:00Z,61,-168.05,2021-09-02T21:28:00Z,61,-168.12,NA,29,49,17.9,330,23235,8755010202,NA,NA,0,0,NA,NA,NA,0,0,NA
2021,11,2021-09-02T21:28:00Z,20210201011,161977,Coho Salmon,Oncorhynchus kisutch,J,NA,10,2064,400601,4,Bering Sea,NA,S,"Can Trawl 400 headrope, 601 sidewalls",2021-09-02T20:58:00Z,61,-168.05,2021-09-02T21:28:00Z,61,-168.12,NA,29,49,17.9,330,23225,8755010203,NA,NA,0,0,NA,NA,NA,0,0,NA
2021,11,2021-09-02T21:28:00Z,20210201011,161980,Chinook Salmon,Oncorhynchus tshawytscha,J,NA,1,110,400601,4,Bering Sea,NA,S,"Can Trawl 400 headrope, 601 sidewalls",2021-09-02T20:58:00Z,61,-168.05,2021-09-02T21:28:00Z,61,-168.12,NA,29,49,17.9,330,23220,8755010206,NA,NA,0,0,NA,NA,NA,0,0,NA
2021,11,2021-09-02T21:28:00Z,20210201011,551209,Pacific Herring,Clupea pallasi,A1+,NA,121.18,7150,400601,4,Bering Sea,NA,S,"Can Trawl 400 headrope, 601 sidewalls",2021-09-02T20:58:00Z,61,-168.05,2021-09-02T21:28:00Z,61,-168.12,NA,29,49,17.9,330,21110,8747010201,NA,NA,0,0,NA,NA,NA,0,0,NA
2021,11,2021-09-02T21:28:00Z,20210201011,622287,Arctic Lamprey,Lethenteron camtschaticum,U,NA,2,144,400601,4,Bering Sea,NA,S,"Can Trawl 400 headrope, 601 sidewalls",2021-09-02T20:58:00Z,61,-168.05,2021-09-02T21:28:00Z,61,-168.12,NA,29,49,17.9,330,NA,8603010201,NA,NA,0,0,NA,NA,NA,0,0,NA
2021,11,2021-09-02T21:28:00Z,20210201011,934083,Pollock,Gadus chalcogrammus,A0,NA,28,73,400601,4,Bering Sea,NA,S,"Can Trawl 400 headrope, 601 sidewalls",2021-09-02T20:58:00Z,61,-168.05,2021-09-02T21:28:00Z,61,-168.12,NA,29,49,17.9,330,21740,8791030701,NA,NA,0,0,NA,NA,NA,0,0,NA
2021,17,2021-09-04T21:26:00Z,20210201017,50513,Staurophora mertensi,Staurophora mertensi,U,NA,0,100,400601,3,Bering Sea,NA,S,"Can Trawl 400 headrope, 601 sidewalls",2021-09-04T20:56:00Z,61.5,-168.97,2021-09-04T21:26:00Z,61.5,-168.9,NA,36,49.63,20.38,330,NA,40562,NA,NA,0,0,NA,NA,NA,0,0,NA
2021,17,2021-09-04T21:26:00Z,20210201017,51641,Northern Sea Nettle,Chrysaora melanaster,U,NA,0,10770,400601,3,Bering Sea,NA,S,"Can Trawl 400 headrope, 601 sidewalls",2021-09-04T20:56:00Z,61.5,-168.97,2021-09-04T21:26:00Z,61.5,-168.9,NA,36,49.63,20.38,330,40504,NA,NA,NA,0,0,NA,NA,NA,0,0,NA
2021,17,2021-09-04T21:26:00Z,20210201017,161980,Chinook Salmon,Oncorhynchus tshawytscha,IM,NA,2,5440,400601,3,Bering Sea,NA,S,"Can Trawl 400 headrope, 601 sidewalls",2021-09-04T20:56:00Z,61.5,-168.97,2021-09-04T21:26:00Z,61.5,-168.9,NA,36,49.63,20.38,330,23220,8755010206,NA,NA,0,0,NA,NA,NA,0,0,NA
2021,17,2021-09-04T21:26:00Z,20210201017,171672,Arctic Sand Lance,Ammodytes hexapterus,U,NA,53,31,400601,3,Bering Sea,NA,S,"Can Trawl 400 headrope, 601 sidewalls",2021-09-04T20:56:00Z,61.5,-168.97,2021-09-04T21:26:00Z,61.5,-168.9,NA,36,49.63,20.38,330,20203,8845010101,NA,NA,0,0,NA,NA,NA,0,0,NA
2021,17,2021-09-04T21:26:00Z,20210201017,622287,Arctic Lamprey,Lethenteron camtschaticum,U,NA,1,8,400601,3,Bering Sea,NA,S,"Can Trawl 400 headrope, 601 sidewalls",2021-09-04T20:56:00Z,61.5,-168.97,2021-09-04T21:26:00Z,61.5,-168.9,NA,36,49.63,20.38,330,NA,8603010201,NA,NA,0,0,NA,NA,NA,0,0,NA
2021,17,2021-09-04T21:26:00Z,20210201017,644362,Veteran Poacher,Podothecus veternus,U,NA,1,15,400601,3,Bering Sea,NA,S,"Can Trawl 400 headrope, 601 sidewalls",2021-09-04T20:56:00Z,61.5,-168.97,2021-09-04T21:26:00Z,61.5,-168.9,NA,36,49.63,20.38,330,NA,NA,NA,NA,0,0,NA,NA,NA,0,0,NA
2021,17,2021-09-04T21:26:00Z,20210201017,934083,Pollock,Gadus chalcogrammus,A0,NA,28,30,400601,3,Bering Sea,NA,S,"Can Trawl 400 headrope, 601 sidewalls",2021-09-04T20:56:00Z,61.5,-168.97,2021-09-04T21:26:00Z,61.5,-168.9,NA,36,49.63,20.38,330,21740,8791030701,NA,NA,0,0,NA,NA,NA,0,0,NA
2021,17,2021-09-04T21:26:00Z,20210201017,934083,Pollock,Gadus chalcogrammus,A1+,NA,1,700,400601,3,Bering Sea,NA,S,"Can Trawl 400 headrope, 601 sidewalls",2021-09-04T20:56:00Z,61.5,-168.97,2021-09-04T21:26:00Z,61.5,-168.9,NA,36,49.63,20.38,330,21740,8791030701,NA,NA,0,0,NA,NA,NA,0,0,NA
2021,20,2021-09-05T21:58:00Z,20210201020,50513,Staurophora mertensi,Staurophora mertensi,U,NA,0,124,400601,3,Bering Sea,NA,S,"Can Trawl 400 headrope, 601 sidewalls",2021-09-05T21:28:00Z,61.99,-167.04,2021-09-05T21:58:00Z,61.99,-167.12,NA,29,52,18.86,330,NA,40562,NA,NA,0,0,NA,NA,NA,0,0,NA
2021,20,2021-09-05T21:58:00Z,20210201020,51641,Northern Sea Nettle,Chrysaora melanaster,U,NA,0,560,400601,3,Bering Sea,NA,S,"Can Trawl 400 headrope, 601 sidewalls",2021-09-05T21:28:00Z,61.99,-167.04,2021-09-05T21:58:00Z,61.99,-167.12,NA,29,52,18.86,330,40504,NA,NA,NA,0,0,NA,NA,NA,0,0,NA
2021,20,2021-09-05T21:58:00Z,20210201020,51669,Cyanea sp.,Cyanea sp.,U,NA,0,500,400601,3,Bering Sea,NA,S,"Can Trawl 400 headrope, 601 sidewalls",2021-09-05T21:28:00Z,61.99,-167.04,2021-09-05T21:58:00Z,61.99,-167.12,NA,29,52,18.86,330,40560,NA,NA,NA,0,0,NA,NA,NA,0,0,NA
2021,20,2021-09-05T21:58:00Z,20210201020,51700,Aurelia sp.,Aurelia sp.,U,NA,0,50,400601,3,Bering Sea,NA,S,"Can Trawl 400 headrope, 601 sidewalls",2021-09-05T21:28:00Z,61.99,-167.04,2021-09-05T21:58:00Z,61.99,-167.12,NA,29,52,18.86,330,40511,NA,NA,NA,0,0,NA,NA,NA,0,0,NA
2021,20,2021-09-05T21:58:00Z,20210201020,161976,Chum Salmon,Oncorhynchus keta,J,NA,31,1240,400601,3,Bering Sea,NA,S,"Can Trawl 400 headrope, 601 sidewalls",2021-09-05T21:28:00Z,61.99,-167.04,2021-09-05T21:58:00Z,61.99,-167.12,NA,29,52,18.86,330,23235,8755010202,NA,NA,0,0,NA,NA,NA,0,0,NA
2021,20,2021-09-05T21:58:00Z,20210201020,161977,Coho Salmon,Oncorhynchus kisutch,J,NA,32,4890,400601,3,Bering Sea,NA,S,"Can Trawl 400 headrope, 601 sidewalls",2021-09-05T21:28:00Z,61.99,-167.04,2021-09-05T21:58:00Z,61.99,-167.12,NA,29,52,18.86,330,23225,8755010203,NA,NA,0,0,NA,NA,NA,0,0,NA
2021,20,2021-09-05T21:58:00Z,20210201020,161980,Chinook Salmon,Oncorhynchus tshawytscha,J,NA,5,440,400601,3,Bering Sea,NA,S,"Can Trawl 400 headrope, 601 sidewalls",2021-09-05T21:28:00Z,61.99,-167.04,2021-09-05T21:58:00Z,61.99,-167.12,NA,29,52,18.86,330,23220,8755010206,NA,NA,0,0,NA,NA,NA,0,0,NA
2021,20,2021-09-05T21:58:00Z,20210201020,166387,Nine-spine Stickleback,Pungitius pungitius,U,NA,101.66,61,400601,3,Bering Sea,NA,S,"Can Trawl 400 headrope, 601 sidewalls",2021-09-05T21:28:00Z,61.99,-167.04,2021-09-05T21:58:00Z,61.99,-167.12,NA,29,52,18.86,330,21753,8818010201,NA,NA,0,0,NA,NA,NA,0,0,NA
2021,20,2021-09-05T21:58:00Z,20210201020,167220,Crested Sculpin,Blepsias bilobus,U,NA,1,8,400601,3,Bering Sea,NA,S,"Can Trawl 400 headrope, 601 sidewalls",2021-09-05T21:28:00Z,61.99,-167.04,2021-09-05T21:58:00Z,61.99,-167.12,NA,29,52,18.86,330,21397,8831020601,NA,NA,0,0,NA,NA,NA,0,0,NA
2021,20,2021-09-05T21:58:00Z,20210201020,167312,Plain Sculpin,Myoxocephalus jaok,U,NA,1,567,400601,3,Bering Sea,NA,S,"Can Trawl 400 headrope, 601 sidewalls",2021-09-05T21:28:00Z,61.99,-167.04,2021-09-05T21:58:00Z,61.99,-167.12,NA,29,52,18.86,330,21371,8831022201,NA,NA,0,0,NA,NA,NA,0,0,NA
2021,20,2021-09-05T21:58:00Z,20210201020,622287,Arctic Lamprey,Lethenteron camtschaticum,U,NA,5,295,400601,3,Bering Sea,NA,S,"Can Trawl 400 headrope, 601 sidewalls",2021-09-05T21:28:00Z,61.99,-167.04,2021-09-05T21:58:00Z,61.99,-167.12,NA,29,52,18.86,330,NA,8603010201,NA,NA,0,0,NA,NA,NA,0,0,NA
2021,23,2021-09-06T22:01:00Z,20210201023,162035,Capelin,Mallotus villosus,A0,NA,1,2,400601,5,Bering Sea,NA,S,"Can Trawl 400 headrope, 601 sidewalls",2021-09-06T21:31:00Z,61.99,-170.02,2021-09-06T22:01:00Z,61.97,-170.08,NA,44,50.02,22.94,330,23041,8755030201,NA,NA,0,0,NA,NA,NA,0,0,NA
2021,23,2021-09-06T22:01:00Z,20210201023,166387,Nine-spine Stickleback,Pungitius pungitius,A0,NA,6,17,400601,5,Bering Sea,NA,S,"Can Trawl 400 headrope, 601 sidewalls",2021-09-06T21:31:00Z,61.99,-170.02,2021-09-06T22:01:00Z,61.97,-170.08,NA,44,50.02,22.94,330,21753,8818010201,NA,NA,0,0,NA,NA,NA,0,0,NA
2021,23,2021-09-06T22:01:00Z,20210201023,171672,Arctic Sand Lance,Ammodytes hexapterus,U,NA,30,20,400601,5,Bering Sea,NA,S,"Can Trawl 400 headrope, 601 sidewalls",2021-09-06T21:31:00Z,61.99,-170.02,2021-09-06T22:01:00Z,61.97,-170.08,NA,44,50.02,22.94,330,20203,8845010101,NA,NA,0,0,NA,NA,NA,0,0,NA
2021,23,2021-09-06T22:01:00Z,20210201023,622287,Arctic Lamprey,Lethenteron camtschaticum,U,NA,4,390,400601,5,Bering Sea,NA,S,"Can Trawl 400 headrope, 601 sidewalls",2021-09-06T21:31:00Z,61.99,-170.02,2021-09-06T22:01:00Z,61.97,-170.08,NA,44,50.02,22.94,330,NA,8603010201,NA,NA,0,0,NA,NA,NA,0,0,NA
2021,23,2021-09-06T22:01:00Z,20210201023,934083,Pollock,Gadus chalcogrammus,A,NA,4,3200,400601,5,Bering Sea,NA,S,"Can Trawl 400 headrope, 601 sidewalls",2021-09-06T21:31:00Z,61.99,-170.02,2021-09-06T22:01:00Z,61.97,-170.08,NA,44,50.02,22.94,330,21740,8791030701,NA,NA,0,0,NA,NA,NA,0,0,NA
2021,23,2021-09-06T22:01:00Z,20210201023,934083,Pollock,Gadus chalcogrammus,A0,NA,4502.21,3228,400601,5,Bering Sea,NA,S,"Can Trawl 400 headrope, 601 sidewalls",2021-09-06T21:31:00Z,61.99,-170.02,2021-09-06T22:01:00Z,61.97,-170.08,NA,44,50.02,22.94,330,21740,8791030701,NA,NA,0,0,NA,NA,NA,0,0,NA
2021,23,2021-09-06T22:01:00Z,20210201023,934083,Pollock,Gadus chalcogrammus,A1+,NA,47,1770,400601,5,Bering Sea,NA,S,"Can Trawl 400 headrope, 601 sidewalls",2021-09-06T21:31:00Z,61.99,-170.02,2021-09-06T22:01:00Z,61.97,-170.08,NA,44,50.02,22.94,330,21740,8791030701,NA,NA,0,0,NA,NA,NA,0,0,NA
2021,23,2021-09-06T22:01:00Z,20210201023,51641,Northern Sea Nettle,Chrysaora melanaster,U,NA,0,4050,400601,5,Bering Sea,NA,S,"Can Trawl 400 headrope, 601 sidewalls",2021-09-06T21:31:00Z,61.99,-170.02,2021-09-06T22:01:00Z,61.97,-170.08,NA,44,50.02,22.94,330,40504,NA,NA,NA,0,0,NA,NA,NA,0,0,NA
2021,26,2021-09-07T21:45:00Z,20210201026,51641,Northern Sea Nettle,Chrysaora melanaster,U,NA,0,156807.89,400601,4,Bering Sea,NA,S,"Can Trawl 400 headrope, 601 sidewalls",2021-09-07T21:15:00Z,62.49,-169.91,2021-09-07T21:45:00Z,62.5,-169.82,NA,36,45.89,20.8,330,40504,NA,NA,NA,0,0,NA,NA,NA,0,0,NA
2021,26,2021-09-07T21:45:00Z,20210201026,161980,Chinook Salmon,Oncorhynchus tshawytscha,IM,NA,1,516,400601,4,Bering Sea,NA,S,"Can Trawl 400 headrope, 601 sidewalls",2021-09-07T21:15:00Z,62.49,-169.91,2021-09-07T21:45:00Z,62.5,-169.82,NA,36,45.89,20.8,330,23220,8755010206,NA,NA,0,0,NA,NA,NA,0,0,NA
2021,26,2021-09-07T21:45:00Z,20210201026,161980,Chinook Salmon,Oncorhynchus tshawytscha,J,NA,1,302,400601,4,Bering Sea,NA,S,"Can Trawl 400 headrope, 601 sidewalls",2021-09-07T21:15:00Z,62.49,-169.91,2021-09-07T21:45:00Z,62.5,-169.82,NA,36,45.89,20.8,330,23220,8755010206,NA,NA,0,0,NA,NA,NA,0,0,NA
2021,26,2021-09-07T21:45:00Z,20210201026,166387,Nine-spine Stickleback,Pungitius pungitius,A0,NA,6.82,40.9,400601,4,Bering Sea,NA,S,"Can Trawl 400 headrope, 601 sidewalls",2021-09-07T21:15:00Z,62.49,-169.91,2021-09-07T21:45:00Z,62.5,-169.82,NA,36,45.89,20.8,330,21753,8818010201,NA,NA,0,0,NA,NA,NA,0,0,NA
2021,26,2021-09-07T21:45:00Z,20210201026,167485,Smooth Lumpsucker,Aptocyclus ventricosus,U,NA,1,2820,400601,4,Bering Sea,NA,S,"Can Trawl 400 headrope, 601 sidewalls",2021-09-07T21:15:00Z,62.49,-169.91,2021-09-07T21:45:00Z,62.5,-169.82,NA,36,45.89,20.8,330,22175,8831090101,NA,NA,0,0,NA,NA,NA,0,0,NA
2021,26,2021-09-07T21:45:00Z,20210201026,171672,Arctic Sand Lance,Ammodytes hexapterus,U,NA,6.82,6.8,400601,4,Bering Sea,NA,S,"Can Trawl 400 headrope, 601 sidewalls",2021-09-07T21:15:00Z,62.49,-169.91,2021-09-07T21:45:00Z,62.5,-169.82,NA,36,45.89,20.8,330,20203,8845010101,NA,NA,0,0,NA,NA,NA,0,0,NA
2021,26,2021-09-07T21:45:00Z,20210201026,934083,Pollock,Gadus chalcogrammus,A0,NA,2302.47,4740.4,400601,4,Bering Sea,NA,S,"Can Trawl 400 headrope, 601 sidewalls",2021-09-07T21:15:00Z,62.49,-169.91,2021-09-07T21:45:00Z,62.5,-169.82,NA,36,45.89,20.8,330,21740,8791030701,NA,NA,0,0,NA,NA,NA,0,0,NA
2021,26,2021-09-07T21:45:00Z,20210201026,934083,Pollock,Gadus chalcogrammus,A1+,NA,1,442,400601,4,Bering Sea,NA,S,"Can Trawl 400 headrope, 601 sidewalls",2021-09-07T21:15:00Z,62.49,-169.91,2021-09-07T21:45:00Z,62.5,-169.82,NA,36,45.89,20.8,330,21740,8791030701,NA,NA,0,0,NA,NA,NA,0,0,NA
2021,29,2021-09-08T21:35:00Z,20210201029,51641,Northern Sea Nettle,Chrysaora melanaster,U,NA,0,4030,400601,4,Bering Sea,NA,S,"Can Trawl 400 headrope, 601 sidewalls",2021-09-08T21:04:00Z,62.5,-166.99,2021-09-08T21:35:00Z,62.54,-166.99,NA,33,50.55,18.25,330,40504,NA,NA,NA,0,0,NA,NA,NA,0,0,NA
2021,29,2021-09-08T21:35:00Z,20210201029,161975,Pink Salmon,Oncorhynchus gorbuscha,J,NA,128.37,5110,400601,4,Bering Sea,NA,S,"Can Trawl 400 headrope, 601 sidewalls",2021-09-08T21:04:00Z,62.5,-166.99,2021-09-08T21:35:00Z,62.54,-166.99,NA,33,50.55,18.25,330,23230,8755010201,NA,NA,0,0,NA,NA,NA,0,0,NA
2021,29,2021-09-08T21:35:00Z,20210201029,161976,Chum Salmon,Oncorhynchus keta,J,NA,42,1750,400601,4,Bering Sea,NA,S,"Can Trawl 400 headrope, 601 sidewalls",2021-09-08T21:04:00Z,62.5,-166.99,2021-09-08T21:35:00Z,62.54,-166.99,NA,33,50.55,18.25,330,23235,8755010202,NA,NA,0,0,NA,NA,NA,0,0,NA
2021,29,2021-09-08T21:35:00Z,20210201029,161977,Coho Salmon,Oncorhynchus kisutch,J,NA,17,3168,400601,4,Bering Sea,NA,S,"Can Trawl 400 headrope, 601 sidewalls",2021-09-08T21:04:00Z,62.5,-166.99,2021-09-08T21:35:00Z,62.54,-166.99,NA,33,50.55,18.25,330,23225,8755010203,NA,NA,0,0,NA,NA,NA,0,0,NA
2021,29,2021-09-08T21:35:00Z,20210201029,161980,Chinook Salmon,Oncorhynchus tshawytscha,J,NA,19,1857,400601,4,Bering Sea,NA,S,"Can Trawl 400 headrope, 601 sidewalls",2021-09-08T21:04:00Z,62.5,-166.99,2021-09-08T21:35:00Z,62.54,-166.99,NA,33,50.55,18.25,330,23220,8755010206,NA,NA,0,0,NA,NA,NA,0,0,NA
2021,29,2021-09-08T21:35:00Z,20210201029,166365,Threespine stickleback,Gasterosteus aculeatus,U,NA,38,174,400601,4,Bering Sea,NA,S,"Can Trawl 400 headrope, 601 sidewalls",2021-09-08T21:04:00Z,62.5,-166.99,2021-09-08T21:35:00Z,62.54,-166.99,NA,33,50.55,18.25,330,21752,8818010101,NA,NA,0,0,NA,NA,NA,0,0,NA
2021,29,2021-09-08T21:35:00Z,20210201029,171672,Arctic Sand Lance,Ammodytes hexapterus,U,NA,7,5,400601,4,Bering Sea,NA,S,"Can Trawl 400 headrope, 601 sidewalls",2021-09-08T21:04:00Z,62.5,-166.99,2021-09-08T21:35:00Z,62.54,-166.99,NA,33,50.55,18.25,330,20203,8845010101,NA,NA,0,0,NA,NA,NA,0,0,NA
2021,29,2021-09-08T21:35:00Z,20210201029,551209,Pacific Herring,Clupea pallasi,A1+,NA,2,192,400601,4,Bering Sea,NA,S,"Can Trawl 400 headrope, 601 sidewalls",2021-09-08T21:04:00Z,62.5,-166.99,2021-09-08T21:35:00Z,62.54,-166.99,NA,33,50.55,18.25,330,21110,8747010201,NA,NA,0,0,NA,NA,NA,0,0,NA
2021,29,2021-09-08T21:35:00Z,20210201029,622287,Arctic Lamprey,Lethenteron camtschaticum,U,NA,4,196,400601,4,Bering Sea,NA,S,"Can Trawl 400 headrope, 601 sidewalls",2021-09-08T21:04:00Z,62.5,-166.99,2021-09-08T21:35:00Z,62.54,-166.99,NA,33,50.55,18.25,330,NA,8603010201,NA,NA,0,0,NA,NA,NA,0,0,NA
2021,32,2021-09-09T21:40:00Z,20210201032,51641,Northern Sea Nettle,Chrysaora melanaster,U,NA,0,33000,400601,4,Bering Sea,NA,S,"Can Trawl 400 headrope, 601 sidewalls",2021-09-09T21:09:00Z,63.49,-166.03,2021-09-09T21:40:00Z,63.49,-166.11,NA,24,51.8,18.65,330,40504,NA,NA,NA,0,0,NA,NA,NA,0,0,NA
2021,32,2021-09-09T21:40:00Z,20210201032,51669,Cyanea sp.,Cyanea sp.,U,NA,0,400,400601,4,Bering Sea,NA,S,"Can Trawl 400 headrope, 601 sidewalls",2021-09-09T21:09:00Z,63.49,-166.03,2021-09-09T21:40:00Z,63.49,-166.11,NA,24,51.8,18.65,330,40560,NA,NA,NA,0,0,NA,NA,NA,0,0,NA
2021,32,2021-09-09T21:40:00Z,20210201032,161975,Pink Salmon,Oncorhynchus gorbuscha,J,NA,58,1870,400601,4,Bering Sea,NA,S,"Can Trawl 400 headrope, 601 sidewalls",2021-09-09T21:09:00Z,63.49,-166.03,2021-09-09T21:40:00Z,63.49,-166.11,NA,24,51.8,18.65,330,23230,8755010201,NA,NA,0,0,NA,NA,NA,0,0,NA
2021,32,2021-09-09T21:40:00Z,20210201032,161976,Chum Salmon,Oncorhynchus keta,J,NA,7,320,400601,4,Bering Sea,NA,S,"Can Trawl 400 headrope, 601 sidewalls",2021-09-09T21:09:00Z,63.49,-166.03,2021-09-09T21:40:00Z,63.49,-166.11,NA,24,51.8,18.65,330,23235,8755010202,NA,NA,0,0,NA,NA,NA,0,0,NA
2021,32,2021-09-09T21:40:00Z,20210201032,161977,Coho Salmon,Oncorhynchus kisutch,J,NA,123,25140,400601,4,Bering Sea,NA,S,"Can Trawl 400 headrope, 601 sidewalls",2021-09-09T21:09:00Z,63.49,-166.03,2021-09-09T21:40:00Z,63.49,-166.11,NA,24,51.8,18.65,330,23225,8755010203,7 WASHDOWN COHO ,NA,0,0,NA,NA,NA,0,0,NA
2021,32,2021-09-09T21:40:00Z,20210201032,161979,Sockeye Salmon,Oncorhynchus nerka,J,NA,2,290,400601,4,Bering Sea,NA,S,"Can Trawl 400 headrope, 601 sidewalls",2021-09-09T21:09:00Z,63.49,-166.03,2021-09-09T21:40:00Z,63.49,-166.11,NA,24,51.8,18.65,330,23240,8755010205,NA,NA,0,0,NA,NA,NA,0,0,NA
2021,32,2021-09-09T21:40:00Z,20210201032,161980,Chinook Salmon,Oncorhynchus tshawytscha,J,NA,32,3540,400601,4,Bering Sea,NA,S,"Can Trawl 400 headrope, 601 sidewalls",2021-09-09T21:09:00Z,63.49,-166.03,2021-09-09T21:40:00Z,63.49,-166.11,NA,24,51.8,18.65,330,23220,8755010206,NA,NA,0,0,NA,NA,NA,0,0,NA
2021,32,2021-09-09T21:40:00Z,20210201032,164708,Saffron Cod,Eleginus gracilis,A1+,NA,1,78,400601,4,Bering Sea,NA,S,"Can Trawl 400 headrope, 601 sidewalls",2021-09-09T21:09:00Z,63.49,-166.03,2021-09-09T21:40:00Z,63.49,-166.11,NA,24,51.8,18.65,330,21735,8791030301,NA,NA,0,0,NA,NA,NA,0,0,NA
2021,32,2021-09-09T21:40:00Z,20210201032,166365,Threespine stickleback,Gasterosteus aculeatus,U,NA,51,283,400601,4,Bering Sea,NA,S,"Can Trawl 400 headrope, 601 sidewalls",2021-09-09T21:09:00Z,63.49,-166.03,2021-09-09T21:40:00Z,63.49,-166.11,NA,24,51.8,18.65,330,21752,8818010101,BULK SAMPLE ,NA,0,0,NA,NA,NA,0,0,NA
2021,32,2021-09-09T21:40:00Z,20210201032,166387,Nine-spine Stickleback,Pungitius pungitius,A0,NA,1,3,400601,4,Bering Sea,NA,S,"Can Trawl 400 headrope, 601 sidewalls",2021-09-09T21:09:00Z,63.49,-166.03,2021-09-09T21:40:00Z,63.49,-166.11,NA,24,51.8,18.65,330,21753,8818010201,NA,NA,0,0,NA,NA,NA,0,0,NA
2021,32,2021-09-09T21:40:00Z,20210201032,166387,Nine-spine Stickleback,Pungitius pungitius,U,NA,5,6,400601,4,Bering Sea,NA,S,"Can Trawl 400 headrope, 601 sidewalls",2021-09-09T21:09:00Z,63.49,-166.03,2021-09-09T21:40:00Z,63.49,-166.11,NA,24,51.8,18.65,330,21753,8818010201,NA,NA,0,0,NA,NA,NA,0,0,NA
2021,32,2021-09-09T21:40:00Z,20210201032,172893,Starry Flounder,Platichthys stellatus,U,NA,3,458,400601,4,Bering Sea,NA,S,"Can Trawl 400 headrope, 601 sidewalls",2021-09-09T21:09:00Z,63.49,-166.03,2021-09-09T21:40:00Z,63.49,-166.11,NA,24,51.8,18.65,330,10220,8857041401,NA,NA,0,0,NA,NA,NA,0,0,NA
2021,32,2021-09-09T21:40:00Z,20210201032,622287,Arctic Lamprey,Lethenteron camtschaticum,U,NA,7,327,400601,4,Bering Sea,NA,S,"Can Trawl 400 headrope, 601 sidewalls",2021-09-09T21:09:00Z,63.49,-166.03,2021-09-09T21:40:00Z,63.49,-166.11,NA,24,51.8,18.65,330,NA,8603010201,NA,NA,0,0,NA,NA,NA,0,0,NA
2021,32,2021-09-09T21:40:00Z,20210201032,934083,Pollock,Gadus chalcogrammus,A0,NA,3,5,400601,4,Bering Sea,NA,S,"Can Trawl 400 headrope, 601 sidewalls",2021-09-09T21:09:00Z,63.49,-166.03,2021-09-09T21:40:00Z,63.49,-166.11,NA,24,51.8,18.65,330,21740,8791030701,NA,NA,0,0,NA,NA,NA,0,0,NA
2021,35,2021-09-10T22:35:00Z,20210201035,50623,Aequorea  sp.,Aequorea sp.,U,NA,0,600,400601,4,Bering Sea,NA,S,"Can Trawl 400 headrope, 601 sidewalls",2021-09-10T22:05:00Z,64.01,-168.99,2021-09-10T22:35:00Z,64.04,-168.96,NA,34,42.72,18.31,330,40506,NA,NA,NA,0,0,NA,NA,NA,0,0,NA
2021,35,2021-09-10T22:35:00Z,20210201035,51641,Northern Sea Nettle,Chrysaora melanaster,U,NA,0,435470,400601,4,Bering Sea,NA,S,"Can Trawl 400 headrope, 601 sidewalls",2021-09-10T22:05:00Z,64.01,-168.99,2021-09-10T22:35:00Z,64.04,-168.96,NA,34,42.72,18.31,330,40504,NA,NA,NA,0,0,NA,NA,NA,0,0,NA
2021,35,2021-09-10T22:35:00Z,20210201035,551209,Pacific Herring,Clupea pallasi,A1+,NA,1,69,400601,4,Bering Sea,NA,S,"Can Trawl 400 headrope, 601 sidewalls",2021-09-10T22:05:00Z,64.01,-168.99,2021-09-10T22:35:00Z,64.04,-168.96,NA,34,42.72,18.31,330,21110,8747010201,NA,NA,0,0,NA,NA,NA,0,0,NA
2021,35,2021-09-10T22:35:00Z,20210201035,934083,Pollock,Gadus chalcogrammus,A0,NA,148.06,278,400601,4,Bering Sea,NA,S,"Can Trawl 400 headrope, 601 sidewalls",2021-09-10T22:05:00Z,64.01,-168.99,2021-09-10T22:35:00Z,64.04,-168.96,NA,34,42.72,18.31,330,21740,8791030701,NA,NA,0,0,NA,NA,NA,0,0,NA
2021,38,2021-09-11T22:13:00Z,20210201038,51641,Northern Sea Nettle,Chrysaora melanaster,U,NA,0,1390,400601,4,Bering Sea,NA,S,"Can Trawl 400 headrope, 601 sidewalls",2021-09-11T21:43:00Z,64.99,-167.49,2021-09-11T22:13:00Z,64.97,-167.48,NA,26,49.47,21.04,330,40504,NA,NA,NA,0,0,NA,NA,NA,0,0,NA
2021,38,2021-09-11T22:13:00Z,20210201038,51669,Cyanea sp.,Cyanea sp.,U,NA,0,260,400601,4,Bering Sea,NA,S,"Can Trawl 400 headrope, 601 sidewalls",2021-09-11T21:43:00Z,64.99,-167.49,2021-09-11T22:13:00Z,64.97,-167.48,NA,26,49.47,21.04,330,40560,NA,NA,NA,0,0,NA,NA,NA,0,0,NA
2021,38,2021-09-11T22:13:00Z,20210201038,51700,Aurelia sp.,Aurelia sp.,U,NA,0,790,400601,4,Bering Sea,NA,S,"Can Trawl 400 headrope, 601 sidewalls",2021-09-11T21:43:00Z,64.99,-167.49,2021-09-11T22:13:00Z,64.97,-167.48,NA,26,49.47,21.04,330,40511,NA,NA,NA,0,0,NA,NA,NA,0,0,NA
2021,38,2021-09-11T22:13:00Z,20210201038,161975,Pink Salmon,Oncorhynchus gorbuscha,J,NA,170.64,7440,400601,4,Bering Sea,NA,S,"Can Trawl 400 headrope, 601 sidewalls",2021-09-11T21:43:00Z,64.99,-167.49,2021-09-11T22:13:00Z,64.97,-167.48,NA,26,49.47,21.04,330,23230,8755010201,NA,NA,0,0,NA,NA,NA,0,0,NA
2021,38,2021-09-11T22:13:00Z,20210201038,161976,Chum Salmon,Oncorhynchus keta,J,NA,73.32,4100,400601,4,Bering Sea,NA,S,"Can Trawl 400 headrope, 601 sidewalls",2021-09-11T21:43:00Z,64.99,-167.49,2021-09-11T22:13:00Z,64.97,-167.48,NA,26,49.47,21.04,330,23235,8755010202,NA,NA,0,0,NA,NA,NA,0,0,NA
2021,38,2021-09-11T22:13:00Z,20210201038,161977,Coho Salmon,Oncorhynchus kisutch,J,NA,5,1150,400601,4,Bering Sea,NA,S,"Can Trawl 400 headrope, 601 sidewalls",2021-09-11T21:43:00Z,64.99,-167.49,2021-09-11T22:13:00Z,64.97,-167.48,NA,26,49.47,21.04,330,23225,8755010203,NA,NA,0,0,NA,NA,NA,0,0,NA
2021,38,2021-09-11T22:13:00Z,20210201038,162035,Capelin,Mallotus villosus,U,NA,2,11,400601,4,Bering Sea,NA,S,"Can Trawl 400 headrope, 601 sidewalls",2021-09-11T21:43:00Z,64.99,-167.49,2021-09-11T22:13:00Z,64.97,-167.48,NA,26,49.47,21.04,330,23041,8755030201,NA,NA,0,0,NA,NA,NA,0,0,NA
2021,38,2021-09-11T22:13:00Z,20210201038,162041,Rainbow Smelt,Osmerus mordax dentex,U,NA,5,143,400601,4,Bering Sea,NA,S,"Can Trawl 400 headrope, 601 sidewalls",2021-09-11T21:43:00Z,64.99,-167.49,2021-09-11T22:13:00Z,64.97,-167.48,NA,26,49.47,21.04,330,23055,8755030302,NA,NA,0,0,NA,NA,NA,0,0,NA
2021,38,2021-09-11T22:13:00Z,20210201038,164708,Saffron Cod,Eleginus gracilis,A1+,NA,1,74,400601,4,Bering Sea,NA,S,"Can Trawl 400 headrope, 601 sidewalls",2021-09-11T21:43:00Z,64.99,-167.49,2021-09-11T22:13:00Z,64.97,-167.48,NA,26,49.47,21.04,330,21735,8791030301,NA,NA,0,0,NA,NA,NA,0,0,NA
2021,38,2021-09-11T22:13:00Z,20210201038,166365,Threespine stickleback,Gasterosteus aculeatus,U,NA,103.84,540,400601,4,Bering Sea,NA,S,"Can Trawl 400 headrope, 601 sidewalls",2021-09-11T21:43:00Z,64.99,-167.49,2021-09-11T22:13:00Z,64.97,-167.48,NA,26,49.47,21.04,330,21752,8818010101,NA,NA,0,0,NA,NA,NA,0,0,NA
2021,38,2021-09-11T22:13:00Z,20210201038,551209,Pacific Herring,Clupea pallasi,A1+,NA,2,141,400601,4,Bering Sea,NA,S,"Can Trawl 400 headrope, 601 sidewalls",2021-09-11T21:43:00Z,64.99,-167.49,2021-09-11T22:13:00Z,64.97,-167.48,NA,26,49.47,21.04,330,21110,8747010201,NA,NA,0,0,NA,NA,NA,0,0,NA
2021,38,2021-09-11T22:13:00Z,20210201038,934083,Pollock,Gadus chalcogrammus,A1+,NA,3,58,400601,4,Bering Sea,NA,S,"Can Trawl 400 headrope, 601 sidewalls",2021-09-11T21:43:00Z,64.99,-167.49,2021-09-11T22:13:00Z,64.97,-167.48,NA,26,49.47,21.04,330,21740,8791030701,DOUBLE CHECK SPECIES ,NA,0,0,NA,NA,NA,0,0,NA
2021,40,2021-09-12T21:12:00Z,20210201040,51641,Northern Sea Nettle,Chrysaora melanaster,U,NA,0,85380,400601,4,Bering Sea,NA,S,"Can Trawl 400 headrope, 601 sidewalls",2021-09-12T20:41:00Z,64.48,-167.99,2021-09-12T21:12:00Z,64.46,-168.01,NA,35,50.4,22.1,330,40504,NA,NA,NA,0,0,NA,NA,NA,0,0,NA
2021,40,2021-09-12T21:12:00Z,20210201040,161975,Pink Salmon,Oncorhynchus gorbuscha,J,NA,1,79,400601,4,Bering Sea,NA,S,"Can Trawl 400 headrope, 601 sidewalls",2021-09-12T20:41:00Z,64.48,-167.99,2021-09-12T21:12:00Z,64.46,-168.01,NA,35,50.4,22.1,330,23230,8755010201,NA,NA,0,0,NA,NA,NA,0,0,NA
2021,40,2021-09-12T21:12:00Z,20210201040,161979,Sockeye Salmon,Oncorhynchus nerka,J,NA,2,164,400601,4,Bering Sea,NA,S,"Can Trawl 400 headrope, 601 sidewalls",2021-09-12T20:41:00Z,64.48,-167.99,2021-09-12T21:12:00Z,64.46,-168.01,NA,35,50.4,22.1,330,23240,8755010205,NA,NA,0,0,NA,NA,NA,0,0,NA
2021,40,2021-09-12T21:12:00Z,20210201040,934083,Pollock,Gadus chalcogrammus,A0,NA,4,4,400601,4,Bering Sea,NA,S,"Can Trawl 400 headrope, 601 sidewalls",2021-09-12T20:41:00Z,64.48,-167.99,2021-09-12T21:12:00Z,64.46,-168.01,NA,35,50.4,22.1,330,21740,8791030701,NA,NA,0,0,NA,NA,NA,0,0,NA
2021,43,2021-09-13T21:24:00Z,20210201043,51641,Northern Sea Nettle,Chrysaora melanaster,U,NA,0,3700,400601,4,Bering Sea,NA,S,"Can Trawl 400 headrope, 601 sidewalls",2021-09-13T20:53:00Z,63.99,-165.95,2021-09-13T21:24:00Z,63.98,-165.88,NA,21,52.55,17.83,330,40504,NA,NA,NA,0,0,NA,NA,NA,0,0,NA
2021,43,2021-09-13T21:24:00Z,20210201043,97935,Red king crab,Paralithodes camtschaticus,U,NA,1,830,400601,4,Bering Sea,NA,S,"Can Trawl 400 headrope, 601 sidewalls",2021-09-13T20:53:00Z,63.99,-165.95,2021-09-13T21:24:00Z,63.98,-165.88,NA,21,52.55,17.83,330,NA,69322,NA,NA,0,0,NA,NA,NA,0,0,NA
2021,43,2021-09-13T21:24:00Z,20210201043,156862,starfish unident.,Asteroidea,U,NA,1,350,400601,4,Bering Sea,NA,S,"Can Trawl 400 headrope, 601 sidewalls",2021-09-13T20:53:00Z,63.99,-165.95,2021-09-13T21:24:00Z,63.98,-165.88,NA,21,52.55,17.83,330,NA,NA,NA,NA,0,0,NA,NA,NA,0,0,NA
2021,43,2021-09-13T21:24:00Z,20210201043,161977,Coho Salmon,Oncorhynchus kisutch,J,NA,2,471,400601,4,Bering Sea,NA,S,"Can Trawl 400 headrope, 601 sidewalls",2021-09-13T20:53:00Z,63.99,-165.95,2021-09-13T21:24:00Z,63.98,-165.88,NA,21,52.55,17.83,330,23225,8755010203,NA,NA,0,0,NA,NA,NA,0,0,NA
2021,43,2021-09-13T21:24:00Z,20210201043,162041,Rainbow Smelt,Osmerus mordax dentex,U,NA,1,37,400601,4,Bering Sea,NA,S,"Can Trawl 400 headrope, 601 sidewalls",2021-09-13T20:53:00Z,63.99,-165.95,2021-09-13T21:24:00Z,63.98,-165.88,NA,21,52.55,17.83,330,23055,8755030302,NA,NA,0,0,NA,NA,NA,0,0,NA
2021,43,2021-09-13T21:24:00Z,20210201043,164708,Saffron Cod,Eleginus gracilis,A0,NA,3,33,400601,4,Bering Sea,NA,S,"Can Trawl 400 headrope, 601 sidewalls",2021-09-13T20:53:00Z,63.99,-165.95,2021-09-13T21:24:00Z,63.98,-165.88,NA,21,52.55,17.83,330,21735,8791030301,NA,NA,0,0,NA,NA,NA,0,0,NA
2021,43,2021-09-13T21:24:00Z,20210201043,164708,Saffron Cod,Eleginus gracilis,A1+,NA,1,116,400601,4,Bering Sea,NA,S,"Can Trawl 400 headrope, 601 sidewalls",2021-09-13T20:53:00Z,63.99,-165.95,2021-09-13T21:24:00Z,63.98,-165.88,NA,21,52.55,17.83,330,21735,8791030301,NA,NA,0,0,NA,NA,NA,0,0,NA
2021,43,2021-09-13T21:24:00Z,20210201043,166365,Threespine stickleback,Gasterosteus aculeatus,U,NA,60,332,400601,4,Bering Sea,NA,S,"Can Trawl 400 headrope, 601 sidewalls",2021-09-13T20:53:00Z,63.99,-165.95,2021-09-13T21:24:00Z,63.98,-165.88,NA,21,52.55,17.83,330,21752,8818010101,NA,NA,0,0,NA,NA,NA,0,0,NA
2021,43,2021-09-13T21:24:00Z,20210201043,166387,Nine-spine Stickleback,Pungitius pungitius,U,NA,38,70,400601,4,Bering Sea,NA,S,"Can Trawl 400 headrope, 601 sidewalls",2021-09-13T20:53:00Z,63.99,-165.95,2021-09-13T21:24:00Z,63.98,-165.88,NA,21,52.55,17.83,330,21753,8818010201,NA,NA,0,0,NA,NA,NA,0,0,NA
2021,43,2021-09-13T21:24:00Z,20210201043,171672,Arctic Sand Lance,Ammodytes hexapterus,U,NA,9,19,400601,4,Bering Sea,NA,S,"Can Trawl 400 headrope, 601 sidewalls",2021-09-13T20:53:00Z,63.99,-165.95,2021-09-13T21:24:00Z,63.98,-165.88,NA,21,52.55,17.83,330,20203,8845010101,NA,NA,0,0,NA,NA,NA,0,0,NA
2021,43,2021-09-13T21:24:00Z,20210201043,172893,Starry Flounder,Platichthys stellatus,U,NA,1,400,400601,4,Bering Sea,NA,S,"Can Trawl 400 headrope, 601 sidewalls",2021-09-13T20:53:00Z,63.99,-165.95,2021-09-13T21:24:00Z,63.98,-165.88,NA,21,52.55,17.83,330,10220,8857041401,NA,NA,0,0,NA,NA,NA,0,0,NA
2021,43,2021-09-13T21:24:00Z,20210201043,551209,Pacific Herring,Clupea pallasi,A1+,NA,14,530,400601,4,Bering Sea,NA,S,"Can Trawl 400 headrope, 601 sidewalls",2021-09-13T20:53:00Z,63.99,-165.95,2021-09-13T21:24:00Z,63.98,-165.88,NA,21,52.55,17.83,330,21110,8747010201,NA,NA,0,0,NA,NA,NA,0,0,NA
2021,43,2021-09-13T21:24:00Z,20210201043,622287,Arctic Lamprey,Lethenteron camtschaticum,U,NA,6,303,400601,4,Bering Sea,NA,S,"Can Trawl 400 headrope, 601 sidewalls",2021-09-13T20:53:00Z,63.99,-165.95,2021-09-13T21:24:00Z,63.98,-165.88,NA,21,52.55,17.83,330,NA,8603010201,NA,NA,0,0,NA,NA,NA,0,0,NA
2021,46,2021-09-14T21:43:00Z,20210201046,51669,Cyanea sp.,Cyanea sp.,U,NA,16.49,4660,400601,4,Bering Sea,NA,S,"Can Trawl 400 headrope, 601 sidewalls",2021-09-14T21:13:00Z,64.09,-162.53,2021-09-14T21:43:00Z,64.09,-162.61,NA,20,51.78,15.42,330,40560,NA,NA,NA,0,0,NA,NA,NA,0,0,NA
2021,46,2021-09-14T21:43:00Z,20210201046,161975,Pink Salmon,Oncorhynchus gorbuscha,J,NA,3,126,400601,4,Bering Sea,NA,S,"Can Trawl 400 headrope, 601 sidewalls",2021-09-14T21:13:00Z,64.09,-162.53,2021-09-14T21:43:00Z,64.09,-162.61,NA,20,51.78,15.42,330,23230,8755010201,NA,NA,0,0,NA,NA,NA,0,0,NA
2021,46,2021-09-14T21:43:00Z,20210201046,161976,Chum Salmon,Oncorhynchus keta,J,NA,11,584,400601,4,Bering Sea,NA,S,"Can Trawl 400 headrope, 601 sidewalls",2021-09-14T21:13:00Z,64.09,-162.53,2021-09-14T21:43:00Z,64.09,-162.61,NA,20,51.78,15.42,330,23235,8755010202,NA,NA,0,0,NA,NA,NA,0,0,NA
2021,46,2021-09-14T21:43:00Z,20210201046,161980,Chinook Salmon,Oncorhynchus tshawytscha,J,NA,64,6710,400601,4,Bering Sea,NA,S,"Can Trawl 400 headrope, 601 sidewalls",2021-09-14T21:13:00Z,64.09,-162.53,2021-09-14T21:43:00Z,64.09,-162.61,NA,20,51.78,15.42,330,23220,8755010206,NA,NA,0,0,NA,NA,NA,0,0,NA
2021,46,2021-09-14T21:43:00Z,20210201046,162041,Rainbow Smelt,Osmerus mordax dentex,U,NA,103.09,577.4,400601,4,Bering Sea,NA,S,"Can Trawl 400 headrope, 601 sidewalls",2021-09-14T21:13:00Z,64.09,-162.53,2021-09-14T21:43:00Z,64.09,-162.61,NA,20,51.78,15.42,330,23055,8755030302,NA,NA,0,0,NA,NA,NA,0,0,NA
2021,46,2021-09-14T21:43:00Z,20210201046,166387,Nine-spine Stickleback,Pungitius pungitius,U,NA,74.23,90.7,400601,4,Bering Sea,NA,S,"Can Trawl 400 headrope, 601 sidewalls",2021-09-14T21:13:00Z,64.09,-162.53,2021-09-14T21:43:00Z,64.09,-162.61,NA,20,51.78,15.42,330,21753,8818010201,NA,NA,0,0,NA,NA,NA,0,0,NA
2021,46,2021-09-14T21:43:00Z,20210201046,551209,Pacific Herring,Clupea pallasi,A0,NA,1437.19,2874.4,400601,4,Bering Sea,NA,S,"Can Trawl 400 headrope, 601 sidewalls",2021-09-14T21:13:00Z,64.09,-162.53,2021-09-14T21:43:00Z,64.09,-162.61,NA,20,51.78,15.42,330,21110,8747010201,NA,NA,0,0,NA,NA,NA,0,0,NA
2021,14,2021-09-03T21:59:00Z,20210201014,51641,Northern Sea Nettle,Chrysaora melanaster,U,NA,0,1620,400601,3,Bering Sea,NA,S,"Can Trawl 400 headrope, 601 sidewalls",2021-09-03T21:28:00Z,61.01,-171.03,2021-09-03T21:59:00Z,61.04,-171.07,NA,55,49.45,20.55,330,40504,NA,NA,NA,0,0,NA,NA,NA,0,0,NA
2021,14,2021-09-03T21:59:00Z,20210201014,161976,Chum Salmon,Oncorhynchus keta,IM,NA,1,2220,400601,3,Bering Sea,NA,S,"Can Trawl 400 headrope, 601 sidewalls",2021-09-03T21:28:00Z,61.01,-171.03,2021-09-03T21:59:00Z,61.04,-171.07,NA,55,49.45,20.55,330,23235,8755010202,NA,NA,0,0,NA,NA,NA,0,0,NA
2021,14,2021-09-03T21:59:00Z,20210201014,161980,Chinook Salmon,Oncorhynchus tshawytscha,IM,NA,1,2320,400601,3,Bering Sea,NA,S,"Can Trawl 400 headrope, 601 sidewalls",2021-09-03T21:28:00Z,61.01,-171.03,2021-09-03T21:59:00Z,61.04,-171.07,NA,55,49.45,20.55,330,23220,8755010206,NA,NA,0,0,NA,NA,NA,0,0,NA
2021,14,2021-09-03T21:59:00Z,20210201014,934083,Pollock,Gadus chalcogrammus,A0,NA,6144.63,4968,400601,3,Bering Sea,NA,S,"Can Trawl 400 headrope, 601 sidewalls",2021-09-03T21:28:00Z,61.01,-171.03,2021-09-03T21:59:00Z,61.04,-171.07,NA,55,49.45,20.55,330,21740,8791030701,NA,NA,0,0,NA,NA,NA,0,0,NA
2021,14,2021-09-03T21:59:00Z,20210201014,934083,Pollock,Gadus chalcogrammus,A1+,NA,1,541,400601,3,Bering Sea,NA,S,"Can Trawl 400 headrope, 601 sidewalls",2021-09-03T21:28:00Z,61.01,-171.03,2021-09-03T21:59:00Z,61.04,-171.07,NA,55,49.45,20.55,330,21740,8791030701,NA,NA,0,0,NA,NA,NA,0,0,NA
2022,31,2022-09-07T17:45:00Z,20220308031,50623,Aequorea  sp.,Aequorea sp.,U,NA,688,29397.66,NETS156,6,Bering Sea,57.5-170,O,NETS Pelagic Trawl,2022-09-07T17:45:00Z,57.51,-170.03,2022-09-07T17:45:00Z,57.51,-170.03,NA,70,15,12,150,40506,NA,NA,2022-09-07T17:39:00Z,57.5,57.5,NA,NA,NA,0,0,NA
2022,31,2022-09-07T17:45:00Z,20220308031,51641,Northern Sea Nettle,Chrysaora melanaster,U,NA,104,98477.78,NETS156,6,Bering Sea,57.5-170,O,NETS Pelagic Trawl,2022-09-07T17:45:00Z,57.51,-170.03,2022-09-07T17:45:00Z,57.51,-170.03,NA,70,15,12,150,40504,NA,NA,2022-09-07T17:39:00Z,57.5,57.5,NA,NA,NA,0,0,NA
2022,31,2022-09-07T17:45:00Z,20220308031,51669,Cyanea sp.,Cyanea sp.,U,NA,18,6270,NETS156,6,Bering Sea,57.5-170,O,NETS Pelagic Trawl,2022-09-07T17:45:00Z,57.51,-170.03,2022-09-07T17:45:00Z,57.51,-170.03,NA,70,15,12,150,40560,NA,NA,2022-09-07T17:39:00Z,57.5,57.5,NA,NA,NA,0,0,NA
2022,31,2022-09-07T17:45:00Z,20220308031,82326,"Squid, unident.",Cephalopoda,U,NA,1,9,NETS156,6,Bering Sea,57.5-170,O,NETS Pelagic Trawl,2022-09-07T17:45:00Z,57.51,-170.03,2022-09-07T17:45:00Z,57.51,-170.03,NA,70,15,12,150,78000,5700000000,NA,2022-09-07T17:39:00Z,57.5,57.5,NA,NA,NA,0,0,NA
2022,31,2022-09-07T17:45:00Z,20220308031,164711,Pacific Cod,Gadus macrocephalus,A0,NA,9,22.07,NETS156,6,Bering Sea,57.5-170,O,NETS Pelagic Trawl,2022-09-07T17:45:00Z,57.51,-170.03,2022-09-07T17:45:00Z,57.51,-170.03,NA,70,15,12,150,21720,8791030401,NA,2022-09-07T17:39:00Z,57.5,57.5,NA,NA,NA,0,0,NA
2022,31,2022-09-07T17:45:00Z,20220308031,171659,Prowfish,Zaprora silenus,U,NA,5,45,NETS156,6,Bering Sea,57.5-170,O,NETS Pelagic Trawl,2022-09-07T17:45:00Z,57.51,-170.03,2022-09-07T17:45:00Z,57.51,-170.03,NA,70,15,12,150,24001,8842150101,NA,2022-09-07T17:39:00Z,57.5,57.5,NA,NA,NA,0,0,NA
2022,31,2022-09-07T17:45:00Z,20220308031,719327,Whitecross jellyfish,Staurophora mertensii,U,NA,0,340,NETS156,6,Bering Sea,57.5-170,O,NETS Pelagic Trawl,2022-09-07T17:45:00Z,57.51,-170.03,2022-09-07T17:45:00Z,57.51,-170.03,NA,70,15,12,150,NA,NA,NA,2022-09-07T17:39:00Z,57.5,57.5,NA,NA,NA,0,0,NA
2022,31,2022-09-07T17:45:00Z,20220308031,934083,Pollock,Gadus chalcogrammus,U,NA,46873,27186.22,NETS156,6,Bering Sea,57.5-170,O,NETS Pelagic Trawl,2022-09-07T17:45:00Z,57.51,-170.03,2022-09-07T17:45:00Z,57.51,-170.03,NA,70,15,12,150,21740,8791030701,NA,2022-09-07T17:39:00Z,57.5,57.5,NA,NA,NA,0,0,NA
2022,31,2022-09-07T19:48:00Z,20220308031,50623,Aequorea  sp.,Aequorea sp.,U,NA,0,19029.07,400601,7,Bering Sea,57.5-170,S,"Can Trawl 400 headrope, 601 sidewalls",2022-09-07T19:18:00Z,57.5,-170.03,2022-09-07T19:48:00Z,57.52,-170.09,NA,69,55.5,22.79,189.53,40506,NA,NA,2022-09-07T19:13:00Z,58.01,58.01,NA,NA,NA,0,0,NA
2022,31,2022-09-07T19:48:00Z,20220308031,51641,Northern Sea Nettle,Chrysaora melanaster,U,NA,133,22410,400601,7,Bering Sea,57.5-170,S,"Can Trawl 400 headrope, 601 sidewalls",2022-09-07T19:18:00Z,57.5,-170.03,2022-09-07T19:48:00Z,57.52,-170.09,NA,69,55.5,22.79,189.53,40504,NA,NA,2022-09-07T19:13:00Z,58.01,58.01,NA,NA,NA,0,0,NA
2022,31,2022-09-07T19:48:00Z,20220308031,51669,Cyanea sp.,Cyanea sp.,U,NA,7,4060,400601,7,Bering Sea,57.5-170,S,"Can Trawl 400 headrope, 601 sidewalls",2022-09-07T19:18:00Z,57.5,-170.03,2022-09-07T19:48:00Z,57.52,-170.09,NA,69,55.5,22.79,189.53,40560,NA,NA,2022-09-07T19:13:00Z,58.01,58.01,NA,NA,NA,0,0,NA
2022,31,2022-09-07T19:48:00Z,20220308031,161975,Pink Salmon,Oncorhynchus gorbuscha,J,NA,3,150,400601,7,Bering Sea,57.5-170,S,"Can Trawl 400 headrope, 601 sidewalls",2022-09-07T19:18:00Z,57.5,-170.03,2022-09-07T19:48:00Z,57.52,-170.09,NA,69,55.5,22.79,189.53,23230,8755010201,NA,2022-09-07T19:13:00Z,58.01,58.01,NA,NA,NA,0,0,NA
2022,31,2022-09-07T19:48:00Z,20220308031,161976,Chum Salmon,Oncorhynchus keta,IM,NA,1,2240,400601,7,Bering Sea,57.5-170,S,"Can Trawl 400 headrope, 601 sidewalls",2022-09-07T19:18:00Z,57.5,-170.03,2022-09-07T19:48:00Z,57.52,-170.09,NA,69,55.5,22.79,189.53,23235,8755010202,NA,2022-09-07T19:13:00Z,58.01,58.01,NA,NA,NA,0,0,NA
2022,31,2022-09-07T19:48:00Z,20220308031,164711,Pacific Cod,Gadus macrocephalus,A0,NA,4,8,400601,7,Bering Sea,57.5-170,S,"Can Trawl 400 headrope, 601 sidewalls",2022-09-07T19:18:00Z,57.5,-170.03,2022-09-07T19:48:00Z,57.52,-170.09,NA,69,55.5,22.79,189.53,21720,8791030401,NA,2022-09-07T19:13:00Z,58.01,58.01,NA,NA,NA,0,0,NA
2022,31,2022-09-07T19:48:00Z,20220308031,166365,Threespine stickleback,Gasterosteus aculeatus,U,NA,3,11,400601,7,Bering Sea,57.5-170,S,"Can Trawl 400 headrope, 601 sidewalls",2022-09-07T19:18:00Z,57.5,-170.03,2022-09-07T19:48:00Z,57.52,-170.09,NA,69,55.5,22.79,189.53,21752,8818010101,NA,2022-09-07T19:13:00Z,58.01,58.01,NA,NA,NA,0,0,NA
2022,31,2022-09-07T19:48:00Z,20220308031,167108,"Greenling, unident.",Hexagrammidae,U,NA,15,49,400601,7,Bering Sea,57.5-170,S,"Can Trawl 400 headrope, 601 sidewalls",2022-09-07T19:18:00Z,57.5,-170.03,2022-09-07T19:48:00Z,57.52,-170.09,NA,69,55.5,22.79,189.53,21900,8827010000,NA,2022-09-07T19:13:00Z,58.01,58.01,NA,NA,NA,0,0,NA
2022,31,2022-09-07T19:48:00Z,20220308031,167120,Atka Mackerel,Pleurogrammus monopterygius,U,NA,2,171,400601,7,Bering Sea,57.5-170,S,"Can Trawl 400 headrope, 601 sidewalls",2022-09-07T19:18:00Z,57.5,-170.03,2022-09-07T19:48:00Z,57.52,-170.09,NA,69,55.5,22.79,189.53,21921,8827010501,NA,2022-09-07T19:13:00Z,58.01,58.01,NA,NA,NA,0,0,NA
2022,31,2022-09-07T19:48:00Z,20220308031,170919,Pacific Sandfish,Trichodon trichodon,U,NA,1,114,400601,7,Bering Sea,57.5-170,S,"Can Trawl 400 headrope, 601 sidewalls",2022-09-07T19:18:00Z,57.5,-170.03,2022-09-07T19:48:00Z,57.52,-170.09,NA,69,55.5,22.79,189.53,21592,8840010201,NA,2022-09-07T19:13:00Z,58.01,58.01,NA,NA,NA,0,0,NA
2022,31,2022-09-07T19:48:00Z,20220308031,171659,Prowfish,Zaprora silenus,U,NA,6,45,400601,7,Bering Sea,57.5-170,S,"Can Trawl 400 headrope, 601 sidewalls",2022-09-07T19:18:00Z,57.5,-170.03,2022-09-07T19:48:00Z,57.52,-170.09,NA,69,55.5,22.79,189.53,24001,8842150101,NA,2022-09-07T19:13:00Z,58.01,58.01,NA,NA,NA,0,0,NA
2022,31,2022-09-07T19:48:00Z,20220308031,934083,Pollock,Gadus chalcogrammus,U,NA,3913,3130.01,400601,7,Bering Sea,57.5-170,S,"Can Trawl 400 headrope, 601 sidewalls",2022-09-07T19:18:00Z,57.5,-170.03,2022-09-07T19:48:00Z,57.52,-170.09,NA,69,55.5,22.79,189.53,21740,8791030701,NA,2022-09-07T19:13:00Z,58.01,58.01,NA,NA,NA,0,0,NA
2022,31,2022-09-13T01:49:00Z,20220202031,50623,Aequorea  sp.,Aequorea sp.,U,NA,0,3820,400601,3,NA,NA,S,"Can Trawl 400 headrope, 601 sidewalls",2022-09-13T01:18:00Z,64,-168.99,2022-09-13T01:49:00Z,64.04,-169.01,NA,36,50.64,17.97,330,40506,NA,NA,NA,0,0,NA,NA,NA,0,0,NA
2022,31,2022-09-13T01:49:00Z,20220202031,51641,Northern Sea Nettle,Chrysaora melanaster,U,NA,0,89710,400601,3,NA,NA,S,"Can Trawl 400 headrope, 601 sidewalls",2022-09-13T01:18:00Z,64,-168.99,2022-09-13T01:49:00Z,64.04,-169.01,NA,36,50.64,17.97,330,40504,NA,NA,NA,0,0,NA,NA,NA,0,0,NA
2022,31,2022-09-13T01:49:00Z,20220202031,51671,Cyanea capillata,Cyanea capillata,U,NA,0,1460,400601,3,NA,NA,S,"Can Trawl 400 headrope, 601 sidewalls",2022-09-13T01:18:00Z,64,-168.99,2022-09-13T01:49:00Z,64.04,-169.01,NA,36,50.64,17.97,330,40561,NA,NA,NA,0,0,NA,NA,NA,0,0,NA
2022,31,2022-09-13T01:49:00Z,20220202031,161979,Sockeye Salmon,Oncorhynchus nerka,J,NA,2,129,400601,3,NA,NA,S,"Can Trawl 400 headrope, 601 sidewalls",2022-09-13T01:18:00Z,64,-168.99,2022-09-13T01:49:00Z,64.04,-169.01,NA,36,50.64,17.97,330,23240,8755010205,NA,NA,0,0,NA,NA,NA,0,0,NA
2022,34,2022-09-14T02:03:00Z,20220202034,50623,Aequorea  sp.,Aequorea sp.,U,NA,0,4500,400601,3,NA,NA,S,"Can Trawl 400 headrope, 601 sidewalls",2022-09-14T01:33:00Z,64.98,-167.53,2022-09-14T02:03:00Z,64.95,-167.57,NA,25,49.93,22.73,330,40506,NA,NA,NA,0,0,NA,NA,NA,0,0,NA
2022,34,2022-09-14T02:03:00Z,20220202034,51641,Northern Sea Nettle,Chrysaora melanaster,U,NA,0,50360,400601,3,NA,NA,S,"Can Trawl 400 headrope, 601 sidewalls",2022-09-14T01:33:00Z,64.98,-167.53,2022-09-14T02:03:00Z,64.95,-167.57,NA,25,49.93,22.73,330,40504,NA,NA,NA,0,0,NA,NA,NA,0,0,NA
2022,34,2022-09-14T02:03:00Z,20220202034,51671,Cyanea capillata,Cyanea capillata,U,NA,0,37380,400601,3,NA,NA,S,"Can Trawl 400 headrope, 601 sidewalls",2022-09-14T01:33:00Z,64.98,-167.53,2022-09-14T02:03:00Z,64.95,-167.57,NA,25,49.93,22.73,330,40561,NA,NA,NA,0,0,NA,NA,NA,0,0,NA
2022,34,2022-09-14T02:03:00Z,20220202034,161975,Pink Salmon,Oncorhynchus gorbuscha,J,NA,30,1492,400601,3,NA,NA,S,"Can Trawl 400 headrope, 601 sidewalls",2022-09-14T01:33:00Z,64.98,-167.53,2022-09-14T02:03:00Z,64.95,-167.57,NA,25,49.93,22.73,330,23230,8755010201,NA,NA,0,0,NA,NA,NA,0,0,NA
2022,34,2022-09-14T02:03:00Z,20220202034,161976,Chum Salmon,Oncorhynchus keta,J,NA,97.05,7716,400601,3,NA,NA,S,"Can Trawl 400 headrope, 601 sidewalls",2022-09-14T01:33:00Z,64.98,-167.53,2022-09-14T02:03:00Z,64.95,-167.57,NA,25,49.93,22.73,330,23235,8755010202,NA,NA,0,0,NA,NA,NA,0,0,NA
2022,34,2022-09-14T02:03:00Z,20220202034,161980,Chinook Salmon,Oncorhynchus tshawytscha,J,NA,8,891,400601,3,NA,NA,S,"Can Trawl 400 headrope, 601 sidewalls",2022-09-14T01:33:00Z,64.98,-167.53,2022-09-14T02:03:00Z,64.95,-167.57,NA,25,49.93,22.73,330,23220,8755010206,NA,NA,0,0,NA,NA,NA,0,0,NA
2022,34,2022-09-14T02:03:00Z,20220202034,164708,Saffron Cod,Eleginus gracilis,A0,NA,5,10,400601,3,NA,NA,S,"Can Trawl 400 headrope, 601 sidewalls",2022-09-14T01:33:00Z,64.98,-167.53,2022-09-14T02:03:00Z,64.95,-167.57,NA,25,49.93,22.73,330,21735,8791030301,NA,NA,0,0,NA,NA,NA,0,0,NA
2022,34,2022-09-14T02:03:00Z,20220202034,166365,Threespine stickleback,Gasterosteus aculeatus,U,NA,2,10,400601,3,NA,NA,S,"Can Trawl 400 headrope, 601 sidewalls",2022-09-14T01:33:00Z,64.98,-167.53,2022-09-14T02:03:00Z,64.95,-167.57,NA,25,49.93,22.73,330,21752,8818010101,NA,NA,0,0,NA,NA,NA,0,0,NA
2022,34,2022-09-14T02:03:00Z,20220202034,171672,Arctic Sand Lance,Ammodytes hexapterus,A1+,NA,165.6,2123,400601,3,NA,NA,S,"Can Trawl 400 headrope, 601 sidewalls",2022-09-14T01:33:00Z,64.98,-167.53,2022-09-14T02:03:00Z,64.95,-167.57,NA,25,49.93,22.73,330,20203,8845010101,NA,NA,0,0,NA,NA,NA,0,0,NA
2022,34,2022-09-14T02:03:00Z,20220202034,622287,Arctic Lamprey,Lethenteron camtschaticum,U,NA,1,47,400601,3,NA,NA,S,"Can Trawl 400 headrope, 601 sidewalls",2022-09-14T01:33:00Z,64.98,-167.53,2022-09-14T02:03:00Z,64.95,-167.57,NA,25,49.93,22.73,330,NA,8603010201,NA,NA,0,0,NA,NA,NA,0,0,NA
2022,34,2022-09-14T02:03:00Z,20220202034,934083,Pollock,Gadus chalcogrammus,A0,NA,480.58,990,400601,3,NA,NA,S,"Can Trawl 400 headrope, 601 sidewalls",2022-09-14T01:33:00Z,64.98,-167.53,2022-09-14T02:03:00Z,64.95,-167.57,NA,25,49.93,22.73,330,21740,8791030701,NA,NA,0,0,NA,NA,NA,0,0,NA
2022,34,2022-09-14T02:03:00Z,20220202034,934083,Pollock,Gadus chalcogrammus,A1+,NA,2,41,400601,3,NA,NA,S,"Can Trawl 400 headrope, 601 sidewalls",2022-09-14T01:33:00Z,64.98,-167.53,2022-09-14T02:03:00Z,64.95,-167.57,NA,25,49.93,22.73,330,21740,8791030701,NA,NA,0,0,NA,NA,NA,0,0,NA
2022,37,2022-09-09T16:42:00Z,20220308037,50513,Staurophora mertensi,Staurophora mertensi,U,NA,1,13,NETS156,5,Bering Sea,59-169,O,NETS Pelagic Trawl,2022-09-09T16:42:00Z,58.98,-169.01,2022-09-09T16:42:00Z,58.98,-169.01,NA,53,15,9.5,130,NA,40562,NA,2022-09-09T16:36:00Z,58.99,58.99,NA,NA,NA,0,0,NA
2022,37,2022-09-09T16:42:00Z,20220308037,51483,"Jellyfish, unident.",Scyphozoa,U,NA,24,61,NETS156,5,Bering Sea,59-169,O,NETS Pelagic Trawl,2022-09-09T16:42:00Z,58.98,-169.01,2022-09-09T16:42:00Z,58.98,-169.01,NA,53,15,9.5,130,40500,NA,NA,2022-09-09T16:36:00Z,58.99,58.99,NA,NA,NA,0,0,NA
2022,37,2022-09-09T16:42:00Z,20220308037,51641,Northern Sea Nettle,Chrysaora melanaster,U,NA,0,430,NETS156,5,Bering Sea,59-169,O,NETS Pelagic Trawl,2022-09-09T16:42:00Z,58.98,-169.01,2022-09-09T16:42:00Z,58.98,-169.01,NA,53,15,9.5,130,40504,NA,NA,2022-09-09T16:36:00Z,58.99,58.99,NA,NA,NA,0,0,NA
2022,37,2022-09-09T16:42:00Z,20220308037,51700,Aurelia sp.,Aurelia sp.,U,NA,12,15,NETS156,5,Bering Sea,59-169,O,NETS Pelagic Trawl,2022-09-09T16:42:00Z,58.98,-169.01,2022-09-09T16:42:00Z,58.98,-169.01,NA,53,15,9.5,130,40511,NA,NA,2022-09-09T16:36:00Z,58.99,58.99,NA,NA,NA,0,0,NA
2022,37,2022-09-09T16:42:00Z,20220308037,162035,Capelin,Mallotus villosus,U,NA,2,8,NETS156,5,Bering Sea,59-169,O,NETS Pelagic Trawl,2022-09-09T16:42:00Z,58.98,-169.01,2022-09-09T16:42:00Z,58.98,-169.01,NA,53,15,9.5,130,23041,8755030201,NA,2022-09-09T16:36:00Z,58.99,58.99,NA,NA,NA,0,0,NA
2022,37,2022-09-09T16:42:00Z,20220308037,164711,Pacific Cod,Gadus macrocephalus,A0,NA,2,5,NETS156,5,Bering Sea,59-169,O,NETS Pelagic Trawl,2022-09-09T16:42:00Z,58.98,-169.01,2022-09-09T16:42:00Z,58.98,-169.01,NA,53,15,9.5,130,21720,8791030401,NA,2022-09-09T16:36:00Z,58.99,58.99,NA,NA,NA,0,0,NA
2022,37,2022-09-09T16:42:00Z,20220308037,167220,Crested Sculpin,Blepsias bilobus,U,NA,1,15,NETS156,5,Bering Sea,59-169,O,NETS Pelagic Trawl,2022-09-09T16:42:00Z,58.98,-169.01,2022-09-09T16:42:00Z,58.98,-169.01,NA,53,15,9.5,130,21397,8831020601,NA,2022-09-09T16:36:00Z,58.99,58.99,NA,NA,NA,0,0,NA
2022,37,2022-09-09T16:42:00Z,20220308037,171671,"Sand lance, unident.",Ammodytes sp.,A0,NA,1,1,NETS156,5,Bering Sea,59-169,O,NETS Pelagic Trawl,2022-09-09T16:42:00Z,58.98,-169.01,2022-09-09T16:42:00Z,58.98,-169.01,NA,53,15,9.5,130,20202,NA,NA,2022-09-09T16:36:00Z,58.99,58.99,NA,NA,NA,0,0,NA
2022,37,2022-09-09T16:42:00Z,20220308037,934083,Pollock,Gadus chalcogrammus,A1+,NA,1,863,NETS156,5,Bering Sea,59-169,O,NETS Pelagic Trawl,2022-09-09T16:42:00Z,58.98,-169.01,2022-09-09T16:42:00Z,58.98,-169.01,NA,53,15,9.5,130,21740,8791030701,NA,2022-09-09T16:36:00Z,58.99,58.99,NA,NA,NA,0,0,NA
2022,37,2022-09-09T16:42:00Z,20220308037,934083,Pollock,Gadus chalcogrammus,U,NA,29456,18482,NETS156,5,Bering Sea,59-169,O,NETS Pelagic Trawl,2022-09-09T16:42:00Z,58.98,-169.01,2022-09-09T16:42:00Z,58.98,-169.01,NA,53,15,9.5,130,21740,8791030701,NA,2022-09-09T16:36:00Z,58.99,58.99,NA,NA,NA,0,0,NA
2022,37,2022-09-09T18:32:00Z,20220308037,50513,Staurophora mertensi,Staurophora mertensi,U,NA,2,13,400601,6,Bering Sea,59-169,S,"Can Trawl 400 headrope, 601 sidewalls",2022-09-09T18:02:00Z,58.98,-169.03,2022-09-09T18:32:00Z,58.96,-169.09,NA,53,55.5,22.63,188.77,NA,40562,NA,2022-09-09T17:57:00Z,58.98,58.98,NA,NA,NA,0,0,NA
2022,37,2022-09-09T18:32:00Z,20220308037,51483,"Jellyfish, unident.",Scyphozoa,U,NA,0,162,400601,6,Bering Sea,59-169,S,"Can Trawl 400 headrope, 601 sidewalls",2022-09-09T18:02:00Z,58.98,-169.03,2022-09-09T18:32:00Z,58.96,-169.09,NA,53,55.5,22.63,188.77,40500,NA,NA,2022-09-09T17:57:00Z,58.98,58.98,NA,NA,NA,0,0,NA
2022,37,2022-09-09T18:32:00Z,20220308037,51641,Northern Sea Nettle,Chrysaora melanaster,U,NA,0,233,400601,6,Bering Sea,59-169,S,"Can Trawl 400 headrope, 601 sidewalls",2022-09-09T18:02:00Z,58.98,-169.03,2022-09-09T18:32:00Z,58.96,-169.09,NA,53,55.5,22.63,188.77,40504,NA,NA,2022-09-09T17:57:00Z,58.98,58.98,NA,NA,NA,0,0,NA
2022,37,2022-09-09T18:32:00Z,20220308037,167220,Crested Sculpin,Blepsias bilobus,U,NA,1,20,400601,6,Bering Sea,59-169,S,"Can Trawl 400 headrope, 601 sidewalls",2022-09-09T18:02:00Z,58.98,-169.03,2022-09-09T18:32:00Z,58.96,-169.09,NA,53,55.5,22.63,188.77,21397,8831020601,NA,2022-09-09T17:57:00Z,58.98,58.98,NA,NA,NA,0,0,NA
2022,37,2022-09-09T18:32:00Z,20220308037,934083,Pollock,Gadus chalcogrammus,U,NA,6817,6135,400601,6,Bering Sea,59-169,S,"Can Trawl 400 headrope, 601 sidewalls",2022-09-09T18:02:00Z,58.98,-169.03,2022-09-09T18:32:00Z,58.96,-169.09,NA,53,55.5,22.63,188.77,21740,8791030701,NA,2022-09-09T17:57:00Z,58.98,58.98,NA,NA,NA,0,0,NA
2022,37,2022-09-15T02:08:00Z,20220202037,50623,Aequorea  sp.,Aequorea sp.,U,NA,0,5590,400601,3,NA,NA,S,"Can Trawl 400 headrope, 601 sidewalls",2022-09-15T01:37:00Z,63.99,-165.96,2022-09-15T02:08:00Z,63.97,-165.89,NA,22,48.56,18.62,330,40506,NA,NA,NA,0,0,NA,NA,NA,0,0,NA
2022,37,2022-09-15T02:08:00Z,20220202037,51641,Northern Sea Nettle,Chrysaora melanaster,U,NA,0,14510,400601,3,NA,NA,S,"Can Trawl 400 headrope, 601 sidewalls",2022-09-15T01:37:00Z,63.99,-165.96,2022-09-15T02:08:00Z,63.97,-165.89,NA,22,48.56,18.62,330,40504,NA,NA,NA,0,0,NA,NA,NA,0,0,NA
2022,37,2022-09-15T02:08:00Z,20220202037,51671,Cyanea capillata,Cyanea capillata,U,NA,0,79090,400601,3,NA,NA,S,"Can Trawl 400 headrope, 601 sidewalls",2022-09-15T01:37:00Z,63.99,-165.96,2022-09-15T02:08:00Z,63.97,-165.89,NA,22,48.56,18.62,330,40561,NA,NA,NA,0,0,NA,NA,NA,0,0,NA
2022,37,2022-09-15T02:08:00Z,20220202037,161975,Pink Salmon,Oncorhynchus gorbuscha,J,NA,5,375,400601,3,NA,NA,S,"Can Trawl 400 headrope, 601 sidewalls",2022-09-15T01:37:00Z,63.99,-165.96,2022-09-15T02:08:00Z,63.97,-165.89,NA,22,48.56,18.62,330,23230,8755010201,NA,NA,0,0,NA,NA,NA,0,0,NA
2022,37,2022-09-15T02:08:00Z,20220202037,161976,Chum Salmon,Oncorhynchus keta,J,NA,10,814,400601,3,NA,NA,S,"Can Trawl 400 headrope, 601 sidewalls",2022-09-15T01:37:00Z,63.99,-165.96,2022-09-15T02:08:00Z,63.97,-165.89,NA,22,48.56,18.62,330,23235,8755010202,NA,NA,0,0,NA,NA,NA,0,0,NA
2022,37,2022-09-15T02:08:00Z,20220202037,161977,Coho Salmon,Oncorhynchus kisutch,J,NA,13,3213,400601,3,NA,NA,S,"Can Trawl 400 headrope, 601 sidewalls",2022-09-15T01:37:00Z,63.99,-165.96,2022-09-15T02:08:00Z,63.97,-165.89,NA,22,48.56,18.62,330,23225,8755010203,WASHDOWN ,NA,0,0,NA,NA,NA,0,0,NA
2022,37,2022-09-15T02:08:00Z,20220202037,161980,Chinook Salmon,Oncorhynchus tshawytscha,J,NA,17,2574,400601,3,NA,NA,S,"Can Trawl 400 headrope, 601 sidewalls",2022-09-15T01:37:00Z,63.99,-165.96,2022-09-15T02:08:00Z,63.97,-165.89,NA,22,48.56,18.62,330,23220,8755010206,NA,NA,0,0,NA,NA,NA,0,0,NA
2022,37,2022-09-15T02:08:00Z,20220202037,162041,Rainbow Smelt,Osmerus mordax dentex,U,NA,6,149,400601,3,NA,NA,S,"Can Trawl 400 headrope, 601 sidewalls",2022-09-15T01:37:00Z,63.99,-165.96,2022-09-15T02:08:00Z,63.97,-165.89,NA,22,48.56,18.62,330,23055,8755030302,NA,NA,0,0,NA,NA,NA,0,0,NA
2022,37,2022-09-15T02:08:00Z,20220202037,164708,Saffron Cod,Eleginus gracilis,U,NA,9,21,400601,3,NA,NA,S,"Can Trawl 400 headrope, 601 sidewalls",2022-09-15T01:37:00Z,63.99,-165.96,2022-09-15T02:08:00Z,63.97,-165.89,NA,22,48.56,18.62,330,21735,8791030301,NA,NA,0,0,NA,NA,NA,0,0,NA
2022,37,2022-09-15T02:08:00Z,20220202037,166365,Threespine stickleback,Gasterosteus aculeatus,U,NA,62,336,400601,3,NA,NA,S,"Can Trawl 400 headrope, 601 sidewalls",2022-09-15T01:37:00Z,63.99,-165.96,2022-09-15T02:08:00Z,63.97,-165.89,NA,22,48.56,18.62,330,21752,8818010101,NA,NA,0,0,NA,NA,NA,0,0,NA
2022,37,2022-09-15T02:08:00Z,20220202037,171672,Arctic Sand Lance,Ammodytes hexapterus,A0,NA,2,2,400601,3,NA,NA,S,"Can Trawl 400 headrope, 601 sidewalls",2022-09-15T01:37:00Z,63.99,-165.96,2022-09-15T02:08:00Z,63.97,-165.89,NA,22,48.56,18.62,330,20203,8845010101,NA,NA,0,0,NA,NA,NA,0,0,NA
2022,37,2022-09-15T02:08:00Z,20220202037,172930,Greenland Halibut,Reinhardtius hippoglossoides,L,NA,2,7,400601,3,NA,NA,S,"Can Trawl 400 headrope, 601 sidewalls",2022-09-15T01:37:00Z,63.99,-165.96,2022-09-15T02:08:00Z,63.97,-165.89,NA,22,48.56,18.62,330,10115,8857041801,NA,NA,0,0,NA,NA,NA,0,0,NA
2022,37,2022-09-15T02:08:00Z,20220202037,551209,Pacific Herring,Clupea pallasi,A1+,NA,1,158,400601,3,NA,NA,S,"Can Trawl 400 headrope, 601 sidewalls",2022-09-15T01:37:00Z,63.99,-165.96,2022-09-15T02:08:00Z,63.97,-165.89,NA,22,48.56,18.62,330,21110,8747010201,NA,NA,0,0,NA,NA,NA,0,0,NA
2022,37,2022-09-15T02:08:00Z,20220202037,556311,Long Fin Squid,Gonatus kamtschaticus,U,NA,2,34,400601,3,NA,NA,S,"Can Trawl 400 headrope, 601 sidewalls",2022-09-15T01:37:00Z,63.99,-165.96,2022-09-15T02:08:00Z,63.97,-165.89,NA,22,48.56,18.62,330,79206,NA,NA,NA,0,0,NA,NA,NA,0,0,NA
2022,37,2022-09-15T02:08:00Z,20220202037,934083,Pollock,Gadus chalcogrammus,A0,NA,193.75,279,400601,3,NA,NA,S,"Can Trawl 400 headrope, 601 sidewalls",2022-09-15T01:37:00Z,63.99,-165.96,2022-09-15T02:08:00Z,63.97,-165.89,NA,22,48.56,18.62,330,21740,8791030701,NA,NA,0,0,NA,NA,NA,0,0,NA
2022,40,2022-09-16T01:27:00Z,20220202040,51641,Northern Sea Nettle,Chrysaora melanaster,U,NA,0,25540,400601,3,NA,NA,S,"Can Trawl 400 headrope, 601 sidewalls",2022-09-16T00:57:00Z,64.1,-164.5,2022-09-16T01:27:00Z,64.1,-164.58,NA,21,50.66,17.75,330,40504,NA,NA,NA,0,0,NA,NA,NA,0,0,NA
2022,40,2022-09-16T01:27:00Z,20220202040,51671,Cyanea capillata,Cyanea capillata,U,NA,0,2000,400601,3,NA,NA,S,"Can Trawl 400 headrope, 601 sidewalls",2022-09-16T00:57:00Z,64.1,-164.5,2022-09-16T01:27:00Z,64.1,-164.58,NA,21,50.66,17.75,330,40561,NA,NA,NA,0,0,NA,NA,NA,0,0,NA
2022,40,2022-09-16T01:27:00Z,20220202040,97110,Sevenspine bay shrimp,Crangon septemspinosa,U,NA,96.43,96.4,400601,3,NA,NA,S,"Can Trawl 400 headrope, 601 sidewalls",2022-09-16T00:57:00Z,64.1,-164.5,2022-09-16T01:27:00Z,64.1,-164.58,NA,21,50.66,17.75,330,NA,66548,NA,NA,0,0,NA,NA,NA,0,0,NA
2022,40,2022-09-16T01:27:00Z,20220202040,162041,Rainbow Smelt,Osmerus mordax dentex,U,NA,24.1,289.3,400601,3,NA,NA,S,"Can Trawl 400 headrope, 601 sidewalls",2022-09-16T00:57:00Z,64.1,-164.5,2022-09-16T01:27:00Z,64.1,-164.58,NA,21,50.66,17.75,330,23055,8755030302,NA,NA,0,0,NA,NA,NA,0,0,NA
2022,40,2022-09-16T01:27:00Z,20220202040,164708,Saffron Cod,Eleginus gracilis,A1+,NA,3,165,400601,3,NA,NA,S,"Can Trawl 400 headrope, 601 sidewalls",2022-09-16T00:57:00Z,64.1,-164.5,2022-09-16T01:27:00Z,64.1,-164.58,NA,21,50.66,17.75,330,21735,8791030301,NA,NA,0,0,NA,NA,NA,0,0,NA
2022,40,2022-09-16T01:27:00Z,20220202040,166365,Threespine stickleback,Gasterosteus aculeatus,U,NA,192.87,217,400601,3,NA,NA,S,"Can Trawl 400 headrope, 601 sidewalls",2022-09-16T00:57:00Z,64.1,-164.5,2022-09-16T01:27:00Z,64.1,-164.58,NA,21,50.66,17.75,330,21752,8818010101,NA,NA,0,0,NA,NA,NA,0,0,NA
2022,40,2022-09-16T01:27:00Z,20220202040,167220,Crested Sculpin,Blepsias bilobus,U,NA,1,10,400601,3,NA,NA,S,"Can Trawl 400 headrope, 601 sidewalls",2022-09-16T00:57:00Z,64.1,-164.5,2022-09-16T01:27:00Z,64.1,-164.58,NA,21,50.66,17.75,330,21397,8831020601,NA,NA,0,0,NA,NA,NA,0,0,NA
2022,40,2022-09-16T01:27:00Z,20220202040,172893,Starry Flounder,Platichthys stellatus,U,NA,5,1890,400601,3,NA,NA,S,"Can Trawl 400 headrope, 601 sidewalls",2022-09-16T00:57:00Z,64.1,-164.5,2022-09-16T01:27:00Z,64.1,-164.58,NA,21,50.66,17.75,330,10220,8857041401,NA,NA,0,0,NA,NA,NA,0,0,NA
2022,40,2022-09-16T01:27:00Z,20220202040,172911,Longhead Dab,Limanda proboscidea,L,NA,24.1,24.1,400601,3,NA,NA,S,"Can Trawl 400 headrope, 601 sidewalls",2022-09-16T00:57:00Z,64.1,-164.5,2022-09-16T01:27:00Z,64.1,-164.58,NA,21,50.66,17.75,330,10211,8857041507,NA,NA,0,0,NA,NA,NA,0,0,NA
2022,40,2022-09-16T01:27:00Z,20220202040,551209,Pacific Herring,Clupea pallasi,A0,NA,19464.27,79414.3,400601,3,NA,NA,S,"Can Trawl 400 headrope, 601 sidewalls",2022-09-16T00:57:00Z,64.1,-164.5,2022-09-16T01:27:00Z,64.1,-164.58,NA,21,50.66,17.75,330,21110,8747010201,NA,NA,0,0,NA,NA,NA,0,0,NA
2022,40,2022-09-16T01:27:00Z,20220202040,551209,Pacific Herring,Clupea pallasi,A1+,NA,30,2025,400601,3,NA,NA,S,"Can Trawl 400 headrope, 601 sidewalls",2022-09-16T00:57:00Z,64.1,-164.5,2022-09-16T01:27:00Z,64.1,-164.58,NA,21,50.66,17.75,330,21110,8747010201,NA,NA,0,0,NA,NA,NA,0,0,NA
2022,40,2022-09-16T01:27:00Z,20220202040,934083,Pollock,Gadus chalcogrammus,A1+,NA,1,28,400601,3,NA,NA,S,"Can Trawl 400 headrope, 601 sidewalls",2022-09-16T00:57:00Z,64.1,-164.5,2022-09-16T01:27:00Z,64.1,-164.58,NA,21,50.66,17.75,330,21740,8791030701,NA,NA,0,0,NA,NA,NA,0,0,NA
2022,4,2022-09-03T02:27:00Z,20220202004,51641,Northern Sea Nettle,Chrysaora melanaster,U,NA,0,8180,400601,3,NA,NA,S,"Can Trawl 400 headrope, 601 sidewalls",2022-09-03T01:57:00Z,60.51,-170,2022-09-03T02:27:00Z,60.54,-170.01,NA,51,47.91,22.27,330,40504,NA,NA,NA,0,0,NA,NA,NA,0,0,NA
2022,4,2022-09-03T02:27:00Z,20220202004,161980,Chinook Salmon,Oncorhynchus tshawytscha,IM,NA,2,6630,400601,3,NA,NA,S,"Can Trawl 400 headrope, 601 sidewalls",2022-09-03T01:57:00Z,60.51,-170,2022-09-03T02:27:00Z,60.54,-170.01,NA,51,47.91,22.27,330,23220,8755010206,NA,NA,0,0,NA,NA,NA,0,0,NA
2022,4,2022-09-03T02:27:00Z,20220202004,551209,Pacific Herring,Clupea pallasi,A1+,NA,3,326,400601,3,NA,NA,S,"Can Trawl 400 headrope, 601 sidewalls",2022-09-03T01:57:00Z,60.51,-170,2022-09-03T02:27:00Z,60.54,-170.01,NA,51,47.91,22.27,330,21110,8747010201,NA,NA,0,0,NA,NA,NA,0,0,NA
2022,4,2022-09-03T02:27:00Z,20220202004,934083,Pollock,Gadus chalcogrammus,A0,NA,532.17,765,400601,3,NA,NA,S,"Can Trawl 400 headrope, 601 sidewalls",2022-09-03T01:57:00Z,60.51,-170,2022-09-03T02:27:00Z,60.54,-170.01,NA,51,47.91,22.27,330,21740,8791030701,NA,NA,0,0,NA,NA,NA,0,0,NA
2022,5,2022-08-20T18:50:00Z,20220308005,50513,Staurophora mertensi,Staurophora mertensi,U,NA,0,19149.04,NETS156,5,Bering Sea,56.5-162,O,NETS Pelagic Trawl,2022-08-20T18:50:00Z,56.5,-161.96,2022-08-20T18:50:00Z,56.5,-161.96,NA,69,NA,NA,NA,NA,40562,NA,2022-08-20T18:50:00Z,56.5,56.5,NA,NA,NA,0,0,NA
2022,5,2022-08-20T18:50:00Z,20220308005,50623,Aequorea  sp.,Aequorea sp.,U,NA,0,28691.11,NETS156,5,Bering Sea,56.5-162,O,NETS Pelagic Trawl,2022-08-20T18:50:00Z,56.5,-161.96,2022-08-20T18:50:00Z,56.5,-161.96,NA,69,NA,NA,NA,40506,NA,NA,2022-08-20T18:50:00Z,56.5,56.5,NA,NA,NA,0,0,NA
2022,5,2022-08-20T18:50:00Z,20220308005,51641,Northern Sea Nettle,Chrysaora melanaster,U,NA,538,426991.25,NETS156,5,Bering Sea,56.5-162,O,NETS Pelagic Trawl,2022-08-20T18:50:00Z,56.5,-161.96,2022-08-20T18:50:00Z,56.5,-161.96,NA,69,NA,NA,NA,40504,NA,NA,2022-08-20T18:50:00Z,56.5,56.5,NA,NA,NA,0,0,NA
2022,5,2022-08-20T18:50:00Z,20220308005,51671,Cyanea capillata,Cyanea capillata,U,NA,6,460.87,NETS156,5,Bering Sea,56.5-162,O,NETS Pelagic Trawl,2022-08-20T18:50:00Z,56.5,-161.96,2022-08-20T18:50:00Z,56.5,-161.96,NA,69,NA,NA,NA,40561,NA,NA,2022-08-20T18:50:00Z,56.5,56.5,NA,NA,NA,0,0,NA
2022,5,2022-08-20T18:50:00Z,20220308005,161979,Sockeye Salmon,Oncorhynchus nerka,J,NA,1,26,NETS156,5,Bering Sea,56.5-162,O,NETS Pelagic Trawl,2022-08-20T18:50:00Z,56.5,-161.96,2022-08-20T18:50:00Z,56.5,-161.96,NA,69,NA,NA,NA,23240,8755010205,NA,2022-08-20T18:50:00Z,56.5,56.5,NA,NA,NA,0,0,NA
2022,5,2022-08-20T18:50:00Z,20220308005,164711,Pacific Cod,Gadus macrocephalus,A0,NA,39,136.31,NETS156,5,Bering Sea,56.5-162,O,NETS Pelagic Trawl,2022-08-20T18:50:00Z,56.5,-161.96,2022-08-20T18:50:00Z,56.5,-161.96,NA,69,NA,NA,NA,21720,8791030401,NA,2022-08-20T18:50:00Z,56.5,56.5,NA,NA,NA,0,0,NA
2022,5,2022-08-20T18:50:00Z,20220308005,171659,Prowfish,Zaprora silenus,U,NA,2,103,NETS156,5,Bering Sea,56.5-162,O,NETS Pelagic Trawl,2022-08-20T18:50:00Z,56.5,-161.96,2022-08-20T18:50:00Z,56.5,-161.96,NA,69,NA,NA,NA,24001,8842150101,NA,2022-08-20T18:50:00Z,56.5,56.5,NA,NA,NA,0,0,NA
2022,5,2022-08-20T18:50:00Z,20220308005,171672,Arctic Sand Lance,Ammodytes hexapterus,U,NA,6,6.49,NETS156,5,Bering Sea,56.5-162,O,NETS Pelagic Trawl,2022-08-20T18:50:00Z,56.5,-161.96,2022-08-20T18:50:00Z,56.5,-161.96,NA,69,NA,NA,NA,20203,8845010101,NA,2022-08-20T18:50:00Z,56.5,56.5,NA,NA,NA,0,0,NA
2022,5,2022-08-20T18:50:00Z,20220308005,172907,Yellowfin Sole,Limanda aspera,U,NA,2,894,NETS156,5,Bering Sea,56.5-162,O,NETS Pelagic Trawl,2022-08-20T18:50:00Z,56.5,-161.96,2022-08-20T18:50:00Z,56.5,-161.96,NA,69,NA,NA,NA,10210,8857041505,NA,2022-08-20T18:50:00Z,56.5,56.5,NA,NA,NA,0,0,NA
2022,5,2022-08-20T18:50:00Z,20220308005,556311,Long Fin Squid,Gonatus kamtschaticus,U,NA,1,14,NETS156,5,Bering Sea,56.5-162,O,NETS Pelagic Trawl,2022-08-20T18:50:00Z,56.5,-161.96,2022-08-20T18:50:00Z,56.5,-161.96,NA,69,NA,NA,NA,79206,NA,NA,2022-08-20T18:50:00Z,56.5,56.5,NA,NA,NA,0,0,NA
2022,5,2022-08-20T18:50:00Z,20220308005,934083,Pollock,Gadus chalcogrammus,A1+,NA,1,350,NETS156,5,Bering Sea,56.5-162,O,NETS Pelagic Trawl,2022-08-20T18:50:00Z,56.5,-161.96,2022-08-20T18:50:00Z,56.5,-161.96,NA,69,NA,NA,NA,21740,8791030701,NA,2022-08-20T18:50:00Z,56.5,56.5,NA,NA,NA,0,0,NA
2022,5,2022-08-20T18:50:00Z,20220308005,934083,Pollock,Gadus chalcogrammus,U,NA,14946,13170.64,NETS156,5,Bering Sea,56.5-162,O,NETS Pelagic Trawl,2022-08-20T18:50:00Z,56.5,-161.96,2022-08-20T18:50:00Z,56.5,-161.96,NA,69,NA,NA,NA,21740,8791030701,NA,2022-08-20T18:50:00Z,56.5,56.5,NA,NA,NA,0,0,NA
2022,5,2022-08-20T21:31:00Z,20220308005,50513,Staurophora mertensi,Staurophora mertensi,U,NA,0,887.08,400601,6,Bering Sea,56.5-162,S,"Can Trawl 400 headrope, 601 sidewalls",2022-08-20T21:01:00Z,56.5,-162.02,2022-08-20T21:31:00Z,56.5,-161.97,NA,62,55.5,23,180,NA,40562,NA,2022-08-20T20:56:00Z,56.5,56.5,NA,NA,NA,0,0,NA
2022,5,2022-08-20T21:31:00Z,20220308005,50623,Aequorea  sp.,Aequorea sp.,U,NA,0,15025.06,400601,6,Bering Sea,56.5-162,S,"Can Trawl 400 headrope, 601 sidewalls",2022-08-20T21:01:00Z,56.5,-162.02,2022-08-20T21:31:00Z,56.5,-161.97,NA,62,55.5,23,180,40506,NA,NA,2022-08-20T20:56:00Z,56.5,56.5,NA,NA,NA,0,0,NA
2022,5,2022-08-20T21:31:00Z,20220308005,51641,Northern Sea Nettle,Chrysaora melanaster,U,NA,166,108860,400601,6,Bering Sea,56.5-162,S,"Can Trawl 400 headrope, 601 sidewalls",2022-08-20T21:01:00Z,56.5,-162.02,2022-08-20T21:31:00Z,56.5,-161.97,NA,62,55.5,23,180,40504,NA,NA,2022-08-20T20:56:00Z,56.5,56.5,NA,NA,NA,0,0,NA
2022,5,2022-08-20T21:31:00Z,20220308005,51671,Cyanea capillata,Cyanea capillata,U,NA,8,1410,400601,6,Bering Sea,56.5-162,S,"Can Trawl 400 headrope, 601 sidewalls",2022-08-20T21:01:00Z,56.5,-162.02,2022-08-20T21:31:00Z,56.5,-161.97,NA,62,55.5,23,180,40561,NA,NA,2022-08-20T20:56:00Z,56.5,56.5,NA,NA,NA,0,0,NA
2022,5,2022-08-20T21:31:00Z,20220308005,51700,Aurelia sp.,Aurelia sp.,U,NA,0,29,400601,6,Bering Sea,56.5-162,S,"Can Trawl 400 headrope, 601 sidewalls",2022-08-20T21:01:00Z,56.5,-162.02,2022-08-20T21:31:00Z,56.5,-161.97,NA,62,55.5,23,180,40511,NA,NA,2022-08-20T20:56:00Z,56.5,56.5,NA,NA,NA,0,0,NA
2022,5,2022-08-20T21:31:00Z,20220308005,161977,Coho Salmon,Oncorhynchus kisutch,U,NA,1,3080,400601,6,Bering Sea,56.5-162,S,"Can Trawl 400 headrope, 601 sidewalls",2022-08-20T21:01:00Z,56.5,-162.02,2022-08-20T21:31:00Z,56.5,-161.97,NA,62,55.5,23,180,23225,8755010203,NA,2022-08-20T20:56:00Z,56.5,56.5,NA,NA,NA,0,0,NA
2022,5,2022-08-20T21:31:00Z,20220308005,161979,Sockeye Salmon,Oncorhynchus nerka,J,NA,58,1682,400601,6,Bering Sea,56.5-162,S,"Can Trawl 400 headrope, 601 sidewalls",2022-08-20T21:01:00Z,56.5,-162.02,2022-08-20T21:31:00Z,56.5,-161.97,NA,62,55.5,23,180,23240,8755010205,NA,2022-08-20T20:56:00Z,56.5,56.5,NA,NA,NA,0,0,NA
2022,5,2022-08-20T21:31:00Z,20220308005,164711,Pacific Cod,Gadus macrocephalus,A0,NA,58,296.62,400601,6,Bering Sea,56.5-162,S,"Can Trawl 400 headrope, 601 sidewalls",2022-08-20T21:01:00Z,56.5,-162.02,2022-08-20T21:31:00Z,56.5,-161.97,NA,62,55.5,23,180,21720,8791030401,NA,2022-08-20T20:56:00Z,56.5,56.5,NA,NA,NA,0,0,NA
2022,5,2022-08-20T21:31:00Z,20220308005,166365,Threespine stickleback,Gasterosteus aculeatus,U,NA,2,6,400601,6,Bering Sea,56.5-162,S,"Can Trawl 400 headrope, 601 sidewalls",2022-08-20T21:01:00Z,56.5,-162.02,2022-08-20T21:31:00Z,56.5,-161.97,NA,62,55.5,23,180,21752,8818010101,NA,2022-08-20T20:56:00Z,56.5,56.5,NA,NA,NA,0,0,NA
2022,5,2022-08-20T21:31:00Z,20220308005,171659,Prowfish,Zaprora silenus,U,NA,2,12,400601,6,Bering Sea,56.5-162,S,"Can Trawl 400 headrope, 601 sidewalls",2022-08-20T21:01:00Z,56.5,-162.02,2022-08-20T21:31:00Z,56.5,-161.97,NA,62,55.5,23,180,24001,8842150101,NA,2022-08-20T20:56:00Z,56.5,56.5,NA,NA,NA,0,0,NA
2022,5,2022-08-20T21:31:00Z,20220308005,934083,Pollock,Gadus chalcogrammus,U,NA,5357,4928.88,400601,6,Bering Sea,56.5-162,S,"Can Trawl 400 headrope, 601 sidewalls",2022-08-20T21:01:00Z,56.5,-162.02,2022-08-20T21:31:00Z,56.5,-161.97,NA,62,55.5,23,180,21740,8791030701,NA,2022-08-20T20:56:00Z,56.5,56.5,NA,NA,NA,0,0,NA
2022,5,2022-09-03T17:47:00Z,20220202005,51641,Northern Sea Nettle,Chrysaora melanaster,U,NA,0,330,400601,3,NA,NA,S,"Can Trawl 400 headrope, 601 sidewalls",2022-09-03T17:16:00Z,60.52,-169,2022-09-03T17:47:00Z,60.48,-169,NA,39,48.97,19.59,330,40504,NA,NA,NA,0,0,NA,NA,NA,0,0,NA
2022,5,2022-09-03T17:47:00Z,20220202005,162035,Capelin,Mallotus villosus,U,NA,32,156,400601,3,NA,NA,S,"Can Trawl 400 headrope, 601 sidewalls",2022-09-03T17:16:00Z,60.52,-169,2022-09-03T17:47:00Z,60.48,-169,NA,39,48.97,19.59,330,23041,8755030201,NA,NA,0,0,NA,NA,NA,0,0,NA
2022,5,2022-09-03T17:47:00Z,20220202005,167120,Atka Mackerel,Pleurogrammus monopterygius,U,NA,1,140,400601,3,NA,NA,S,"Can Trawl 400 headrope, 601 sidewalls",2022-09-03T17:16:00Z,60.52,-169,2022-09-03T17:47:00Z,60.48,-169,NA,39,48.97,19.59,330,21921,8827010501,NA,NA,0,0,NA,NA,NA,0,0,NA
2022,5,2022-09-03T17:47:00Z,20220202005,172893,Starry Flounder,Platichthys stellatus,U,NA,1,490,400601,3,NA,NA,S,"Can Trawl 400 headrope, 601 sidewalls",2022-09-03T17:16:00Z,60.52,-169,2022-09-03T17:47:00Z,60.48,-169,NA,39,48.97,19.59,330,10220,8857041401,NA,NA,0,0,NA,NA,NA,0,0,NA
2022,5,2022-09-03T17:47:00Z,20220202005,172907,Yellowfin Sole,Limanda aspera,U,NA,1,790,400601,3,NA,NA,S,"Can Trawl 400 headrope, 601 sidewalls",2022-09-03T17:16:00Z,60.52,-169,2022-09-03T17:47:00Z,60.48,-169,NA,39,48.97,19.59,330,10210,8857041505,NA,NA,0,0,NA,NA,NA,0,0,NA
2022,5,2022-09-03T17:47:00Z,20220202005,172911,Longhead Dab,Limanda proboscidea,L,NA,3,1,400601,3,NA,NA,S,"Can Trawl 400 headrope, 601 sidewalls",2022-09-03T17:16:00Z,60.52,-169,2022-09-03T17:47:00Z,60.48,-169,NA,39,48.97,19.59,330,10211,8857041507,NA,NA,0,0,NA,NA,NA,0,0,NA
2022,5,2022-09-03T17:47:00Z,20220202005,172930,Greenland Halibut,Reinhardtius hippoglossoides,L,NA,1,1,400601,3,NA,NA,S,"Can Trawl 400 headrope, 601 sidewalls",2022-09-03T17:16:00Z,60.52,-169,2022-09-03T17:47:00Z,60.48,-169,NA,39,48.97,19.59,330,10115,8857041801,NA,NA,0,0,NA,NA,NA,0,0,NA
2022,5,2022-09-03T17:47:00Z,20220202005,551209,Pacific Herring,Clupea pallasi,A1+,NA,14,1090,400601,3,NA,NA,S,"Can Trawl 400 headrope, 601 sidewalls",2022-09-03T17:16:00Z,60.52,-169,2022-09-03T17:47:00Z,60.48,-169,NA,39,48.97,19.59,330,21110,8747010201,NA,NA,0,0,NA,NA,NA,0,0,NA
2022,5,2022-09-03T17:47:00Z,20220202005,934083,Pollock,Gadus chalcogrammus,A0,NA,1664.28,1165,400601,3,NA,NA,S,"Can Trawl 400 headrope, 601 sidewalls",2022-09-03T17:16:00Z,60.52,-169,2022-09-03T17:47:00Z,60.48,-169,NA,39,48.97,19.59,330,21740,8791030701,NA,NA,0,0,NA,NA,NA,0,0,NA
2022,7,2022-09-04T03:59:00Z,20220202007,51671,Cyanea capillata,Cyanea capillata,U,NA,0,2350,400601,3,NA,NA,S,"Can Trawl 400 headrope, 601 sidewalls",2022-09-04T03:28:00Z,60.51,-167.05,2022-09-04T03:59:00Z,60.54,-167.11,NA,31,49.94,24.23,330,40561,NA,NA,NA,0,0,NA,NA,NA,0,0,NA
2022,7,2022-09-04T03:59:00Z,20220202007,97110,Sevenspine bay shrimp,Crangon septemspinosa,U,NA,0,3,400601,3,NA,NA,S,"Can Trawl 400 headrope, 601 sidewalls",2022-09-04T03:28:00Z,60.51,-167.05,2022-09-04T03:59:00Z,60.54,-167.11,NA,31,49.94,24.23,330,NA,66548,NA,NA,0,0,NA,NA,NA,0,0,NA
2022,7,2022-09-04T03:59:00Z,20220202007,97113,Ridged crangon,Crangon dalli,U,NA,0,4,400601,3,NA,NA,S,"Can Trawl 400 headrope, 601 sidewalls",2022-09-04T03:28:00Z,60.51,-167.05,2022-09-04T03:59:00Z,60.54,-167.11,NA,31,49.94,24.23,330,66530,NA,NA,NA,0,0,NA,NA,NA,0,0,NA
2022,7,2022-09-04T03:59:00Z,20220202007,161975,Pink Salmon,Oncorhynchus gorbuscha,J,NA,30,1512,400601,3,NA,NA,S,"Can Trawl 400 headrope, 601 sidewalls",2022-09-04T03:28:00Z,60.51,-167.05,2022-09-04T03:59:00Z,60.54,-167.11,NA,31,49.94,24.23,330,23230,8755010201,NA,NA,0,0,NA,NA,NA,0,0,NA
2022,7,2022-09-04T03:59:00Z,20220202007,161976,Chum Salmon,Oncorhynchus keta,J,NA,70.3,4009,400601,3,NA,NA,S,"Can Trawl 400 headrope, 601 sidewalls",2022-09-04T03:28:00Z,60.51,-167.05,2022-09-04T03:59:00Z,60.54,-167.11,NA,31,49.94,24.23,330,23235,8755010202,NA,NA,0,0,NA,NA,NA,0,0,NA
2022,7,2022-09-04T03:59:00Z,20220202007,161977,Coho Salmon,Oncorhynchus kisutch,J,NA,3,984,400601,3,NA,NA,S,"Can Trawl 400 headrope, 601 sidewalls",2022-09-04T03:28:00Z,60.51,-167.05,2022-09-04T03:59:00Z,60.54,-167.11,NA,31,49.94,24.23,330,23225,8755010203,NA,NA,0,0,NA,NA,NA,0,0,NA
2022,7,2022-09-04T03:59:00Z,20220202007,161980,Chinook Salmon,Oncorhynchus tshawytscha,J,NA,5,574,400601,3,NA,NA,S,"Can Trawl 400 headrope, 601 sidewalls",2022-09-04T03:28:00Z,60.51,-167.05,2022-09-04T03:59:00Z,60.54,-167.11,NA,31,49.94,24.23,330,23220,8755010206,NA,NA,0,0,NA,NA,NA,0,0,NA
2022,7,2022-09-04T03:59:00Z,20220202007,162035,Capelin,Mallotus villosus,U,NA,1,4,400601,3,NA,NA,S,"Can Trawl 400 headrope, 601 sidewalls",2022-09-04T03:28:00Z,60.51,-167.05,2022-09-04T03:59:00Z,60.54,-167.11,NA,31,49.94,24.23,330,23041,8755030201,NA,NA,0,0,NA,NA,NA,0,0,NA
2022,7,2022-09-04T03:59:00Z,20220202007,162041,Rainbow Smelt,Osmerus mordax dentex,U,NA,2,69,400601,3,NA,NA,S,"Can Trawl 400 headrope, 601 sidewalls",2022-09-04T03:28:00Z,60.51,-167.05,2022-09-04T03:59:00Z,60.54,-167.11,NA,31,49.94,24.23,330,23055,8755030302,NA,NA,0,0,NA,NA,NA,0,0,NA
2022,7,2022-09-04T03:59:00Z,20220202007,164708,Saffron Cod,Eleginus gracilis,A1+,NA,1,95,400601,3,NA,NA,S,"Can Trawl 400 headrope, 601 sidewalls",2022-09-04T03:28:00Z,60.51,-167.05,2022-09-04T03:59:00Z,60.54,-167.11,NA,31,49.94,24.23,330,21735,8791030301,NA,NA,0,0,NA,NA,NA,0,0,NA
2022,7,2022-09-04T03:59:00Z,20220202007,166365,Threespine stickleback,Gasterosteus aculeatus,U,NA,1,4,400601,3,NA,NA,S,"Can Trawl 400 headrope, 601 sidewalls",2022-09-04T03:28:00Z,60.51,-167.05,2022-09-04T03:59:00Z,60.54,-167.11,NA,31,49.94,24.23,330,21752,8818010101,NA,NA,0,0,NA,NA,NA,0,0,NA
2022,7,2022-09-04T03:59:00Z,20220202007,551209,Pacific Herring,Clupea pallasi,A0,NA,10833.52,56551,400601,3,NA,NA,S,"Can Trawl 400 headrope, 601 sidewalls",2022-09-04T03:28:00Z,60.51,-167.05,2022-09-04T03:59:00Z,60.54,-167.11,NA,31,49.94,24.23,330,21110,8747010201,NA,NA,0,0,NA,NA,NA,0,0,NA
2022,7,2022-09-04T03:59:00Z,20220202007,551209,Pacific Herring,Clupea pallasi,A1+,NA,1,20,400601,3,NA,NA,S,"Can Trawl 400 headrope, 601 sidewalls",2022-09-04T03:28:00Z,60.51,-167.05,2022-09-04T03:59:00Z,60.54,-167.11,NA,31,49.94,24.23,330,21110,8747010201,NA,NA,0,0,NA,NA,NA,0,0,NA
2022,7,2022-09-04T03:59:00Z,20220202007,934083,Pollock,Gadus chalcogrammus,A0,NA,4,6,400601,3,NA,NA,S,"Can Trawl 400 headrope, 601 sidewalls",2022-09-04T03:28:00Z,60.51,-167.05,2022-09-04T03:59:00Z,60.54,-167.11,NA,31,49.94,24.23,330,21740,8791030701,NA,NA,0,0,NA,NA,NA,0,0,NA
2022,10,2022-08-22T19:01:00Z,20220308010,51641,Northern Sea Nettle,Chrysaora melanaster,U,NA,2781,1293180.91,NETS156,7,Bering Sea,56-165,O,NETS Pelagic Trawl,2022-08-22T19:01:00Z,56.01,-165.01,2022-08-22T19:01:00Z,56.01,-165.01,NA,95,17.7,9.6,300,40504,NA,NA,2022-08-22T18:50:00Z,56,56,NA,NA,NA,0,0,NA
2022,10,2022-08-22T19:01:00Z,20220308010,161979,Sockeye Salmon,Oncorhynchus nerka,J,NA,27,1383.36,NETS156,7,Bering Sea,56-165,O,NETS Pelagic Trawl,2022-08-22T19:01:00Z,56.01,-165.01,2022-08-22T19:01:00Z,56.01,-165.01,NA,95,17.7,9.6,300,23240,8755010205,NA,2022-08-22T18:50:00Z,56,56,NA,NA,NA,0,0,NA
2022,10,2022-08-22T19:01:00Z,20220308010,164711,Pacific Cod,Gadus macrocephalus,A0,NA,133,345.84,NETS156,7,Bering Sea,56-165,O,NETS Pelagic Trawl,2022-08-22T19:01:00Z,56.01,-165.01,2022-08-22T19:01:00Z,56.01,-165.01,NA,95,17.7,9.6,300,21720,8791030401,NA,2022-08-22T18:50:00Z,56,56,NA,NA,NA,0,0,NA
2022,10,2022-08-22T19:01:00Z,20220308010,171671,"Sand lance, unident.",Ammodytes sp.,A0,NA,27,26.6,NETS156,7,Bering Sea,56-165,O,NETS Pelagic Trawl,2022-08-22T19:01:00Z,56.01,-165.01,2022-08-22T19:01:00Z,56.01,-165.01,NA,95,17.7,9.6,300,20202,NA,NA,2022-08-22T18:50:00Z,56,56,NA,NA,NA,0,0,NA
2022,10,2022-08-22T19:01:00Z,20220308010,934083,Pollock,Gadus chalcogrammus,A1+,NA,106,38042.55,NETS156,7,Bering Sea,56-165,O,NETS Pelagic Trawl,2022-08-22T19:01:00Z,56.01,-165.01,2022-08-22T19:01:00Z,56.01,-165.01,NA,95,17.7,9.6,300,21740,8791030701,NA,2022-08-22T18:50:00Z,56,56,NA,NA,NA,0,0,NA
2022,10,2022-08-22T19:01:00Z,20220308010,934083,Pollock,Gadus chalcogrammus,U,NA,27194,19579.94,NETS156,7,Bering Sea,56-165,O,NETS Pelagic Trawl,2022-08-22T19:01:00Z,56.01,-165.01,2022-08-22T19:01:00Z,56.01,-165.01,NA,95,17.7,9.6,300,21740,8791030701,NA,2022-08-22T18:50:00Z,56,56,NA,NA,NA,0,0,NA
2022,10,2022-08-22T22:00:00Z,20220308010,50623,Aequorea  sp.,Aequorea sp.,U,NA,0,2760,400601,8,Bering Sea,56-165,S,"Can Trawl 400 headrope, 601 sidewalls",2022-08-22T21:30:00Z,56,-165,2022-08-22T22:00:00Z,56.03,-165.01,NA,95,55.5,24.41,189.91,40506,NA,NA,2022-08-22T21:24:00Z,55.99,55.99,NA,NA,NA,0,0,NA
2022,10,2022-08-22T22:00:00Z,20220308010,51641,Northern Sea Nettle,Chrysaora melanaster,U,NA,57,50020,400601,8,Bering Sea,56-165,S,"Can Trawl 400 headrope, 601 sidewalls",2022-08-22T21:30:00Z,56,-165,2022-08-22T22:00:00Z,56.03,-165.01,NA,95,55.5,24.41,189.91,40504,NA,NA,2022-08-22T21:24:00Z,55.99,55.99,NA,NA,NA,0,0,NA
2022,10,2022-08-22T22:00:00Z,20220308010,51671,Cyanea capillata,Cyanea capillata,U,NA,10,2010,400601,8,Bering Sea,56-165,S,"Can Trawl 400 headrope, 601 sidewalls",2022-08-22T21:30:00Z,56,-165,2022-08-22T22:00:00Z,56.03,-165.01,NA,95,55.5,24.41,189.91,40561,NA,NA,2022-08-22T21:24:00Z,55.99,55.99,NA,NA,NA,0,0,NA
2022,10,2022-08-22T22:00:00Z,20220308010,161976,Chum Salmon,Oncorhynchus keta,IM,NA,24,46870,400601,8,Bering Sea,56-165,S,"Can Trawl 400 headrope, 601 sidewalls",2022-08-22T21:30:00Z,56,-165,2022-08-22T22:00:00Z,56.03,-165.01,NA,95,55.5,24.41,189.91,23235,8755010202,NA,2022-08-22T21:24:00Z,55.99,55.99,NA,NA,NA,0,0,NA
2022,10,2022-08-22T22:00:00Z,20220308010,161979,Sockeye Salmon,Oncorhynchus nerka,IM,NA,8,3480,400601,8,Bering Sea,56-165,S,"Can Trawl 400 headrope, 601 sidewalls",2022-08-22T21:30:00Z,56,-165,2022-08-22T22:00:00Z,56.03,-165.01,NA,95,55.5,24.41,189.91,23240,8755010205,NA,2022-08-22T21:24:00Z,55.99,55.99,NA,NA,NA,0,0,NA
2022,10,2022-08-22T22:00:00Z,20220308010,161979,Sockeye Salmon,Oncorhynchus nerka,J,NA,62,3185,400601,8,Bering Sea,56-165,S,"Can Trawl 400 headrope, 601 sidewalls",2022-08-22T21:30:00Z,56,-165,2022-08-22T22:00:00Z,56.03,-165.01,NA,95,55.5,24.41,189.91,23240,8755010205,NA,2022-08-22T21:24:00Z,55.99,55.99,NA,NA,NA,0,0,NA
2022,10,2022-08-22T22:00:00Z,20220308010,171337,Bering Wolffish,Anarhichas orientalis,U,NA,1,75,400601,8,Bering Sea,56-165,S,"Can Trawl 400 headrope, 601 sidewalls",2022-08-22T21:30:00Z,56,-165,2022-08-22T22:00:00Z,56.03,-165.01,NA,95,55.5,24.41,189.91,20322,8842020101,NA,2022-08-22T21:24:00Z,55.99,55.99,NA,NA,NA,0,0,NA
2022,10,2022-09-05T02:29:00Z,20220202010,51641,Northern Sea Nettle,Chrysaora melanaster,U,NA,1,1130,400601,3,NA,NA,S,"Can Trawl 400 headrope, 601 sidewalls",2022-09-05T01:59:00Z,60.99,-168.99,2022-09-05T02:29:00Z,60.97,-169.03,NA,38,50.74,22.72,330,40504,NA,NA,NA,0,0,NA,NA,NA,0,0,NA
2022,10,2022-09-05T02:29:00Z,20220202010,162035,Capelin,Mallotus villosus,U,NA,378.57,1590,400601,3,NA,NA,S,"Can Trawl 400 headrope, 601 sidewalls",2022-09-05T01:59:00Z,60.99,-168.99,2022-09-05T02:29:00Z,60.97,-169.03,NA,38,50.74,22.72,330,23041,8755030201,NA,NA,0,0,NA,NA,NA,0,0,NA
2022,10,2022-09-05T02:29:00Z,20220202010,171337,Bering Wolffish,Anarhichas orientalis,U,NA,1,73,400601,3,NA,NA,S,"Can Trawl 400 headrope, 601 sidewalls",2022-09-05T01:59:00Z,60.99,-168.99,2022-09-05T02:29:00Z,60.97,-169.03,NA,38,50.74,22.72,330,20322,8842020101,NA,NA,0,0,NA,NA,NA,0,0,NA
2022,10,2022-09-05T02:29:00Z,20220202010,172901,Alaska Plaice,Pleuronectes quadrituberculatus,U,NA,1,230,400601,3,NA,NA,S,"Can Trawl 400 headrope, 601 sidewalls",2022-09-05T01:59:00Z,60.99,-168.99,2022-09-05T02:29:00Z,60.97,-169.03,NA,38,50.74,22.72,330,10285,8857041501,NA,NA,0,0,NA,NA,NA,0,0,NA
2022,10,2022-09-05T02:29:00Z,20220202010,172907,Yellowfin Sole,Limanda aspera,U,NA,2,730,400601,3,NA,NA,S,"Can Trawl 400 headrope, 601 sidewalls",2022-09-05T01:59:00Z,60.99,-168.99,2022-09-05T02:29:00Z,60.97,-169.03,NA,38,50.74,22.72,330,10210,8857041505,NA,NA,0,0,NA,NA,NA,0,0,NA
2022,10,2022-09-05T02:29:00Z,20220202010,172911,Longhead Dab,Limanda proboscidea,L,NA,9,4,400601,3,NA,NA,S,"Can Trawl 400 headrope, 601 sidewalls",2022-09-05T01:59:00Z,60.99,-168.99,2022-09-05T02:29:00Z,60.97,-169.03,NA,38,50.74,22.72,330,10211,8857041507,NA,NA,0,0,NA,NA,NA,0,0,NA
2022,10,2022-09-05T02:29:00Z,20220202010,172930,Greenland Halibut,Reinhardtius hippoglossoides,L,NA,1,1,400601,3,NA,NA,S,"Can Trawl 400 headrope, 601 sidewalls",2022-09-05T01:59:00Z,60.99,-168.99,2022-09-05T02:29:00Z,60.97,-169.03,NA,38,50.74,22.72,330,10115,8857041801,NA,NA,0,0,NA,NA,NA,0,0,NA
2022,10,2022-09-05T02:29:00Z,20220202010,551209,Pacific Herring,Clupea pallasi,A1+,NA,46,1104,400601,3,NA,NA,S,"Can Trawl 400 headrope, 601 sidewalls",2022-09-05T01:59:00Z,60.99,-168.99,2022-09-05T02:29:00Z,60.97,-169.03,NA,38,50.74,22.72,330,21110,8747010201,NA,NA,0,0,NA,NA,NA,0,0,NA
2022,10,2022-09-05T02:29:00Z,20220202010,934083,Pollock,Gadus chalcogrammus,A0,NA,1813,1110,400601,3,NA,NA,S,"Can Trawl 400 headrope, 601 sidewalls",2022-09-05T01:59:00Z,60.99,-168.99,2022-09-05T02:29:00Z,60.97,-169.03,NA,38,50.74,22.72,330,21740,8791030701,NA,NA,0,0,NA,NA,NA,0,0,NA
2022,10,2022-09-05T02:29:00Z,20220202010,934083,Pollock,Gadus chalcogrammus,A1+,NA,2,1740,400601,3,NA,NA,S,"Can Trawl 400 headrope, 601 sidewalls",2022-09-05T01:59:00Z,60.99,-168.99,2022-09-05T02:29:00Z,60.97,-169.03,NA,38,50.74,22.72,330,21740,8791030701,NA,NA,0,0,NA,NA,NA,0,0,NA
2022,13,2022-09-06T02:15:00Z,20220202013,51641,Northern Sea Nettle,Chrysaora melanaster,U,NA,5,201,400601,3,NA,NA,S,"Can Trawl 400 headrope, 601 sidewalls",2022-09-06T01:45:00Z,61.5,-168.95,2022-09-06T02:15:00Z,61.52,-168.88,NA,36,52.26,22.94,330,40504,NA,NA,NA,0,0,NA,NA,NA,0,0,NA
2022,13,2022-09-06T02:15:00Z,20220202013,51671,Cyanea capillata,Cyanea capillata,U,NA,1,39,400601,3,NA,NA,S,"Can Trawl 400 headrope, 601 sidewalls",2022-09-06T01:45:00Z,61.5,-168.95,2022-09-06T02:15:00Z,61.52,-168.88,NA,36,52.26,22.94,330,40561,NA,NA,NA,0,0,NA,NA,NA,0,0,NA
2022,13,2022-09-06T02:15:00Z,20220202013,97113,Ridged crangon,Crangon dalli,U,NA,5,8,400601,3,NA,NA,S,"Can Trawl 400 headrope, 601 sidewalls",2022-09-06T01:45:00Z,61.5,-168.95,2022-09-06T02:15:00Z,61.52,-168.88,NA,36,52.26,22.94,330,66530,NA,NA,NA,0,0,NA,NA,NA,0,0,NA
2022,13,2022-09-06T02:15:00Z,20220202013,97160,Argis sp.,Argis sp.,U,NA,2,3,400601,3,NA,NA,S,"Can Trawl 400 headrope, 601 sidewalls",2022-09-06T01:45:00Z,61.5,-168.95,2022-09-06T02:15:00Z,61.52,-168.88,NA,36,52.26,22.94,330,66570,NA,NA,NA,0,0,NA,NA,NA,0,0,NA
2022,13,2022-09-06T02:15:00Z,20220202013,162035,Capelin,Mallotus villosus,U,NA,7,29,400601,3,NA,NA,S,"Can Trawl 400 headrope, 601 sidewalls",2022-09-06T01:45:00Z,61.5,-168.95,2022-09-06T02:15:00Z,61.52,-168.88,NA,36,52.26,22.94,330,23041,8755030201,NA,NA,0,0,NA,NA,NA,0,0,NA
2022,13,2022-09-06T02:15:00Z,20220202013,171672,Arctic Sand Lance,Ammodytes hexapterus,A0,NA,50,50,400601,3,NA,NA,S,"Can Trawl 400 headrope, 601 sidewalls",2022-09-06T01:45:00Z,61.5,-168.95,2022-09-06T02:15:00Z,61.52,-168.88,NA,36,52.26,22.94,330,20203,8845010101,NA,NA,0,0,NA,NA,NA,0,0,NA
2022,13,2022-09-06T02:15:00Z,20220202013,172893,Starry Flounder,Platichthys stellatus,U,NA,2,730,400601,3,NA,NA,S,"Can Trawl 400 headrope, 601 sidewalls",2022-09-06T01:45:00Z,61.5,-168.95,2022-09-06T02:15:00Z,61.52,-168.88,NA,36,52.26,22.94,330,10220,8857041401,NA,NA,0,0,NA,NA,NA,0,0,NA
2022,13,2022-09-06T02:15:00Z,20220202013,172907,Yellowfin Sole,Limanda aspera,U,NA,11,1870,400601,3,NA,NA,S,"Can Trawl 400 headrope, 601 sidewalls",2022-09-06T01:45:00Z,61.5,-168.95,2022-09-06T02:15:00Z,61.52,-168.88,NA,36,52.26,22.94,330,10210,8857041505,NA,NA,0,0,NA,NA,NA,0,0,NA
2022,13,2022-09-06T02:15:00Z,20220202013,172911,Longhead Dab,Limanda proboscidea,L,NA,18,8,400601,3,NA,NA,S,"Can Trawl 400 headrope, 601 sidewalls",2022-09-06T01:45:00Z,61.5,-168.95,2022-09-06T02:15:00Z,61.52,-168.88,NA,36,52.26,22.94,330,10211,8857041507,NA,NA,0,0,NA,NA,NA,0,0,NA
2022,13,2022-09-06T02:15:00Z,20220202013,551209,Pacific Herring,Clupea pallasi,A1+,NA,1,91,400601,3,NA,NA,S,"Can Trawl 400 headrope, 601 sidewalls",2022-09-06T01:45:00Z,61.5,-168.95,2022-09-06T02:15:00Z,61.52,-168.88,NA,36,52.26,22.94,330,21110,8747010201,NA,NA,0,0,NA,NA,NA,0,0,NA
2022,13,2022-09-06T02:15:00Z,20220202013,622287,Arctic Lamprey,Lethenteron camtschaticum,U,NA,1,43,400601,3,NA,NA,S,"Can Trawl 400 headrope, 601 sidewalls",2022-09-06T01:45:00Z,61.5,-168.95,2022-09-06T02:15:00Z,61.52,-168.88,NA,36,52.26,22.94,330,NA,8603010201,NA,NA,0,0,NA,NA,NA,0,0,NA
2022,13,2022-09-06T02:15:00Z,20220202013,934083,Pollock,Gadus chalcogrammus,A0,NA,756.89,439,400601,3,NA,NA,S,"Can Trawl 400 headrope, 601 sidewalls",2022-09-06T01:45:00Z,61.5,-168.95,2022-09-06T02:15:00Z,61.52,-168.88,NA,36,52.26,22.94,330,21740,8791030701,NA,NA,0,0,NA,NA,NA,0,0,NA
2022,16,2022-09-07T02:13:00Z,20220202016,51641,Northern Sea Nettle,Chrysaora melanaster,U,NA,8,710,400601,3,NA,NA,S,"Can Trawl 400 headrope, 601 sidewalls",2022-09-07T01:43:00Z,62,-167.01,2022-09-07T02:13:00Z,62,-167.08,NA,30,49.94,21.41,330,40504,NA,NA,NA,0,0,NA,NA,NA,0,0,NA
2022,16,2022-09-07T02:13:00Z,20220202016,51671,Cyanea capillata,Cyanea capillata,U,NA,2,40,400601,3,NA,NA,S,"Can Trawl 400 headrope, 601 sidewalls",2022-09-07T01:43:00Z,62,-167.01,2022-09-07T02:13:00Z,62,-167.08,NA,30,49.94,21.41,330,40561,NA,NA,NA,0,0,NA,NA,NA,0,0,NA
2022,16,2022-09-07T02:13:00Z,20220202016,97110,Sevenspine bay shrimp,Crangon septemspinosa,U,NA,62.03,62,400601,3,NA,NA,S,"Can Trawl 400 headrope, 601 sidewalls",2022-09-07T01:43:00Z,62,-167.01,2022-09-07T02:13:00Z,62,-167.08,NA,30,49.94,21.41,330,NA,66548,NA,NA,0,0,NA,NA,NA,0,0,NA
2022,16,2022-09-07T02:13:00Z,20220202016,161976,Chum Salmon,Oncorhynchus keta,J,NA,2,135,400601,3,NA,NA,S,"Can Trawl 400 headrope, 601 sidewalls",2022-09-07T01:43:00Z,62,-167.01,2022-09-07T02:13:00Z,62,-167.08,NA,30,49.94,21.41,330,23235,8755010202,NA,NA,0,0,NA,NA,NA,0,0,NA
2022,16,2022-09-07T02:13:00Z,20220202016,161980,Chinook Salmon,Oncorhynchus tshawytscha,J,NA,5,680,400601,3,NA,NA,S,"Can Trawl 400 headrope, 601 sidewalls",2022-09-07T01:43:00Z,62,-167.01,2022-09-07T02:13:00Z,62,-167.08,NA,30,49.94,21.41,330,23220,8755010206,NA,NA,0,0,NA,NA,NA,0,0,NA
2022,16,2022-09-07T02:13:00Z,20220202016,162035,Capelin,Mallotus villosus,U,NA,3,14,400601,3,NA,NA,S,"Can Trawl 400 headrope, 601 sidewalls",2022-09-07T01:43:00Z,62,-167.01,2022-09-07T02:13:00Z,62,-167.08,NA,30,49.94,21.41,330,23041,8755030201,NA,NA,0,0,NA,NA,NA,0,0,NA
2022,16,2022-09-07T02:13:00Z,20220202016,164708,Saffron Cod,Eleginus gracilis,A1+,NA,1,112,400601,3,NA,NA,S,"Can Trawl 400 headrope, 601 sidewalls",2022-09-07T01:43:00Z,62,-167.01,2022-09-07T02:13:00Z,62,-167.08,NA,30,49.94,21.41,330,21735,8791030301,NA,NA,0,0,NA,NA,NA,0,0,NA
2022,16,2022-09-07T02:13:00Z,20220202016,166365,Threespine stickleback,Gasterosteus aculeatus,U,NA,3,15,400601,3,NA,NA,S,"Can Trawl 400 headrope, 601 sidewalls",2022-09-07T01:43:00Z,62,-167.01,2022-09-07T02:13:00Z,62,-167.08,NA,30,49.94,21.41,330,21752,8818010101,NA,NA,0,0,NA,NA,NA,0,0,NA
2022,16,2022-09-07T02:13:00Z,20220202016,167113,Whitespotted Greenling,Hexagrammos stelleri,U,NA,1,4,400601,3,NA,NA,S,"Can Trawl 400 headrope, 601 sidewalls",2022-09-07T01:43:00Z,62,-167.01,2022-09-07T02:13:00Z,62,-167.08,NA,30,49.94,21.41,330,21932,8827010104,NA,NA,0,0,NA,NA,NA,0,0,NA
2022,16,2022-09-07T02:13:00Z,20220202016,171672,Arctic Sand Lance,Ammodytes hexapterus,A0,NA,4,3,400601,3,NA,NA,S,"Can Trawl 400 headrope, 601 sidewalls",2022-09-07T01:43:00Z,62,-167.01,2022-09-07T02:13:00Z,62,-167.08,NA,30,49.94,21.41,330,20203,8845010101,NA,NA,0,0,NA,NA,NA,0,0,NA
2022,16,2022-09-07T02:13:00Z,20220202016,172893,Starry Flounder,Platichthys stellatus,U,NA,3,700,400601,3,NA,NA,S,"Can Trawl 400 headrope, 601 sidewalls",2022-09-07T01:43:00Z,62,-167.01,2022-09-07T02:13:00Z,62,-167.08,NA,30,49.94,21.41,330,10220,8857041401,NA,NA,0,0,NA,NA,NA,0,0,NA
2022,16,2022-09-07T02:13:00Z,20220202016,172907,Yellowfin Sole,Limanda aspera,U,NA,2,180,400601,3,NA,NA,S,"Can Trawl 400 headrope, 601 sidewalls",2022-09-07T01:43:00Z,62,-167.01,2022-09-07T02:13:00Z,62,-167.08,NA,30,49.94,21.41,330,10210,8857041505,NA,NA,0,0,NA,NA,NA,0,0,NA
2022,16,2022-09-07T02:13:00Z,20220202016,551209,Pacific Herring,Clupea pallasi,A0,NA,6903.89,8762.6,400601,3,NA,NA,S,"Can Trawl 400 headrope, 601 sidewalls",2022-09-07T01:43:00Z,62,-167.01,2022-09-07T02:13:00Z,62,-167.08,NA,30,49.94,21.41,330,21110,8747010201,NA,NA,0,0,NA,NA,NA,0,0,NA
2022,16,2022-09-07T02:13:00Z,20220202016,551209,Pacific Herring,Clupea pallasi,A1+,NA,17,414,400601,3,NA,NA,S,"Can Trawl 400 headrope, 601 sidewalls",2022-09-07T01:43:00Z,62,-167.01,2022-09-07T02:13:00Z,62,-167.08,NA,30,49.94,21.41,330,21110,8747010201,NA,NA,0,0,NA,NA,NA,0,0,NA
2022,16,2022-09-07T02:13:00Z,20220202016,934083,Pollock,Gadus chalcogrammus,A0,NA,15,11,400601,3,NA,NA,S,"Can Trawl 400 headrope, 601 sidewalls",2022-09-07T01:43:00Z,62,-167.01,2022-09-07T02:13:00Z,62,-167.08,NA,30,49.94,21.41,330,21740,8791030701,NA,NA,0,0,NA,NA,NA,0,0,NA
2022,16,2022-09-07T02:13:00Z,20220202016,934083,Pollock,Gadus chalcogrammus,A1+,NA,1,1340,400601,3,NA,NA,S,"Can Trawl 400 headrope, 601 sidewalls",2022-09-07T01:43:00Z,62,-167.01,2022-09-07T02:13:00Z,62,-167.08,NA,30,49.94,21.41,330,21740,8791030701,NA,NA,0,0,NA,NA,NA,0,0,NA
2022,16,2022-08-25T00:11:00Z,20220308016,50513,Staurophora mertensi,Staurophora mertensi,U,NA,0,5600,NETS156,2,Bering Sea,57.5-164,O,NETS Pelagic Trawl,2022-08-25T00:11:00Z,57.47,-164.02,2022-08-25T00:11:00Z,57.47,-164.02,NA,53,13.6,7.6,210,NA,40562,NA,2022-08-25T00:03:00Z,57.48,57.48,NA,NA,NA,0,0,NA
2022,16,2022-08-25T00:11:00Z,20220308016,51641,Northern Sea Nettle,Chrysaora melanaster,U,NA,95,48350.28,NETS156,2,Bering Sea,57.5-164,O,NETS Pelagic Trawl,2022-08-25T00:11:00Z,57.47,-164.02,2022-08-25T00:11:00Z,57.47,-164.02,NA,53,13.6,7.6,210,40504,NA,NA,2022-08-25T00:03:00Z,57.48,57.48,NA,NA,NA,0,0,NA
2022,16,2022-08-25T00:11:00Z,20220308016,95496,Euphausiid unident.,Euphausiacea (order),U,NA,0,21.82,NETS156,2,Bering Sea,57.5-164,O,NETS Pelagic Trawl,2022-08-25T00:11:00Z,57.47,-164.02,2022-08-25T00:11:00Z,57.47,-164.02,NA,53,13.6,7.6,210,NA,63500,NA,2022-08-25T00:03:00Z,57.48,57.48,NA,NA,NA,0,0,NA
2022,16,2022-08-25T00:11:00Z,20220308016,161979,Sockeye Salmon,Oncorhynchus nerka,J,NA,8,430,NETS156,2,Bering Sea,57.5-164,O,NETS Pelagic Trawl,2022-08-25T00:11:00Z,57.47,-164.02,2022-08-25T00:11:00Z,57.47,-164.02,NA,53,13.6,7.6,210,23240,8755010205,NA,2022-08-25T00:03:00Z,57.48,57.48,NA,NA,NA,0,0,NA
2022,16,2022-08-25T00:11:00Z,20220308016,164711,Pacific Cod,Gadus macrocephalus,A0,NA,5,10.91,NETS156,2,Bering Sea,57.5-164,O,NETS Pelagic Trawl,2022-08-25T00:11:00Z,57.47,-164.02,2022-08-25T00:11:00Z,57.47,-164.02,NA,53,13.6,7.6,210,21720,8791030401,NA,2022-08-25T00:03:00Z,57.48,57.48,NA,NA,NA,0,0,NA
2022,16,2022-08-25T00:11:00Z,20220308016,171672,Arctic Sand Lance,Ammodytes hexapterus,U,NA,115,65.48,NETS156,2,Bering Sea,57.5-164,O,NETS Pelagic Trawl,2022-08-25T00:11:00Z,57.47,-164.02,2022-08-25T00:11:00Z,57.47,-164.02,NA,53,13.6,7.6,210,20203,8845010101,NA,2022-08-25T00:03:00Z,57.48,57.48,NA,NA,NA,0,0,NA
2022,16,2022-08-25T00:11:00Z,20220308016,172907,Yellowfin Sole,Limanda aspera,U,NA,2,890,NETS156,2,Bering Sea,57.5-164,O,NETS Pelagic Trawl,2022-08-25T00:11:00Z,57.47,-164.02,2022-08-25T00:11:00Z,57.47,-164.02,NA,53,13.6,7.6,210,10210,8857041505,NA,2022-08-25T00:03:00Z,57.48,57.48,NA,NA,NA,0,0,NA
2022,16,2022-08-25T00:11:00Z,20220308016,934083,Pollock,Gadus chalcogrammus,A1+,NA,2,820,NETS156,2,Bering Sea,57.5-164,O,NETS Pelagic Trawl,2022-08-25T00:11:00Z,57.47,-164.02,2022-08-25T00:11:00Z,57.47,-164.02,NA,53,13.6,7.6,210,21740,8791030701,NA,2022-08-25T00:03:00Z,57.48,57.48,NA,NA,NA,0,0,NA
2022,16,2022-08-25T00:11:00Z,20220308016,934083,Pollock,Gadus chalcogrammus,U,NA,40152,20879.02,NETS156,2,Bering Sea,57.5-164,O,NETS Pelagic Trawl,2022-08-25T00:11:00Z,57.47,-164.02,2022-08-25T00:11:00Z,57.47,-164.02,NA,53,13.6,7.6,210,21740,8791030701,NA,2022-08-25T00:03:00Z,57.48,57.48,NA,NA,NA,0,0,NA
2022,16,2022-08-25T02:38:00Z,20220308016,50513,Staurophora mertensi,Staurophora mertensi,U,NA,0,20059.11,400601,3,Bering Sea,57.5-164,S,"Can Trawl 400 headrope, 601 sidewalls",2022-08-25T02:08:00Z,57.48,-163.99,2022-08-25T02:38:00Z,57.45,-163.98,NA,53,55.5,28.07,180,NA,40562,NA,2022-08-25T02:04:00Z,57.48,57.48,NA,NA,NA,0,0,NA
2022,16,2022-08-25T02:38:00Z,20220308016,50623,Aequorea  sp.,Aequorea sp.,U,NA,5,209.43,400601,3,Bering Sea,57.5-164,S,"Can Trawl 400 headrope, 601 sidewalls",2022-08-25T02:08:00Z,57.48,-163.99,2022-08-25T02:38:00Z,57.45,-163.98,NA,53,55.5,28.07,180,40506,NA,NA,2022-08-25T02:04:00Z,57.48,57.48,NA,NA,NA,0,0,NA
2022,16,2022-08-25T02:38:00Z,20220308016,51641,Northern Sea Nettle,Chrysaora melanaster,U,NA,29,6120,400601,3,Bering Sea,57.5-164,S,"Can Trawl 400 headrope, 601 sidewalls",2022-08-25T02:08:00Z,57.48,-163.99,2022-08-25T02:38:00Z,57.45,-163.98,NA,53,55.5,28.07,180,40504,NA,NA,2022-08-25T02:04:00Z,57.48,57.48,NA,NA,NA,0,0,NA
2022,16,2022-08-25T02:38:00Z,20220308016,51700,Aurelia sp.,Aurelia sp.,U,NA,1,270,400601,3,Bering Sea,57.5-164,S,"Can Trawl 400 headrope, 601 sidewalls",2022-08-25T02:08:00Z,57.48,-163.99,2022-08-25T02:38:00Z,57.45,-163.98,NA,53,55.5,28.07,180,40511,NA,NA,2022-08-25T02:04:00Z,57.48,57.48,NA,NA,NA,0,0,NA
2022,16,2022-08-25T02:38:00Z,20220308016,161976,Chum Salmon,Oncorhynchus keta,J,NA,2,116,400601,3,Bering Sea,57.5-164,S,"Can Trawl 400 headrope, 601 sidewalls",2022-08-25T02:08:00Z,57.48,-163.99,2022-08-25T02:38:00Z,57.45,-163.98,NA,53,55.5,28.07,180,23235,8755010202,NA,2022-08-25T02:04:00Z,57.48,57.48,NA,NA,NA,0,0,NA
2022,16,2022-08-25T02:38:00Z,20220308016,161979,Sockeye Salmon,Oncorhynchus nerka,J,NA,336,18320,400601,3,Bering Sea,57.5-164,S,"Can Trawl 400 headrope, 601 sidewalls",2022-08-25T02:08:00Z,57.48,-163.99,2022-08-25T02:38:00Z,57.45,-163.98,NA,53,55.5,28.07,180,23240,8755010205,NA,2022-08-25T02:04:00Z,57.48,57.48,NA,NA,NA,0,0,NA
2022,16,2022-08-25T02:38:00Z,20220308016,164711,Pacific Cod,Gadus macrocephalus,A0,NA,5,4.65,400601,3,Bering Sea,57.5-164,S,"Can Trawl 400 headrope, 601 sidewalls",2022-08-25T02:08:00Z,57.48,-163.99,2022-08-25T02:38:00Z,57.45,-163.98,NA,53,55.5,28.07,180,21720,8791030401,NA,2022-08-25T02:04:00Z,57.48,57.48,NA,NA,NA,0,0,NA
2022,16,2022-08-25T02:38:00Z,20220308016,166365,Threespine stickleback,Gasterosteus aculeatus,U,NA,2,10,400601,3,Bering Sea,57.5-164,S,"Can Trawl 400 headrope, 601 sidewalls",2022-08-25T02:08:00Z,57.48,-163.99,2022-08-25T02:38:00Z,57.45,-163.98,NA,53,55.5,28.07,180,21752,8818010101,NA,2022-08-25T02:04:00Z,57.48,57.48,NA,NA,NA,0,0,NA
2022,16,2022-08-25T02:38:00Z,20220308016,171337,Bering Wolffish,Anarhichas orientalis,U,NA,2,121,400601,3,Bering Sea,57.5-164,S,"Can Trawl 400 headrope, 601 sidewalls",2022-08-25T02:08:00Z,57.48,-163.99,2022-08-25T02:38:00Z,57.45,-163.98,NA,53,55.5,28.07,180,20322,8842020101,NA,2022-08-25T02:04:00Z,57.48,57.48,NA,NA,NA,0,0,NA
2022,16,2022-08-25T02:38:00Z,20220308016,551209,Pacific Herring,Clupea pallasi,U,NA,6,530,400601,3,Bering Sea,57.5-164,S,"Can Trawl 400 headrope, 601 sidewalls",2022-08-25T02:08:00Z,57.48,-163.99,2022-08-25T02:38:00Z,57.45,-163.98,NA,53,55.5,28.07,180,21110,8747010201,NA,2022-08-25T02:04:00Z,57.48,57.48,NA,NA,NA,0,0,NA
2022,16,2022-08-25T02:38:00Z,20220308016,934083,Pollock,Gadus chalcogrammus,U,NA,1150,805.15,400601,3,Bering Sea,57.5-164,S,"Can Trawl 400 headrope, 601 sidewalls",2022-08-25T02:08:00Z,57.48,-163.99,2022-08-25T02:38:00Z,57.45,-163.98,NA,53,55.5,28.07,180,21740,8791030701,NA,2022-08-25T02:04:00Z,57.48,57.48,NA,NA,NA,0,0,NA
2022,25,2022-09-11T02:03:00Z,20220202025,51641,Northern Sea Nettle,Chrysaora melanaster,U,NA,0,10950,400601,3,NA,NA,S,"Can Trawl 400 headrope, 601 sidewalls",2022-09-11T01:33:00Z,62.5,-167.95,2022-09-11T02:03:00Z,62.51,-167.88,NA,30,49.56,23.56,330,40504,NA,NA,NA,0,0,NA,NA,NA,0,0,NA
2022,25,2022-09-11T02:03:00Z,20220202025,51671,Cyanea capillata,Cyanea capillata,U,NA,0,17480,400601,3,NA,NA,S,"Can Trawl 400 headrope, 601 sidewalls",2022-09-11T01:33:00Z,62.5,-167.95,2022-09-11T02:03:00Z,62.51,-167.88,NA,30,49.56,23.56,330,40561,NA,NA,NA,0,0,NA,NA,NA,0,0,NA
2022,25,2022-09-11T02:03:00Z,20220202025,161976,Chum Salmon,Oncorhynchus keta,IM,NA,1,4160,400601,3,NA,NA,S,"Can Trawl 400 headrope, 601 sidewalls",2022-09-11T01:33:00Z,62.5,-167.95,2022-09-11T02:03:00Z,62.51,-167.88,NA,30,49.56,23.56,330,23235,8755010202,NA,NA,0,0,NA,NA,NA,0,0,NA
2022,25,2022-09-11T02:03:00Z,20220202025,161980,Chinook Salmon,Oncorhynchus tshawytscha,IM,NA,2,6710,400601,3,NA,NA,S,"Can Trawl 400 headrope, 601 sidewalls",2022-09-11T01:33:00Z,62.5,-167.95,2022-09-11T02:03:00Z,62.51,-167.88,NA,30,49.56,23.56,330,23220,8755010206,NA,NA,0,0,NA,NA,NA,0,0,NA
2022,25,2022-09-11T02:03:00Z,20220202025,162035,Capelin,Mallotus villosus,U,NA,952.8,8706,400601,3,NA,NA,S,"Can Trawl 400 headrope, 601 sidewalls",2022-09-11T01:33:00Z,62.5,-167.95,2022-09-11T02:03:00Z,62.51,-167.88,NA,30,49.56,23.56,330,23041,8755030201,NA,NA,0,0,NA,NA,NA,0,0,NA
2022,25,2022-09-11T02:03:00Z,20220202025,172911,Longhead Dab,Limanda proboscidea,L,NA,1,1,400601,3,NA,NA,S,"Can Trawl 400 headrope, 601 sidewalls",2022-09-11T01:33:00Z,62.5,-167.95,2022-09-11T02:03:00Z,62.51,-167.88,NA,30,49.56,23.56,330,10211,8857041507,NA,NA,0,0,NA,NA,NA,0,0,NA
2022,25,2022-09-11T02:03:00Z,20220202025,551209,Pacific Herring,Clupea pallasi,A1+,NA,147.97,14620,400601,3,NA,NA,S,"Can Trawl 400 headrope, 601 sidewalls",2022-09-11T01:33:00Z,62.5,-167.95,2022-09-11T02:03:00Z,62.51,-167.88,NA,30,49.56,23.56,330,21110,8747010201,NA,NA,0,0,NA,NA,NA,0,0,NA
2022,25,2022-09-11T02:03:00Z,20220202025,934083,Pollock,Gadus chalcogrammus,A0,NA,9,34,400601,3,NA,NA,S,"Can Trawl 400 headrope, 601 sidewalls",2022-09-11T01:33:00Z,62.5,-167.95,2022-09-11T02:03:00Z,62.51,-167.88,NA,30,49.56,23.56,330,21740,8791030701,NA,NA,0,0,NA,NA,NA,0,0,NA
2022,25,2022-09-11T02:03:00Z,20220202025,934083,Pollock,Gadus chalcogrammus,A1+,NA,4,3800,400601,3,NA,NA,S,"Can Trawl 400 headrope, 601 sidewalls",2022-09-11T01:33:00Z,62.5,-167.95,2022-09-11T02:03:00Z,62.51,-167.88,NA,30,49.56,23.56,330,21740,8791030701,NA,NA,0,0,NA,NA,NA,0,0,NA
2022,28,2022-09-06T16:44:00Z,20220308028,50513,Staurophora mertensi,Staurophora mertensi,U,NA,0,1674.84,NETS156,5,Bering Sea,58.5-168,O,NETS Pelagic Trawl,2022-09-06T16:44:00Z,58.48,-168.02,2022-09-06T16:44:00Z,58.48,-168.02,NA,55,15,8,110,NA,40562,NA,2022-09-06T16:37:00Z,58.49,58.49,NA,NA,NA,0,0,NA
2022,28,2022-09-06T16:44:00Z,20220308028,51641,Northern Sea Nettle,Chrysaora melanaster,U,NA,6,186,NETS156,5,Bering Sea,58.5-168,O,NETS Pelagic Trawl,2022-09-06T16:44:00Z,58.48,-168.02,2022-09-06T16:44:00Z,58.48,-168.02,NA,55,15,8,110,40504,NA,NA,2022-09-06T16:37:00Z,58.49,58.49,NA,NA,NA,0,0,NA
2022,28,2022-09-06T16:44:00Z,20220308028,51700,Aurelia sp.,Aurelia sp.,U,NA,2,24,NETS156,5,Bering Sea,58.5-168,O,NETS Pelagic Trawl,2022-09-06T16:44:00Z,58.48,-168.02,2022-09-06T16:44:00Z,58.48,-168.02,NA,55,15,8,110,40511,NA,NA,2022-09-06T16:37:00Z,58.49,58.49,NA,NA,NA,0,0,NA
2022,28,2022-09-06T16:44:00Z,20220308028,162035,Capelin,Mallotus villosus,U,NA,1,8,NETS156,5,Bering Sea,58.5-168,O,NETS Pelagic Trawl,2022-09-06T16:44:00Z,58.48,-168.02,2022-09-06T16:44:00Z,58.48,-168.02,NA,55,15,8,110,23041,8755030201,NA,2022-09-06T16:37:00Z,58.49,58.49,NA,NA,NA,0,0,NA
2022,28,2022-09-06T16:44:00Z,20220308028,164711,Pacific Cod,Gadus macrocephalus,A0,NA,10,30,NETS156,5,Bering Sea,58.5-168,O,NETS Pelagic Trawl,2022-09-06T16:44:00Z,58.48,-168.02,2022-09-06T16:44:00Z,58.48,-168.02,NA,55,15,8,110,21720,8791030401,NA,2022-09-06T16:37:00Z,58.49,58.49,NA,NA,NA,0,0,NA
2022,28,2022-09-06T16:44:00Z,20220308028,172702,"Flatfish, unident.",Pleuronectiformes,L,NA,1,1,NETS156,5,Bering Sea,58.5-168,O,NETS Pelagic Trawl,2022-09-06T16:44:00Z,58.48,-168.02,2022-09-06T16:44:00Z,58.48,-168.02,NA,55,15,8,110,10001,NA,NA,2022-09-06T16:37:00Z,58.49,58.49,NA,NA,NA,0,0,NA
2022,28,2022-09-06T16:44:00Z,20220308028,172907,Yellowfin Sole,Limanda aspera,U,NA,2,386,NETS156,5,Bering Sea,58.5-168,O,NETS Pelagic Trawl,2022-09-06T16:44:00Z,58.48,-168.02,2022-09-06T16:44:00Z,58.48,-168.02,NA,55,15,8,110,10210,8857041505,NA,2022-09-06T16:37:00Z,58.49,58.49,NA,NA,NA,0,0,NA
2022,28,2022-09-06T16:44:00Z,20220308028,934083,Pollock,Gadus chalcogrammus,A1+,NA,1,1025,NETS156,5,Bering Sea,58.5-168,O,NETS Pelagic Trawl,2022-09-06T16:44:00Z,58.48,-168.02,2022-09-06T16:44:00Z,58.48,-168.02,NA,55,15,8,110,21740,8791030701,NA,2022-09-06T16:37:00Z,58.49,58.49,NA,NA,NA,0,0,NA
2022,28,2022-09-06T16:44:00Z,20220308028,934083,Pollock,Gadus chalcogrammus,U,NA,41315,39662.42,NETS156,5,Bering Sea,58.5-168,O,NETS Pelagic Trawl,2022-09-06T16:44:00Z,58.48,-168.02,2022-09-06T16:44:00Z,58.48,-168.02,NA,55,15,8,110,21740,8791030701,NA,2022-09-06T16:37:00Z,58.49,58.49,NA,NA,NA,0,0,NA
2022,28,2022-09-06T18:52:00Z,20220308028,50513,Staurophora mertensi,Staurophora mertensi,U,NA,0,255,400601,6,Bering Sea,58.5-168,S,"Can Trawl 400 headrope, 601 sidewalls",2022-09-06T18:22:00Z,58.48,-168.03,2022-09-06T18:52:00Z,58.46,-168.1,NA,54,55.5,24.48,179.69,NA,40562,NA,2022-09-06T18:14:00Z,58.49,58.49,NA,NA,NA,0,0,NA
2022,28,2022-09-06T18:52:00Z,20220308028,51641,Northern Sea Nettle,Chrysaora melanaster,U,NA,2,346,400601,6,Bering Sea,58.5-168,S,"Can Trawl 400 headrope, 601 sidewalls",2022-09-06T18:22:00Z,58.48,-168.03,2022-09-06T18:52:00Z,58.46,-168.1,NA,54,55.5,24.48,179.69,40504,NA,NA,2022-09-06T18:14:00Z,58.49,58.49,NA,NA,NA,0,0,NA
2022,28,2022-09-06T18:52:00Z,20220308028,161979,Sockeye Salmon,Oncorhynchus nerka,J,NA,2,270,400601,6,Bering Sea,58.5-168,S,"Can Trawl 400 headrope, 601 sidewalls",2022-09-06T18:22:00Z,58.48,-168.03,2022-09-06T18:52:00Z,58.46,-168.1,NA,54,55.5,24.48,179.69,23240,8755010205,NA,2022-09-06T18:14:00Z,58.49,58.49,NA,NA,NA,0,0,NA
2022,28,2022-09-06T18:52:00Z,20220308028,161980,Chinook Salmon,Oncorhynchus tshawytscha,IM,NA,1,2530,400601,6,Bering Sea,58.5-168,S,"Can Trawl 400 headrope, 601 sidewalls",2022-09-06T18:22:00Z,58.48,-168.03,2022-09-06T18:52:00Z,58.46,-168.1,NA,54,55.5,24.48,179.69,23220,8755010206,NA,2022-09-06T18:14:00Z,58.49,58.49,NA,NA,NA,0,0,NA
2022,28,2022-09-06T18:52:00Z,20220308028,162035,Capelin,Mallotus villosus,U,NA,4,24,400601,6,Bering Sea,58.5-168,S,"Can Trawl 400 headrope, 601 sidewalls",2022-09-06T18:22:00Z,58.48,-168.03,2022-09-06T18:52:00Z,58.46,-168.1,NA,54,55.5,24.48,179.69,23041,8755030201,NA,2022-09-06T18:14:00Z,58.49,58.49,NA,NA,NA,0,0,NA
2022,28,2022-09-06T18:52:00Z,20220308028,164711,Pacific Cod,Gadus macrocephalus,A0,NA,10,37,400601,6,Bering Sea,58.5-168,S,"Can Trawl 400 headrope, 601 sidewalls",2022-09-06T18:22:00Z,58.48,-168.03,2022-09-06T18:52:00Z,58.46,-168.1,NA,54,55.5,24.48,179.69,21720,8791030401,NA,2022-09-06T18:14:00Z,58.49,58.49,NA,NA,NA,0,0,NA
2022,28,2022-09-06T18:52:00Z,20220308028,172907,Yellowfin Sole,Limanda aspera,U,NA,1,370,400601,6,Bering Sea,58.5-168,S,"Can Trawl 400 headrope, 601 sidewalls",2022-09-06T18:22:00Z,58.48,-168.03,2022-09-06T18:52:00Z,58.46,-168.1,NA,54,55.5,24.48,179.69,10210,8857041505,NA,2022-09-06T18:14:00Z,58.49,58.49,NA,NA,NA,0,0,NA
2022,28,2022-09-06T18:52:00Z,20220308028,551209,Pacific Herring,Clupea pallasi,U,NA,1,370,400601,6,Bering Sea,58.5-168,S,"Can Trawl 400 headrope, 601 sidewalls",2022-09-06T18:22:00Z,58.48,-168.03,2022-09-06T18:52:00Z,58.46,-168.1,NA,54,55.5,24.48,179.69,21110,8747010201,NA,2022-09-06T18:14:00Z,58.49,58.49,NA,NA,NA,0,0,NA
2022,28,2022-09-06T18:52:00Z,20220308028,644362,Veteran Poacher,Podothecus veternus,U,NA,2,132,400601,6,Bering Sea,58.5-168,S,"Can Trawl 400 headrope, 601 sidewalls",2022-09-06T18:22:00Z,58.48,-168.03,2022-09-06T18:52:00Z,58.46,-168.1,NA,54,55.5,24.48,179.69,NA,NA,NA,2022-09-06T18:14:00Z,58.49,58.49,NA,NA,NA,0,0,NA
2022,28,2022-09-06T18:52:00Z,20220308028,934083,Pollock,Gadus chalcogrammus,U,NA,10707,11564,400601,6,Bering Sea,58.5-168,S,"Can Trawl 400 headrope, 601 sidewalls",2022-09-06T18:22:00Z,58.48,-168.03,2022-09-06T18:52:00Z,58.46,-168.1,NA,54,55.5,24.48,179.69,21740,8791030701,NA,2022-09-06T18:14:00Z,58.49,58.49,NA,NA,NA,0,0,NA
2022,28,2022-09-12T02:30:00Z,20220202028,50623,Aequorea  sp.,Aequorea sp.,U,NA,0,2830,400601,3,NA,NA,S,"Can Trawl 400 headrope, 601 sidewalls",2022-09-12T01:59:00Z,63.49,-167,2022-09-12T02:30:00Z,63.49,-167.08,NA,27,49.06,21.24,330,40506,NA,NA,NA,0,0,NA,NA,NA,0,0,NA
2022,28,2022-09-12T02:30:00Z,20220202028,51641,Northern Sea Nettle,Chrysaora melanaster,U,NA,0,14120,400601,3,NA,NA,S,"Can Trawl 400 headrope, 601 sidewalls",2022-09-12T01:59:00Z,63.49,-167,2022-09-12T02:30:00Z,63.49,-167.08,NA,27,49.06,21.24,330,40504,NA,NA,NA,0,0,NA,NA,NA,0,0,NA
2022,28,2022-09-12T02:30:00Z,20220202028,51671,Cyanea capillata,Cyanea capillata,U,NA,0,21520,400601,3,NA,NA,S,"Can Trawl 400 headrope, 601 sidewalls",2022-09-12T01:59:00Z,63.49,-167,2022-09-12T02:30:00Z,63.49,-167.08,NA,27,49.06,21.24,330,40561,NA,NA,NA,0,0,NA,NA,NA,0,0,NA
2022,28,2022-09-12T02:30:00Z,20220202028,161977,Coho Salmon,Oncorhynchus kisutch,J,NA,1,440,400601,3,NA,NA,S,"Can Trawl 400 headrope, 601 sidewalls",2022-09-12T01:59:00Z,63.49,-167,2022-09-12T02:30:00Z,63.49,-167.08,NA,27,49.06,21.24,330,23225,8755010203,NA,NA,0,0,NA,NA,NA,0,0,NA
2022,28,2022-09-12T02:30:00Z,20220202028,162035,Capelin,Mallotus villosus,U,NA,1114.03,10481,400601,3,NA,NA,S,"Can Trawl 400 headrope, 601 sidewalls",2022-09-12T01:59:00Z,63.49,-167,2022-09-12T02:30:00Z,63.49,-167.08,NA,27,49.06,21.24,330,23041,8755030201,NA,NA,0,0,NA,NA,NA,0,0,NA
2022,28,2022-09-12T02:30:00Z,20220202028,164708,Saffron Cod,Eleginus gracilis,A0,NA,2,5,400601,3,NA,NA,S,"Can Trawl 400 headrope, 601 sidewalls",2022-09-12T01:59:00Z,63.49,-167,2022-09-12T02:30:00Z,63.49,-167.08,NA,27,49.06,21.24,330,21735,8791030301,NA,NA,0,0,NA,NA,NA,0,0,NA
2022,28,2022-09-12T02:30:00Z,20220202028,166365,Threespine stickleback,Gasterosteus aculeatus,U,NA,0,9,400601,3,NA,NA,S,"Can Trawl 400 headrope, 601 sidewalls",2022-09-12T01:59:00Z,63.49,-167,2022-09-12T02:30:00Z,63.49,-167.08,NA,27,49.06,21.24,330,21752,8818010101,NA,NA,0,0,NA,NA,NA,0,0,NA
2022,28,2022-09-12T02:30:00Z,20220202028,171672,Arctic Sand Lance,Ammodytes hexapterus,A0,NA,8,6,400601,3,NA,NA,S,"Can Trawl 400 headrope, 601 sidewalls",2022-09-12T01:59:00Z,63.49,-167,2022-09-12T02:30:00Z,63.49,-167.08,NA,27,49.06,21.24,330,20203,8845010101,NA,NA,0,0,NA,NA,NA,0,0,NA
2022,28,2022-09-12T02:30:00Z,20220202028,172702,"Flatfish, unident.",Pleuronectiformes,U,NA,1,1,400601,3,NA,NA,S,"Can Trawl 400 headrope, 601 sidewalls",2022-09-12T01:59:00Z,63.49,-167,2022-09-12T02:30:00Z,63.49,-167.08,NA,27,49.06,21.24,330,10001,NA,NA,NA,0,0,NA,NA,NA,0,0,NA
2022,28,2022-09-12T02:30:00Z,20220202028,172911,Longhead Dab,Limanda proboscidea,L,NA,26,13,400601,3,NA,NA,S,"Can Trawl 400 headrope, 601 sidewalls",2022-09-12T01:59:00Z,63.49,-167,2022-09-12T02:30:00Z,63.49,-167.08,NA,27,49.06,21.24,330,10211,8857041507,NA,NA,0,0,NA,NA,NA,0,0,NA
2022,28,2022-09-12T02:30:00Z,20220202028,551209,Pacific Herring,Clupea pallasi,A1+,NA,9,342,400601,3,NA,NA,S,"Can Trawl 400 headrope, 601 sidewalls",2022-09-12T01:59:00Z,63.49,-167,2022-09-12T02:30:00Z,63.49,-167.08,NA,27,49.06,21.24,330,21110,8747010201,NA,NA,0,0,NA,NA,NA,0,0,NA
2022,28,2022-09-12T02:30:00Z,20220202028,556311,Long Fin Squid,Gonatus kamtschaticus,U,NA,4,37,400601,3,NA,NA,S,"Can Trawl 400 headrope, 601 sidewalls",2022-09-12T01:59:00Z,63.49,-167,2022-09-12T02:30:00Z,63.49,-167.08,NA,27,49.06,21.24,330,79206,NA,NA,NA,0,0,NA,NA,NA,0,0,NA
2022,28,2022-09-12T02:30:00Z,20220202028,622287,Arctic Lamprey,Lethenteron camtschaticum,U,NA,3,240,400601,3,NA,NA,S,"Can Trawl 400 headrope, 601 sidewalls",2022-09-12T01:59:00Z,63.49,-167,2022-09-12T02:30:00Z,63.49,-167.08,NA,27,49.06,21.24,330,NA,8603010201,NA,NA,0,0,NA,NA,NA,0,0,NA
2022,28,2022-09-12T02:30:00Z,20220202028,934083,Pollock,Gadus chalcogrammus,A0,NA,79.79,97,400601,3,NA,NA,S,"Can Trawl 400 headrope, 601 sidewalls",2022-09-12T01:59:00Z,63.49,-167,2022-09-12T02:30:00Z,63.49,-167.08,NA,27,49.06,21.24,330,21740,8791030701,NA,NA,0,0,NA,NA,NA,0,0,NA
2022,21,2022-09-08T21:46:00Z,20220202021,50623,Aequorea  sp.,Aequorea sp.,U,NA,1,310,400601,3,NA,NA,S,"Can Trawl 400 headrope, 601 sidewalls",2022-09-08T21:16:00Z,62.51,-169.97,2022-09-08T21:46:00Z,62.52,-169.9,NA,37,40.67,22.36,330,40506,NA,NA,NA,0,0,NA,NA,NA,0,0,NA
2022,21,2022-09-08T21:46:00Z,20220202021,51641,Northern Sea Nettle,Chrysaora melanaster,U,NA,0,53420,400601,3,NA,NA,S,"Can Trawl 400 headrope, 601 sidewalls",2022-09-08T21:16:00Z,62.51,-169.97,2022-09-08T21:46:00Z,62.52,-169.9,NA,37,40.67,22.36,330,40504,NA,NA,NA,0,0,NA,NA,NA,0,0,NA
2022,21,2022-09-08T21:46:00Z,20220202021,51671,Cyanea capillata,Cyanea capillata,U,NA,1,160,400601,3,NA,NA,S,"Can Trawl 400 headrope, 601 sidewalls",2022-09-08T21:16:00Z,62.51,-169.97,2022-09-08T21:46:00Z,62.52,-169.9,NA,37,40.67,22.36,330,40561,NA,NA,NA,0,0,NA,NA,NA,0,0,NA
2022,21,2022-09-08T21:46:00Z,20220202021,161980,Chinook Salmon,Oncorhynchus tshawytscha,IM,NA,1,9590,400601,3,NA,NA,S,"Can Trawl 400 headrope, 601 sidewalls",2022-09-08T21:16:00Z,62.51,-169.97,2022-09-08T21:46:00Z,62.52,-169.9,NA,37,40.67,22.36,330,23220,8755010206,NA,NA,0,0,NA,NA,NA,0,0,NA
2022,21,2022-09-08T21:46:00Z,20220202021,164708,Saffron Cod,Eleginus gracilis,A0,NA,1,2,400601,3,NA,NA,S,"Can Trawl 400 headrope, 601 sidewalls",2022-09-08T21:16:00Z,62.51,-169.97,2022-09-08T21:46:00Z,62.52,-169.9,NA,37,40.67,22.36,330,21735,8791030301,NA,NA,0,0,NA,NA,NA,0,0,NA
2022,21,2022-09-08T21:46:00Z,20220202021,934083,Pollock,Gadus chalcogrammus,A0,NA,50,40,400601,3,NA,NA,S,"Can Trawl 400 headrope, 601 sidewalls",2022-09-08T21:16:00Z,62.51,-169.97,2022-09-08T21:46:00Z,62.52,-169.9,NA,37,40.67,22.36,330,21740,8791030701,NA,NA,0,0,NA,NA,NA,0,0,NA
2022,21,2022-09-08T21:46:00Z,20220202021,934083,Pollock,Gadus chalcogrammus,A1+,NA,18,12080,400601,3,NA,NA,S,"Can Trawl 400 headrope, 601 sidewalls",2022-09-08T21:16:00Z,62.51,-169.97,2022-09-08T21:46:00Z,62.52,-169.9,NA,37,40.67,22.36,330,21740,8791030701,NA,NA,0,0,NA,NA,NA,0,0,NA
2022,18,2022-09-07T21:31:00Z,20220202018,51641,Northern Sea Nettle,Chrysaora melanaster,U,NA,0,41110,400601,3,NA,NA,S,"Can Trawl 400 headrope, 601 sidewalls",2022-09-07T21:00:00Z,62,-169,2022-09-07T21:31:00Z,61.99,-169.09,NA,38,49.57,21.17,330,40504,NA,NA,NA,0,0,NA,NA,NA,0,0,NA
2022,18,2022-09-07T21:31:00Z,20220202018,51671,Cyanea capillata,Cyanea capillata,U,NA,4,430,400601,3,NA,NA,S,"Can Trawl 400 headrope, 601 sidewalls",2022-09-07T21:00:00Z,62,-169,2022-09-07T21:31:00Z,61.99,-169.09,NA,38,49.57,21.17,330,40561,NA,NA,NA,0,0,NA,NA,NA,0,0,NA
2022,18,2022-09-07T21:31:00Z,20220202018,162035,Capelin,Mallotus villosus,U,NA,11,43,400601,3,NA,NA,S,"Can Trawl 400 headrope, 601 sidewalls",2022-09-07T21:00:00Z,62,-169,2022-09-07T21:31:00Z,61.99,-169.09,NA,38,49.57,21.17,330,23041,8755030201,NA,NA,0,0,NA,NA,NA,0,0,NA
2022,18,2022-09-07T21:31:00Z,20220202018,172907,Yellowfin Sole,Limanda aspera,U,NA,2,1250,400601,3,NA,NA,S,"Can Trawl 400 headrope, 601 sidewalls",2022-09-07T21:00:00Z,62,-169,2022-09-07T21:31:00Z,61.99,-169.09,NA,38,49.57,21.17,330,10210,8857041505,NA,NA,0,0,NA,NA,NA,0,0,NA
2022,18,2022-09-07T21:31:00Z,20220202018,172911,Longhead Dab,Limanda proboscidea,L,NA,2,1,400601,3,NA,NA,S,"Can Trawl 400 headrope, 601 sidewalls",2022-09-07T21:00:00Z,62,-169,2022-09-07T21:31:00Z,61.99,-169.09,NA,38,49.57,21.17,330,10211,8857041507,NA,NA,0,0,NA,NA,NA,0,0,NA
2022,18,2022-09-07T21:31:00Z,20220202018,934083,Pollock,Gadus chalcogrammus,A0,NA,106.16,65,400601,3,NA,NA,S,"Can Trawl 400 headrope, 601 sidewalls",2022-09-07T21:00:00Z,62,-169,2022-09-07T21:31:00Z,61.99,-169.09,NA,38,49.57,21.17,330,21740,8791030701,NA,NA,0,0,NA,NA,NA,0,0,NA
2022,18,2022-09-07T21:31:00Z,20220202018,934083,Pollock,Gadus chalcogrammus,A1+,NA,2,1740,400601,3,NA,NA,S,"Can Trawl 400 headrope, 601 sidewalls",2022-09-07T21:00:00Z,62,-169,2022-09-07T21:31:00Z,61.99,-169.09,NA,38,49.57,21.17,330,21740,8791030701,NA,NA,0,0,NA,NA,NA,0,0,NA
2022,18,2022-09-02T18:03:00Z,20220308018,50513,Staurophora mertensi,Staurophora mertensi,U,NA,0,14180.94,NETS156,5,Bering Sea,58-165,O,NETS Pelagic Trawl,2022-09-02T18:03:00Z,58.02,-165.04,2022-09-02T18:03:00Z,58.02,-165.04,NA,48,14,9,103,NA,40562,NA,2022-09-02T17:54:00Z,58.01,58.01,NA,NA,NA,0,0,NA
2022,18,2022-09-02T18:03:00Z,20220308018,161976,Chum Salmon,Oncorhynchus keta,J,NA,1,93,NETS156,5,Bering Sea,58-165,O,NETS Pelagic Trawl,2022-09-02T18:03:00Z,58.02,-165.04,2022-09-02T18:03:00Z,58.02,-165.04,NA,48,14,9,103,23235,8755010202,NA,2022-09-02T17:54:00Z,58.01,58.01,NA,NA,NA,0,0,NA
2022,18,2022-09-02T18:03:00Z,20220308018,161979,Sockeye Salmon,Oncorhynchus nerka,J,NA,3,219,NETS156,5,Bering Sea,58-165,O,NETS Pelagic Trawl,2022-09-02T18:03:00Z,58.02,-165.04,2022-09-02T18:03:00Z,58.02,-165.04,NA,48,14,9,103,23240,8755010205,NA,2022-09-02T17:54:00Z,58.01,58.01,NA,NA,NA,0,0,NA
2022,18,2022-09-02T18:03:00Z,20220308018,172907,Yellowfin Sole,Limanda aspera,U,NA,1,415,NETS156,5,Bering Sea,58-165,O,NETS Pelagic Trawl,2022-09-02T18:03:00Z,58.02,-165.04,2022-09-02T18:03:00Z,58.02,-165.04,NA,48,14,9,103,10210,8857041505,NA,2022-09-02T17:54:00Z,58.01,58.01,NA,NA,NA,0,0,NA
2022,18,2022-09-02T18:03:00Z,20220308018,551209,Pacific Herring,Clupea pallasi,U,NA,1,23,NETS156,5,Bering Sea,58-165,O,NETS Pelagic Trawl,2022-09-02T18:03:00Z,58.02,-165.04,2022-09-02T18:03:00Z,58.02,-165.04,NA,48,14,9,103,21110,8747010201,NA,2022-09-02T17:54:00Z,58.01,58.01,NA,NA,NA,0,0,NA
2022,18,2022-09-02T18:03:00Z,20220308018,934083,Pollock,Gadus chalcogrammus,U,NA,90600,54360.27,NETS156,5,Bering Sea,58-165,O,NETS Pelagic Trawl,2022-09-02T18:03:00Z,58.02,-165.04,2022-09-02T18:03:00Z,58.02,-165.04,NA,48,14,9,103,21740,8791030701,NA,2022-09-02T17:54:00Z,58.01,58.01,NA,NA,NA,0,0,NA
2022,18,2022-09-02T21:07:00Z,20220308018,50513,Staurophora mertensi,Staurophora mertensi,U,NA,0,950,400601,6,Bering Sea,58-165,S,"Can Trawl 400 headrope, 601 sidewalls",2022-09-02T20:37:00Z,58.03,-164.99,2022-09-02T21:07:00Z,58.07,-165.02,NA,46,55.5,22.37,199.33,NA,40562,NA,2022-09-02T20:32:00Z,58.02,58.02,NA,NA,NA,0,0,NA
2022,18,2022-09-02T21:07:00Z,20220308018,51641,Northern Sea Nettle,Chrysaora melanaster,U,NA,1,2,400601,6,Bering Sea,58-165,S,"Can Trawl 400 headrope, 601 sidewalls",2022-09-02T20:37:00Z,58.03,-164.99,2022-09-02T21:07:00Z,58.07,-165.02,NA,46,55.5,22.37,199.33,40504,NA,NA,2022-09-02T20:32:00Z,58.02,58.02,NA,NA,NA,0,0,NA
2022,18,2022-09-02T21:07:00Z,20220308018,161105,"Fish, unident.",Teleost,U,NA,1,1,400601,6,Bering Sea,58-165,S,"Can Trawl 400 headrope, 601 sidewalls",2022-09-02T20:37:00Z,58.03,-164.99,2022-09-02T21:07:00Z,58.07,-165.02,NA,46,55.5,22.37,199.33,NA,NA,NA,2022-09-02T20:32:00Z,58.02,58.02,NA,NA,NA,0,0,NA
2022,18,2022-09-02T21:07:00Z,20220308018,161976,Chum Salmon,Oncorhynchus keta,J,NA,7,520,400601,6,Bering Sea,58-165,S,"Can Trawl 400 headrope, 601 sidewalls",2022-09-02T20:37:00Z,58.03,-164.99,2022-09-02T21:07:00Z,58.07,-165.02,NA,46,55.5,22.37,199.33,23235,8755010202,NA,2022-09-02T20:32:00Z,58.02,58.02,NA,NA,NA,0,0,NA
2022,18,2022-09-02T21:07:00Z,20220308018,161979,Sockeye Salmon,Oncorhynchus nerka,J,NA,28,2000,400601,6,Bering Sea,58-165,S,"Can Trawl 400 headrope, 601 sidewalls",2022-09-02T20:37:00Z,58.03,-164.99,2022-09-02T21:07:00Z,58.07,-165.02,NA,46,55.5,22.37,199.33,23240,8755010205,NA,2022-09-02T20:32:00Z,58.02,58.02,NA,NA,NA,0,0,NA
2022,18,2022-09-02T21:07:00Z,20220308018,161980,Chinook Salmon,Oncorhynchus tshawytscha,IM,NA,2,2550,400601,6,Bering Sea,58-165,S,"Can Trawl 400 headrope, 601 sidewalls",2022-09-02T20:37:00Z,58.03,-164.99,2022-09-02T21:07:00Z,58.07,-165.02,NA,46,55.5,22.37,199.33,23220,8755010206,NA,2022-09-02T20:32:00Z,58.02,58.02,NA,NA,NA,0,0,NA
2022,18,2022-09-02T21:07:00Z,20220308018,161980,Chinook Salmon,Oncorhynchus tshawytscha,J,NA,1,110,400601,6,Bering Sea,58-165,S,"Can Trawl 400 headrope, 601 sidewalls",2022-09-02T20:37:00Z,58.03,-164.99,2022-09-02T21:07:00Z,58.07,-165.02,NA,46,55.5,22.37,199.33,23220,8755010206,NA,2022-09-02T20:32:00Z,58.02,58.02,NA,NA,NA,0,0,NA
2022,18,2022-09-02T21:07:00Z,20220308018,164711,Pacific Cod,Gadus macrocephalus,A0,NA,1,2,400601,6,Bering Sea,58-165,S,"Can Trawl 400 headrope, 601 sidewalls",2022-09-02T20:37:00Z,58.03,-164.99,2022-09-02T21:07:00Z,58.07,-165.02,NA,46,55.5,22.37,199.33,21720,8791030401,NA,2022-09-02T20:32:00Z,58.02,58.02,NA,NA,NA,0,0,NA
2022,18,2022-09-02T21:07:00Z,20220308018,167220,Crested Sculpin,Blepsias bilobus,U,NA,1,20,400601,6,Bering Sea,58-165,S,"Can Trawl 400 headrope, 601 sidewalls",2022-09-02T20:37:00Z,58.03,-164.99,2022-09-02T21:07:00Z,58.07,-165.02,NA,46,55.5,22.37,199.33,21397,8831020601,NA,2022-09-02T20:32:00Z,58.02,58.02,NA,NA,NA,0,0,NA
2022,18,2022-09-02T21:07:00Z,20220308018,934083,Pollock,Gadus chalcogrammus,U,NA,4760,2800,400601,6,Bering Sea,58-165,S,"Can Trawl 400 headrope, 601 sidewalls",2022-09-02T20:37:00Z,58.03,-164.99,2022-09-02T21:07:00Z,58.07,-165.02,NA,46,55.5,22.37,199.33,21740,8791030701,NA,2022-09-02T20:32:00Z,58.02,58.02,NA,NA,NA,0,0,NA
2022,19,2022-09-08T01:42:00Z,20220202019,51641,Northern Sea Nettle,Chrysaora melanaster,U,NA,0,276810,400601,3,NA,NA,S,"Can Trawl 400 headrope, 601 sidewalls",2022-09-08T01:11:00Z,61.99,-170.01,2022-09-08T01:42:00Z,61.99,-170.07,NA,45,41.39,23.99,330,40504,NA,NA,NA,0,0,NA,NA,NA,0,0,NA
2022,19,2022-09-08T01:42:00Z,20220202019,51671,Cyanea capillata,Cyanea capillata,U,NA,1,242,400601,3,NA,NA,S,"Can Trawl 400 headrope, 601 sidewalls",2022-09-08T01:11:00Z,61.99,-170.01,2022-09-08T01:42:00Z,61.99,-170.07,NA,45,41.39,23.99,330,40561,NA,NA,NA,0,0,NA,NA,NA,0,0,NA
2022,19,2022-09-08T01:42:00Z,20220202019,161976,Chum Salmon,Oncorhynchus keta,IM,NA,1,3340,400601,3,NA,NA,S,"Can Trawl 400 headrope, 601 sidewalls",2022-09-08T01:11:00Z,61.99,-170.01,2022-09-08T01:42:00Z,61.99,-170.07,NA,45,41.39,23.99,330,23235,8755010202,NA,NA,0,0,NA,NA,NA,0,0,NA
2022,19,2022-09-08T01:42:00Z,20220202019,161980,Chinook Salmon,Oncorhynchus tshawytscha,IM,NA,2,3020,400601,3,NA,NA,S,"Can Trawl 400 headrope, 601 sidewalls",2022-09-08T01:11:00Z,61.99,-170.01,2022-09-08T01:42:00Z,61.99,-170.07,NA,45,41.39,23.99,330,23220,8755010206,NA,NA,0,0,NA,NA,NA,0,0,NA
2022,19,2022-09-08T01:42:00Z,20220202019,622287,Arctic Lamprey,Lethenteron camtschaticum,U,NA,1,40,400601,3,NA,NA,S,"Can Trawl 400 headrope, 601 sidewalls",2022-09-08T01:11:00Z,61.99,-170.01,2022-09-08T01:42:00Z,61.99,-170.07,NA,45,41.39,23.99,330,NA,8603010201,NA,NA,0,0,NA,NA,NA,0,0,NA
2022,19,2022-09-08T01:42:00Z,20220202019,934083,Pollock,Gadus chalcogrammus,A0,NA,2,3,400601,3,NA,NA,S,"Can Trawl 400 headrope, 601 sidewalls",2022-09-08T01:11:00Z,61.99,-170.01,2022-09-08T01:42:00Z,61.99,-170.07,NA,45,41.39,23.99,330,21740,8791030701,NA,NA,0,0,NA,NA,NA,0,0,NA
2022,19,2022-09-08T01:42:00Z,20220202019,934083,Pollock,Gadus chalcogrammus,A1+,NA,17,12910,400601,3,NA,NA,S,"Can Trawl 400 headrope, 601 sidewalls",2022-09-08T01:11:00Z,61.99,-170.01,2022-09-08T01:42:00Z,61.99,-170.07,NA,45,41.39,23.99,330,21740,8791030701,NA,NA,0,0,NA,NA,NA,0,0,NA
2022,19,2022-09-03T02:58:00Z,20220308019,50513,Staurophora mertensi,Staurophora mertensi,U,NA,0,650,400601,1,Bering Sea,57.5-166,S,"Can Trawl 400 headrope, 601 sidewalls",2022-09-03T02:27:00Z,57.52,-166.03,2022-09-03T02:58:00Z,57.54,-166.06,NA,67,55.5,22.91,180,NA,40562,NA,2022-09-03T02:13:00Z,57.51,57.51,NA,NA,NA,0,0,NA
2022,19,2022-09-03T02:58:00Z,20220308019,51641,Northern Sea Nettle,Chrysaora melanaster,U,NA,2,2,400601,1,Bering Sea,57.5-166,S,"Can Trawl 400 headrope, 601 sidewalls",2022-09-03T02:27:00Z,57.52,-166.03,2022-09-03T02:58:00Z,57.54,-166.06,NA,67,55.5,22.91,180,40504,NA,NA,2022-09-03T02:13:00Z,57.51,57.51,NA,NA,NA,0,0,NA
2022,19,2022-09-03T02:58:00Z,20220308019,161979,Sockeye Salmon,Oncorhynchus nerka,J,NA,382,42260,400601,1,Bering Sea,57.5-166,S,"Can Trawl 400 headrope, 601 sidewalls",2022-09-03T02:27:00Z,57.52,-166.03,2022-09-03T02:58:00Z,57.54,-166.06,NA,67,55.5,22.91,180,23240,8755010205,NA,2022-09-03T02:13:00Z,57.51,57.51,NA,NA,NA,0,0,NA
2022,19,2022-09-03T02:58:00Z,20220308019,164711,Pacific Cod,Gadus macrocephalus,A0,NA,4,10,400601,1,Bering Sea,57.5-166,S,"Can Trawl 400 headrope, 601 sidewalls",2022-09-03T02:27:00Z,57.52,-166.03,2022-09-03T02:58:00Z,57.54,-166.06,NA,67,55.5,22.91,180,21720,8791030401,NA,2022-09-03T02:13:00Z,57.51,57.51,NA,NA,NA,0,0,NA
2022,19,2022-09-03T02:58:00Z,20220308019,551209,Pacific Herring,Clupea pallasi,U,NA,5,410,400601,1,Bering Sea,57.5-166,S,"Can Trawl 400 headrope, 601 sidewalls",2022-09-03T02:27:00Z,57.52,-166.03,2022-09-03T02:58:00Z,57.54,-166.06,NA,67,55.5,22.91,180,21110,8747010201,NA,2022-09-03T02:13:00Z,57.51,57.51,NA,NA,NA,0,0,NA
2022,19,2022-09-03T02:58:00Z,20220308019,934083,Pollock,Gadus chalcogrammus,U,NA,8,10,400601,1,Bering Sea,57.5-166,S,"Can Trawl 400 headrope, 601 sidewalls",2022-09-03T02:27:00Z,57.52,-166.03,2022-09-03T02:58:00Z,57.54,-166.06,NA,67,55.5,22.91,180,21740,8791030701,NA,2022-09-03T02:13:00Z,57.51,57.51,NA,NA,NA,0,0,NA
2022,19,2022-09-03T04:55:00Z,20220308019,50513,Staurophora mertensi,Staurophora mertensi,U,NA,0,7044.8,NETS156,2,Bering Sea,57.5-166,O,NETS Pelagic Trawl,2022-09-03T04:47:00Z,57.55,-166.05,2022-09-03T04:55:00Z,57.56,-166.05,NA,67,14.67,9.7,89.21,NA,40562,NA,2022-09-03T04:38:00Z,57.54,57.54,NA,NA,NA,0,0,NA
2022,19,2022-09-03T04:55:00Z,20220308019,51641,Northern Sea Nettle,Chrysaora melanaster,U,NA,15,21200,NETS156,2,Bering Sea,57.5-166,O,NETS Pelagic Trawl,2022-09-03T04:47:00Z,57.55,-166.05,2022-09-03T04:55:00Z,57.56,-166.05,NA,67,14.67,9.7,89.21,40504,NA,NA,2022-09-03T04:38:00Z,57.54,57.54,NA,NA,NA,0,0,NA
2022,19,2022-09-03T04:55:00Z,20220308019,161979,Sockeye Salmon,Oncorhynchus nerka,J,NA,9,1020,NETS156,2,Bering Sea,57.5-166,O,NETS Pelagic Trawl,2022-09-03T04:47:00Z,57.55,-166.05,2022-09-03T04:55:00Z,57.56,-166.05,NA,67,14.67,9.7,89.21,23240,8755010205,NA,2022-09-03T04:38:00Z,57.54,57.54,NA,NA,NA,0,0,NA
2022,19,2022-09-03T04:55:00Z,20220308019,164711,Pacific Cod,Gadus macrocephalus,A0,NA,27,176,NETS156,2,Bering Sea,57.5-166,O,NETS Pelagic Trawl,2022-09-03T04:47:00Z,57.55,-166.05,2022-09-03T04:55:00Z,57.56,-166.05,NA,67,14.67,9.7,89.21,21720,8791030401,NA,2022-09-03T04:38:00Z,57.54,57.54,NA,NA,NA,0,0,NA
2022,19,2022-09-03T04:55:00Z,20220308019,934083,Pollock,Gadus chalcogrammus,A1+,NA,2,1480,NETS156,2,Bering Sea,57.5-166,O,NETS Pelagic Trawl,2022-09-03T04:47:00Z,57.55,-166.05,2022-09-03T04:55:00Z,57.56,-166.05,NA,67,14.67,9.7,89.21,21740,8791030701,NA,2022-09-03T04:38:00Z,57.54,57.54,NA,NA,NA,0,0,NA
2022,19,2022-09-03T04:55:00Z,20220308019,934083,Pollock,Gadus chalcogrammus,U,NA,38781,29473.92,NETS156,2,Bering Sea,57.5-166,O,NETS Pelagic Trawl,2022-09-03T04:47:00Z,57.55,-166.05,2022-09-03T04:55:00Z,57.56,-166.05,NA,67,14.67,9.7,89.21,21740,8791030701,NA,2022-09-03T04:38:00Z,57.54,57.54,NA,NA,NA,0,0,NA
2022,24,2022-09-05T00:46:00Z,20220308024,159910,Salmon Shark,Lamna ditropis,U,NA,1,3.00E+05,400601,1,Bering Sea,57.5-168,S,"Can Trawl 400 headrope, 601 sidewalls",2022-09-05T00:15:00Z,57.49,-168.03,2022-09-05T00:46:00Z,57.47,-168.07,NA,73,55.5,24.1,181.29,232,8707040301,NA,2022-09-05T00:07:00Z,57.49,57.49,NA,NA,NA,0,0,NA
2022,24,2022-09-05T03:21:00Z,20220308024,50513,Staurophora mertensi,Staurophora mertensi,U,NA,0,320,NETS156,2,Bering Sea,57.5-168,O,NETS Pelagic Trawl,2022-09-05T03:21:00Z,57.48,-168.04,2022-09-05T03:21:00Z,57.48,-168.04,NA,72,16,11,163,NA,40562,NA,2022-09-05T03:12:00Z,57.48,57.48,NA,NA,NA,0,0,NA
2022,24,2022-09-05T03:21:00Z,20220308024,51641,Northern Sea Nettle,Chrysaora melanaster,U,NA,50,53452,NETS156,2,Bering Sea,57.5-168,O,NETS Pelagic Trawl,2022-09-05T03:21:00Z,57.48,-168.04,2022-09-05T03:21:00Z,57.48,-168.04,NA,72,16,11,163,40504,NA,NA,2022-09-05T03:12:00Z,57.48,57.48,NA,NA,NA,0,0,NA
2022,24,2022-09-05T03:21:00Z,20220308024,51700,Aurelia sp.,Aurelia sp.,U,NA,15,551,NETS156,2,Bering Sea,57.5-168,O,NETS Pelagic Trawl,2022-09-05T03:21:00Z,57.48,-168.04,2022-09-05T03:21:00Z,57.48,-168.04,NA,72,16,11,163,40511,NA,NA,2022-09-05T03:12:00Z,57.48,57.48,NA,NA,NA,0,0,NA
2022,24,2022-09-05T03:21:00Z,20220308024,164711,Pacific Cod,Gadus macrocephalus,A0,NA,53,283,NETS156,2,Bering Sea,57.5-168,O,NETS Pelagic Trawl,2022-09-05T03:21:00Z,57.48,-168.04,2022-09-05T03:21:00Z,57.48,-168.04,NA,72,16,11,163,21720,8791030401,NA,2022-09-05T03:12:00Z,57.48,57.48,NA,NA,NA,0,0,NA
2022,24,2022-09-05T03:21:00Z,20220308024,934083,Pollock,Gadus chalcogrammus,A1+,NA,1,1030,NETS156,2,Bering Sea,57.5-168,O,NETS Pelagic Trawl,2022-09-05T03:21:00Z,57.48,-168.04,2022-09-05T03:21:00Z,57.48,-168.04,NA,72,16,11,163,21740,8791030701,NA,2022-09-05T03:12:00Z,57.48,57.48,NA,NA,NA,0,0,NA
2022,24,2022-09-05T03:21:00Z,20220308024,934083,Pollock,Gadus chalcogrammus,U,NA,32053,23078,NETS156,2,Bering Sea,57.5-168,O,NETS Pelagic Trawl,2022-09-05T03:21:00Z,57.48,-168.04,2022-09-05T03:21:00Z,57.48,-168.04,NA,72,16,11,163,21740,8791030701,NA,2022-09-05T03:12:00Z,57.48,57.48,NA,NA,NA,0,0,NA
2022,24,2022-09-10T22:04:00Z,20220202024,51671,Cyanea capillata,Cyanea capillata,U,NA,1,910,400601,3,NA,NA,S,"Can Trawl 400 headrope, 601 sidewalls",2022-09-10T21:34:00Z,62.49,-167.03,2022-09-10T22:04:00Z,62.49,-167.11,NA,35,49.51,22.54,330,40561,NA,NA,NA,0,0,NA,NA,NA,0,0,NA
2022,24,2022-09-10T22:04:00Z,20220202024,97110,Sevenspine bay shrimp,Crangon septemspinosa,U,NA,1500,1057.4,400601,3,NA,NA,S,"Can Trawl 400 headrope, 601 sidewalls",2022-09-10T21:34:00Z,62.49,-167.03,2022-09-10T22:04:00Z,62.49,-167.11,NA,35,49.51,22.54,330,NA,66548,NA,NA,0,0,NA,NA,NA,0,0,NA
2022,24,2022-09-10T22:04:00Z,20220202024,161975,Pink Salmon,Oncorhynchus gorbuscha,J,NA,7,66,400601,3,NA,NA,S,"Can Trawl 400 headrope, 601 sidewalls",2022-09-10T21:34:00Z,62.49,-167.03,2022-09-10T22:04:00Z,62.49,-167.11,NA,35,49.51,22.54,330,23230,8755010201,NA,NA,0,0,NA,NA,NA,0,0,NA
2022,24,2022-09-10T22:04:00Z,20220202024,161976,Chum Salmon,Oncorhynchus keta,J,NA,0,489,400601,3,NA,NA,S,"Can Trawl 400 headrope, 601 sidewalls",2022-09-10T21:34:00Z,62.49,-167.03,2022-09-10T22:04:00Z,62.49,-167.11,NA,35,49.51,22.54,330,23235,8755010202,NA,NA,0,0,NA,NA,NA,0,0,NA
2022,24,2022-09-10T22:04:00Z,20220202024,161980,Chinook Salmon,Oncorhynchus tshawytscha,J,NA,2,236,400601,3,NA,NA,S,"Can Trawl 400 headrope, 601 sidewalls",2022-09-10T21:34:00Z,62.49,-167.03,2022-09-10T22:04:00Z,62.49,-167.11,NA,35,49.51,22.54,330,23220,8755010206,NA,NA,0,0,NA,NA,NA,0,0,NA
2022,24,2022-09-10T22:04:00Z,20220202024,172893,Starry Flounder,Platichthys stellatus,U,NA,3,860,400601,3,NA,NA,S,"Can Trawl 400 headrope, 601 sidewalls",2022-09-10T21:34:00Z,62.49,-167.03,2022-09-10T22:04:00Z,62.49,-167.11,NA,35,49.51,22.54,330,10220,8857041401,NA,NA,0,0,NA,NA,NA,0,0,NA
2022,24,2022-09-10T22:04:00Z,20220202024,551209,Pacific Herring,Clupea pallasi,A0,NA,8252.86,12049.2,400601,3,NA,NA,S,"Can Trawl 400 headrope, 601 sidewalls",2022-09-10T21:34:00Z,62.49,-167.03,2022-09-10T22:04:00Z,62.49,-167.11,NA,35,49.51,22.54,330,21110,8747010201,NONSUB TO GLASS AND BAKER ,NA,0,0,NA,NA,NA,0,0,NA
2022,24,2022-09-10T22:04:00Z,20220202024,551209,Pacific Herring,Clupea pallasi,A1+,NA,5,176,400601,3,NA,NA,S,"Can Trawl 400 headrope, 601 sidewalls",2022-09-10T21:34:00Z,62.49,-167.03,2022-09-10T22:04:00Z,62.49,-167.11,NA,35,49.51,22.54,330,21110,8747010201,NA,NA,0,0,NA,NA,NA,0,0,NA
2022,20,2022-09-08T17:24:00Z,20220202020,50623,Aequorea  sp.,Aequorea sp.,U,NA,0,5370,400601,3,NA,NA,S,"Can Trawl 400 headrope, 601 sidewalls",2022-09-08T16:54:00Z,62.5,-170.98,2022-09-08T17:24:00Z,62.5,-170.9,NA,44,48.71,26,330,40506,NA,NA,NA,0,0,NA,NA,NA,0,0,NA
2022,20,2022-09-08T17:24:00Z,20220202020,51641,Northern Sea Nettle,Chrysaora melanaster,U,NA,0,176310,400601,3,NA,NA,S,"Can Trawl 400 headrope, 601 sidewalls",2022-09-08T16:54:00Z,62.5,-170.98,2022-09-08T17:24:00Z,62.5,-170.9,NA,44,48.71,26,330,40504,NA,NA,NA,0,0,NA,NA,NA,0,0,NA
2022,20,2022-09-08T17:24:00Z,20220202020,51671,Cyanea capillata,Cyanea capillata,U,NA,4,2830,400601,3,NA,NA,S,"Can Trawl 400 headrope, 601 sidewalls",2022-09-08T16:54:00Z,62.5,-170.98,2022-09-08T17:24:00Z,62.5,-170.9,NA,44,48.71,26,330,40561,NA,NA,NA,0,0,NA,NA,NA,0,0,NA
2022,20,2022-09-08T17:24:00Z,20220202020,161976,Chum Salmon,Oncorhynchus keta,IM,NA,3,7780,400601,3,NA,NA,S,"Can Trawl 400 headrope, 601 sidewalls",2022-09-08T16:54:00Z,62.5,-170.98,2022-09-08T17:24:00Z,62.5,-170.9,NA,44,48.71,26,330,23235,8755010202,NA,NA,0,0,NA,NA,NA,0,0,NA
2022,20,2022-09-08T17:24:00Z,20220202020,161980,Chinook Salmon,Oncorhynchus tshawytscha,IM,NA,1,5860,400601,3,NA,NA,S,"Can Trawl 400 headrope, 601 sidewalls",2022-09-08T16:54:00Z,62.5,-170.98,2022-09-08T17:24:00Z,62.5,-170.9,NA,44,48.71,26,330,23220,8755010206,NA,NA,0,0,NA,NA,NA,0,0,NA
2022,20,2022-09-08T17:24:00Z,20220202020,164711,Pacific Cod,Gadus macrocephalus,A0,NA,1,1,400601,3,NA,NA,S,"Can Trawl 400 headrope, 601 sidewalls",2022-09-08T16:54:00Z,62.5,-170.98,2022-09-08T17:24:00Z,62.5,-170.9,NA,44,48.71,26,330,21720,8791030401,NA,NA,0,0,NA,NA,NA,0,0,NA
2022,20,2022-09-08T17:24:00Z,20220202020,172911,Longhead Dab,Limanda proboscidea,L,NA,1,1,400601,3,NA,NA,S,"Can Trawl 400 headrope, 601 sidewalls",2022-09-08T16:54:00Z,62.5,-170.98,2022-09-08T17:24:00Z,62.5,-170.9,NA,44,48.71,26,330,10211,8857041507,NA,NA,0,0,NA,NA,NA,0,0,NA
2022,20,2022-09-08T17:24:00Z,20220202020,551209,Pacific Herring,Clupea pallasi,A1+,NA,2,350,400601,3,NA,NA,S,"Can Trawl 400 headrope, 601 sidewalls",2022-09-08T16:54:00Z,62.5,-170.98,2022-09-08T17:24:00Z,62.5,-170.9,NA,44,48.71,26,330,21110,8747010201,NA,NA,0,0,NA,NA,NA,0,0,NA
2022,20,2022-09-08T17:24:00Z,20220202020,934083,Pollock,Gadus chalcogrammus,A0,NA,40,41,400601,3,NA,NA,S,"Can Trawl 400 headrope, 601 sidewalls",2022-09-08T16:54:00Z,62.5,-170.98,2022-09-08T17:24:00Z,62.5,-170.9,NA,44,48.71,26,330,21740,8791030701,NA,NA,0,0,NA,NA,NA,0,0,NA
2022,20,2022-09-08T17:24:00Z,20220202020,934083,Pollock,Gadus chalcogrammus,A1+,NA,21,14890,400601,3,NA,NA,S,"Can Trawl 400 headrope, 601 sidewalls",2022-09-08T16:54:00Z,62.5,-170.98,2022-09-08T17:24:00Z,62.5,-170.9,NA,44,48.71,26,330,21740,8791030701,NA,NA,0,0,NA,NA,NA,0,0,NA
2022,20,2022-09-03T18:29:00Z,20220308020,51641,Northern Sea Nettle,Chrysaora melanaster,U,NA,469,78467.5,400601,5,Bering Sea,57-167,S,"Can Trawl 400 headrope, 601 sidewalls",2022-09-03T17:59:00Z,57.03,-167.03,2022-09-03T18:29:00Z,57.06,-167.07,NA,74,55.5,22,180,40504,NA,NA,2022-09-03T17:48:00Z,57.01,57.01,NA,NA,NA,0,0,NA
2022,20,2022-09-03T18:29:00Z,20220308020,82430,Magistrate Armhook Squid,Berryteuthis magister,U,NA,2,50,400601,5,Bering Sea,57-167,S,"Can Trawl 400 headrope, 601 sidewalls",2022-09-03T17:59:00Z,57.03,-167.03,2022-09-03T18:29:00Z,57.06,-167.07,NA,74,55.5,22,180,79210,NA,NA,2022-09-03T17:48:00Z,57.01,57.01,NA,NA,NA,0,0,NA
2022,20,2022-09-03T18:29:00Z,20220308020,161976,Chum Salmon,Oncorhynchus keta,IM,NA,1,1750,400601,5,Bering Sea,57-167,S,"Can Trawl 400 headrope, 601 sidewalls",2022-09-03T17:59:00Z,57.03,-167.03,2022-09-03T18:29:00Z,57.06,-167.07,NA,74,55.5,22,180,23235,8755010202,NA,2022-09-03T17:48:00Z,57.01,57.01,NA,NA,NA,0,0,NA
2022,20,2022-09-03T18:29:00Z,20220308020,161977,Coho Salmon,Oncorhynchus kisutch,J,NA,1,380,400601,5,Bering Sea,57-167,S,"Can Trawl 400 headrope, 601 sidewalls",2022-09-03T17:59:00Z,57.03,-167.03,2022-09-03T18:29:00Z,57.06,-167.07,NA,74,55.5,22,180,23225,8755010203,NA,2022-09-03T17:48:00Z,57.01,57.01,NA,NA,NA,0,0,NA
2022,20,2022-09-03T18:29:00Z,20220308020,161979,Sockeye Salmon,Oncorhynchus nerka,J,NA,173,23400,400601,5,Bering Sea,57-167,S,"Can Trawl 400 headrope, 601 sidewalls",2022-09-03T17:59:00Z,57.03,-167.03,2022-09-03T18:29:00Z,57.06,-167.07,NA,74,55.5,22,180,23240,8755010205,NA,2022-09-03T17:48:00Z,57.01,57.01,NA,NA,NA,0,0,NA
2022,20,2022-09-03T18:29:00Z,20220308020,164711,Pacific Cod,Gadus macrocephalus,A0,NA,7,30,400601,5,Bering Sea,57-167,S,"Can Trawl 400 headrope, 601 sidewalls",2022-09-03T17:59:00Z,57.03,-167.03,2022-09-03T18:29:00Z,57.06,-167.07,NA,74,55.5,22,180,21720,8791030401,NA,2022-09-03T17:48:00Z,57.01,57.01,NA,NA,NA,0,0,NA
2022,20,2022-09-03T18:29:00Z,20220308020,167220,Crested Sculpin,Blepsias bilobus,U,NA,2,20,400601,5,Bering Sea,57-167,S,"Can Trawl 400 headrope, 601 sidewalls",2022-09-03T17:59:00Z,57.03,-167.03,2022-09-03T18:29:00Z,57.06,-167.07,NA,74,55.5,22,180,21397,8831020601,NA,2022-09-03T17:48:00Z,57.01,57.01,NA,NA,NA,0,0,NA
2022,20,2022-09-03T18:29:00Z,20220308020,167481,Sturgeon Poacher,Podothecus acipenserinus,U,NA,1,37,400601,5,Bering Sea,57-167,S,"Can Trawl 400 headrope, 601 sidewalls",2022-09-03T17:59:00Z,57.03,-167.03,2022-09-03T18:29:00Z,57.06,-167.07,NA,74,55.5,22,180,20040,8831081901,NA,2022-09-03T17:48:00Z,57.01,57.01,NA,NA,NA,0,0,NA
2022,20,2022-09-03T18:29:00Z,20220308020,551209,Pacific Herring,Clupea pallasi,U,NA,3,300,400601,5,Bering Sea,57-167,S,"Can Trawl 400 headrope, 601 sidewalls",2022-09-03T17:59:00Z,57.03,-167.03,2022-09-03T18:29:00Z,57.06,-167.07,NA,74,55.5,22,180,21110,8747010201,NA,2022-09-03T17:48:00Z,57.01,57.01,NA,NA,NA,0,0,NA
2022,20,2022-09-03T18:29:00Z,20220308020,934083,Pollock,Gadus chalcogrammus,A1+,NA,1,50,400601,5,Bering Sea,57-167,S,"Can Trawl 400 headrope, 601 sidewalls",2022-09-03T17:59:00Z,57.03,-167.03,2022-09-03T18:29:00Z,57.06,-167.07,NA,74,55.5,22,180,21740,8791030701,NA,2022-09-03T17:48:00Z,57.01,57.01,NA,NA,NA,0,0,NA
2022,20,2022-09-03T18:29:00Z,20220308020,934083,Pollock,Gadus chalcogrammus,U,NA,2309,1889.44,400601,5,Bering Sea,57-167,S,"Can Trawl 400 headrope, 601 sidewalls",2022-09-03T17:59:00Z,57.03,-167.03,2022-09-03T18:29:00Z,57.06,-167.07,NA,74,55.5,22,180,21740,8791030701,NA,2022-09-03T17:48:00Z,57.01,57.01,NA,NA,NA,0,0,NA
2022,20,2022-09-03T22:34:00Z,20220308020,51641,Northern Sea Nettle,Chrysaora melanaster,U,NA,276,285533.25,NETS156,6,Bering Sea,57-167,O,NETS Pelagic Trawl,2022-09-03T22:34:00Z,56.96,-166.93,2022-09-03T22:34:00Z,56.96,-166.93,NA,75,17.6,9.9,235,40504,NA,NA,2022-09-03T22:24:00Z,56.95,56.95,NA,NA,NA,0,0,NA
2022,20,2022-09-03T22:34:00Z,20220308020,164711,Pacific Cod,Gadus macrocephalus,A0,NA,39,214.1,NETS156,6,Bering Sea,57-167,O,NETS Pelagic Trawl,2022-09-03T22:34:00Z,56.96,-166.93,2022-09-03T22:34:00Z,56.96,-166.93,NA,75,17.6,9.9,235,21720,8791030401,NA,2022-09-03T22:24:00Z,56.95,56.95,NA,NA,NA,0,0,NA
2022,20,2022-09-03T22:34:00Z,20220308020,934083,Pollock,Gadus chalcogrammus,A1+,NA,12,6420,NETS156,6,Bering Sea,57-167,O,NETS Pelagic Trawl,2022-09-03T22:34:00Z,56.96,-166.93,2022-09-03T22:34:00Z,56.96,-166.93,NA,75,17.6,9.9,235,21740,8791030701,NA,2022-09-03T22:24:00Z,56.95,56.95,NA,NA,NA,0,0,NA
2022,20,2022-09-03T22:34:00Z,20220308020,934083,Pollock,Gadus chalcogrammus,U,NA,40275,30608.75,NETS156,6,Bering Sea,57-167,O,NETS Pelagic Trawl,2022-09-03T22:34:00Z,56.96,-166.93,2022-09-03T22:34:00Z,56.96,-166.93,NA,75,17.6,9.9,235,21740,8791030701,NA,2022-09-03T22:24:00Z,56.95,56.95,NA,NA,NA,0,0,NA
2022,23,2022-09-04T19:32:00Z,20220308023,50623,Aequorea  sp.,Aequorea sp.,U,NA,1,10,400601,8,Bering Sea,57-169,S,"Can Trawl 400 headrope, 601 sidewalls",2022-09-04T19:02:00Z,57.02,-169,2022-09-04T19:32:00Z,57.04,-168.96,NA,80,55.5,23.32,189.7,40506,NA,NA,2022-09-04T18:56:00Z,57.01,57.01,NA,NA,NA,0,0,NA
2022,23,2022-09-04T19:32:00Z,20220308023,51641,Northern Sea Nettle,Chrysaora melanaster,U,NA,37,35820,400601,8,Bering Sea,57-169,S,"Can Trawl 400 headrope, 601 sidewalls",2022-09-04T19:02:00Z,57.02,-169,2022-09-04T19:32:00Z,57.04,-168.96,NA,80,55.5,23.32,189.7,40504,NA,NA,2022-09-04T18:56:00Z,57.01,57.01,NA,NA,NA,0,0,NA
2022,23,2022-09-04T19:32:00Z,20220308023,51669,Cyanea sp.,Cyanea sp.,U,NA,3,1350,400601,8,Bering Sea,57-169,S,"Can Trawl 400 headrope, 601 sidewalls",2022-09-04T19:02:00Z,57.02,-169,2022-09-04T19:32:00Z,57.04,-168.96,NA,80,55.5,23.32,189.7,40560,NA,NA,2022-09-04T18:56:00Z,57.01,57.01,NA,NA,NA,0,0,NA
2022,23,2022-09-04T19:32:00Z,20220308023,161976,Chum Salmon,Oncorhynchus keta,IM,NA,3,2850,400601,8,Bering Sea,57-169,S,"Can Trawl 400 headrope, 601 sidewalls",2022-09-04T19:02:00Z,57.02,-169,2022-09-04T19:32:00Z,57.04,-168.96,NA,80,55.5,23.32,189.7,23235,8755010202,NA,2022-09-04T18:56:00Z,57.01,57.01,NA,NA,NA,0,0,NA
2022,23,2022-09-04T19:32:00Z,20220308023,161979,Sockeye Salmon,Oncorhynchus nerka,J,NA,2,460,400601,8,Bering Sea,57-169,S,"Can Trawl 400 headrope, 601 sidewalls",2022-09-04T19:02:00Z,57.02,-169,2022-09-04T19:32:00Z,57.04,-168.96,NA,80,55.5,23.32,189.7,23240,8755010205,NA,2022-09-04T18:56:00Z,57.01,57.01,NA,NA,NA,0,0,NA
2022,23,2022-09-04T19:32:00Z,20220308023,166365,Threespine stickleback,Gasterosteus aculeatus,U,NA,2,6,400601,8,Bering Sea,57-169,S,"Can Trawl 400 headrope, 601 sidewalls",2022-09-04T19:02:00Z,57.02,-169,2022-09-04T19:32:00Z,57.04,-168.96,NA,80,55.5,23.32,189.7,21752,8818010101,NA,2022-09-04T18:56:00Z,57.01,57.01,NA,NA,NA,0,0,NA
2022,23,2022-09-04T19:32:00Z,20220308023,167120,Atka Mackerel,Pleurogrammus monopterygius,U,NA,55,4920,400601,8,Bering Sea,57-169,S,"Can Trawl 400 headrope, 601 sidewalls",2022-09-04T19:02:00Z,57.02,-169,2022-09-04T19:32:00Z,57.04,-168.96,NA,80,55.5,23.32,189.7,21921,8827010501,NA,2022-09-04T18:56:00Z,57.01,57.01,NA,NA,NA,0,0,NA
2022,23,2022-09-04T19:32:00Z,20220308023,167221,Silverspotted sculpin,Blepsias cirrhosus,U,NA,2,10,400601,8,Bering Sea,57-169,S,"Can Trawl 400 headrope, 601 sidewalls",2022-09-04T19:02:00Z,57.02,-169,2022-09-04T19:32:00Z,57.04,-168.96,NA,80,55.5,23.32,189.7,NA,21398,NA,2022-09-04T18:56:00Z,57.01,57.01,NA,NA,NA,0,0,NA
2022,23,2022-09-04T19:32:00Z,20220308023,551209,Pacific Herring,Clupea pallasi,U,NA,39,4010,400601,8,Bering Sea,57-169,S,"Can Trawl 400 headrope, 601 sidewalls",2022-09-04T19:02:00Z,57.02,-169,2022-09-04T19:32:00Z,57.04,-168.96,NA,80,55.5,23.32,189.7,21110,8747010201,NA,2022-09-04T18:56:00Z,57.01,57.01,NA,NA,NA,0,0,NA
2022,23,2022-09-04T19:32:00Z,20220308023,934083,Pollock,Gadus chalcogrammus,U,NA,1593,1343,400601,8,Bering Sea,57-169,S,"Can Trawl 400 headrope, 601 sidewalls",2022-09-04T19:02:00Z,57.02,-169,2022-09-04T19:32:00Z,57.04,-168.96,NA,80,55.5,23.32,189.7,21740,8791030701,NA,2022-09-04T18:56:00Z,57.01,57.01,NA,NA,NA,0,0,NA
2022,23,2022-09-10T17:27:00Z,20220202023,51641,Northern Sea Nettle,Chrysaora melanaster,U,NA,0,5970,400601,3,NA,NA,S,"Can Trawl 400 headrope, 601 sidewalls",2022-09-10T16:57:00Z,62.99,-166.95,2022-09-10T17:27:00Z,62.99,-166.88,NA,26,49.44,23.07,330,40504,NA,NA,NA,0,0,NA,NA,NA,0,0,NA
2022,23,2022-09-10T17:27:00Z,20220202023,51671,Cyanea capillata,Cyanea capillata,U,NA,0,2910,400601,3,NA,NA,S,"Can Trawl 400 headrope, 601 sidewalls",2022-09-10T16:57:00Z,62.99,-166.95,2022-09-10T17:27:00Z,62.99,-166.88,NA,26,49.44,23.07,330,40561,NA,NA,NA,0,0,NA,NA,NA,0,0,NA
2022,23,2022-09-10T17:27:00Z,20220202023,97110,Sevenspine bay shrimp,Crangon septemspinosa,U,NA,730,709.1,400601,3,NA,NA,S,"Can Trawl 400 headrope, 601 sidewalls",2022-09-10T16:57:00Z,62.99,-166.95,2022-09-10T17:27:00Z,62.99,-166.88,NA,26,49.44,23.07,330,NA,66548,NA,NA,0,0,NA,NA,NA,0,0,NA
2022,23,2022-09-10T17:27:00Z,20220202023,161975,Pink Salmon,Oncorhynchus gorbuscha,J,NA,164.24,11530,400601,3,NA,NA,S,"Can Trawl 400 headrope, 601 sidewalls",2022-09-10T16:57:00Z,62.99,-166.95,2022-09-10T17:27:00Z,62.99,-166.88,NA,26,49.44,23.07,330,23230,8755010201,NA,NA,0,0,NA,NA,NA,0,0,NA
2022,23,2022-09-10T17:27:00Z,20220202023,161976,Chum Salmon,Oncorhynchus keta,J,NA,95.74,8100,400601,3,NA,NA,S,"Can Trawl 400 headrope, 601 sidewalls",2022-09-10T16:57:00Z,62.99,-166.95,2022-09-10T17:27:00Z,62.99,-166.88,NA,26,49.44,23.07,330,23235,8755010202,NA,NA,0,0,NA,NA,NA,0,0,NA
2022,23,2022-09-10T17:27:00Z,20220202023,161977,Coho Salmon,Oncorhynchus kisutch,J,NA,1,268,400601,3,NA,NA,S,"Can Trawl 400 headrope, 601 sidewalls",2022-09-10T16:57:00Z,62.99,-166.95,2022-09-10T17:27:00Z,62.99,-166.88,NA,26,49.44,23.07,330,23225,8755010203,NA,NA,0,0,NA,NA,NA,0,0,NA
2022,23,2022-09-10T17:27:00Z,20220202023,161979,Sockeye Salmon,Oncorhynchus nerka,J,NA,2,143,400601,3,NA,NA,S,"Can Trawl 400 headrope, 601 sidewalls",2022-09-10T16:57:00Z,62.99,-166.95,2022-09-10T17:27:00Z,62.99,-166.88,NA,26,49.44,23.07,330,23240,8755010205,NA,NA,0,0,NA,NA,NA,0,0,NA
2022,23,2022-09-10T17:27:00Z,20220202023,161980,Chinook Salmon,Oncorhynchus tshawytscha,J,NA,13,1679,400601,3,NA,NA,S,"Can Trawl 400 headrope, 601 sidewalls",2022-09-10T16:57:00Z,62.99,-166.95,2022-09-10T17:27:00Z,62.99,-166.88,NA,26,49.44,23.07,330,23220,8755010206,NA,NA,0,0,NA,NA,NA,0,0,NA
2022,23,2022-09-10T17:27:00Z,20220202023,162041,Rainbow Smelt,Osmerus mordax dentex,U,NA,1,28,400601,3,NA,NA,S,"Can Trawl 400 headrope, 601 sidewalls",2022-09-10T16:57:00Z,62.99,-166.95,2022-09-10T17:27:00Z,62.99,-166.88,NA,26,49.44,23.07,330,23055,8755030302,NA,NA,0,0,NA,NA,NA,0,0,NA
2022,23,2022-09-10T17:27:00Z,20220202023,167220,Crested Sculpin,Blepsias bilobus,U,NA,1,20,400601,3,NA,NA,S,"Can Trawl 400 headrope, 601 sidewalls",2022-09-10T16:57:00Z,62.99,-166.95,2022-09-10T17:27:00Z,62.99,-166.88,NA,26,49.44,23.07,330,21397,8831020601,NA,NA,0,0,NA,NA,NA,0,0,NA
2022,23,2022-09-10T17:27:00Z,20220202023,172893,Starry Flounder,Platichthys stellatus,U,NA,8,1990,400601,3,NA,NA,S,"Can Trawl 400 headrope, 601 sidewalls",2022-09-10T16:57:00Z,62.99,-166.95,2022-09-10T17:27:00Z,62.99,-166.88,NA,26,49.44,23.07,330,10220,8857041401,NA,NA,0,0,NA,NA,NA,0,0,NA
2022,23,2022-09-10T17:27:00Z,20220202023,551209,Pacific Herring,Clupea pallasi,A0,NA,11401.9,10261.7,400601,3,NA,NA,S,"Can Trawl 400 headrope, 601 sidewalls",2022-09-10T16:57:00Z,62.99,-166.95,2022-09-10T17:27:00Z,62.99,-166.88,NA,26,49.44,23.07,330,21110,8747010201,BAKER AND GLASS FROM NON SUB ,NA,0,0,NA,NA,NA,0,0,NA
2022,23,2022-09-10T17:27:00Z,20220202023,551209,Pacific Herring,Clupea pallasi,A1+,NA,66,2790,400601,3,NA,NA,S,"Can Trawl 400 headrope, 601 sidewalls",2022-09-10T16:57:00Z,62.99,-166.95,2022-09-10T17:27:00Z,62.99,-166.88,NA,26,49.44,23.07,330,21110,8747010201,NA,NA,0,0,NA,NA,NA,0,0,NA
2022,23,2022-09-10T17:27:00Z,20220202023,934083,Pollock,Gadus chalcogrammus,A0,NA,41.71,20.9,400601,3,NA,NA,S,"Can Trawl 400 headrope, 601 sidewalls",2022-09-10T16:57:00Z,62.99,-166.95,2022-09-10T17:27:00Z,62.99,-166.88,NA,26,49.44,23.07,330,21740,8791030701,NA,NA,0,0,NA,NA,NA,0,0,NA
2022,23,2022-09-10T17:27:00Z,20220202023,934083,Pollock,Gadus chalcogrammus,A1+,NA,8,211,400601,3,NA,NA,S,"Can Trawl 400 headrope, 601 sidewalls",2022-09-10T16:57:00Z,62.99,-166.95,2022-09-10T17:27:00Z,62.99,-166.88,NA,26,49.44,23.07,330,21740,8791030701,NA,NA,0,0,NA,NA,NA,0,0,NA
2022,23,2022-09-04T17:23:00Z,20220308023,51641,Northern Sea Nettle,Chrysaora melanaster,U,NA,328,423266.83,NETS156,7,Bering Sea,57-169,O,NETS Pelagic Trawl,2022-09-04T17:23:00Z,57.01,-169.09,2022-09-04T17:23:00Z,57.01,-169.09,NA,80,14,7,195,40504,NA,NA,2022-09-04T17:07:00Z,57,57,NA,NA,NA,0,0,NA
2022,23,2022-09-04T17:23:00Z,20220308023,95496,Euphausiid unident.,Euphausiacea (order),U,NA,0,4969.42,NETS156,7,Bering Sea,57-169,O,NETS Pelagic Trawl,2022-09-04T17:23:00Z,57.01,-169.09,2022-09-04T17:23:00Z,57.01,-169.09,NA,80,14,7,195,NA,63500,NA,2022-09-04T17:07:00Z,57,57,NA,NA,NA,0,0,NA
2022,23,2022-09-04T17:23:00Z,20220308023,934083,Pollock,Gadus chalcogrammus,A1+,NA,13,5530,NETS156,7,Bering Sea,57-169,O,NETS Pelagic Trawl,2022-09-04T17:23:00Z,57.01,-169.09,2022-09-04T17:23:00Z,57.01,-169.09,NA,80,14,7,195,21740,8791030701,NA,2022-09-04T17:07:00Z,57,57,NA,NA,NA,0,0,NA
2022,23,2022-09-04T17:23:00Z,20220308023,934083,Pollock,Gadus chalcogrammus,U,NA,30389,17017.95,NETS156,7,Bering Sea,57-169,O,NETS Pelagic Trawl,2022-09-04T17:23:00Z,57.01,-169.09,2022-09-04T17:23:00Z,57.01,-169.09,NA,80,14,7,195,21740,8791030701,NA,2022-09-04T17:07:00Z,57,57,NA,NA,NA,0,0,NA
2022,35,2022-09-09T00:11:00Z,20220308035,51641,Northern Sea Nettle,Chrysaora melanaster,U,NA,410,265856.68,NETS156,1,Bering Sea,58.5-170,O,NETS Pelagic Trawl,2022-09-09T00:11:00Z,58.52,-170.04,2022-09-09T00:11:00Z,58.52,-170.04,NA,71,16,10,190,40504,NA,NA,2022-09-09T00:02:00Z,58.51,58.51,NA,NA,NA,0,0,NA
2022,35,2022-09-09T00:11:00Z,20220308035,934083,Pollock,Gadus chalcogrammus,A1+,NA,6,5070,NETS156,1,Bering Sea,58.5-170,O,NETS Pelagic Trawl,2022-09-09T00:11:00Z,58.52,-170.04,2022-09-09T00:11:00Z,58.52,-170.04,NA,71,16,10,190,21740,8791030701,NA,2022-09-09T00:02:00Z,58.51,58.51,NA,NA,NA,0,0,NA
2022,35,2022-09-09T00:11:00Z,20220308035,934083,Pollock,Gadus chalcogrammus,U,NA,17310,11104.81,NETS156,1,Bering Sea,58.5-170,O,NETS Pelagic Trawl,2022-09-09T00:11:00Z,58.52,-170.04,2022-09-09T00:11:00Z,58.52,-170.04,NA,71,16,10,190,21740,8791030701,NA,2022-09-09T00:02:00Z,58.51,58.51,NA,NA,NA,0,0,NA
2022,35,2022-09-09T03:07:00Z,20220308035,159910,Salmon Shark,Lamna ditropis,U,NA,1,5.00E+05,400601,2,Bering Sea,58.5-170,S,"Can Trawl 400 headrope, 601 sidewalls",2022-09-09T02:37:00Z,58.5,-170,2022-09-09T03:07:00Z,58.53,-170.04,NA,71,55.5,25.08,184.45,232,8707040301,NA,2022-09-09T02:30:00Z,58.5,58.5,NA,NA,NA,0,0,NA
2022,35,2022-09-09T03:07:00Z,20220308035,161976,Chum Salmon,Oncorhynchus keta,IM,NA,1,2140,400601,2,Bering Sea,58.5-170,S,"Can Trawl 400 headrope, 601 sidewalls",2022-09-09T02:37:00Z,58.5,-170,2022-09-09T03:07:00Z,58.53,-170.04,NA,71,55.5,25.08,184.45,23235,8755010202,NA,2022-09-09T02:30:00Z,58.5,58.5,NA,NA,NA,0,0,NA
2022,35,2022-09-09T03:07:00Z,20220308035,161979,Sockeye Salmon,Oncorhynchus nerka,J,NA,1,50,400601,2,Bering Sea,58.5-170,S,"Can Trawl 400 headrope, 601 sidewalls",2022-09-09T02:37:00Z,58.5,-170,2022-09-09T03:07:00Z,58.53,-170.04,NA,71,55.5,25.08,184.45,23240,8755010205,NA,2022-09-09T02:30:00Z,58.5,58.5,NA,NA,NA,0,0,NA
2022,35,2022-09-14T17:16:00Z,20220202035,50513,Staurophora mertensi,Staurophora mertensi,U,NA,0,70,400601,3,NA,NA,S,"Can Trawl 400 headrope, 601 sidewalls",2022-09-14T16:45:00Z,64.5,-167,2022-09-14T17:16:00Z,64.47,-166.99,NA,28,48.89,22.24,330,NA,40562,NA,NA,0,0,NA,NA,NA,0,0,NA
2022,35,2022-09-14T17:16:00Z,20220202035,50623,Aequorea  sp.,Aequorea sp.,U,NA,0,6510,400601,3,NA,NA,S,"Can Trawl 400 headrope, 601 sidewalls",2022-09-14T16:45:00Z,64.5,-167,2022-09-14T17:16:00Z,64.47,-166.99,NA,28,48.89,22.24,330,40506,NA,NA,NA,0,0,NA,NA,NA,0,0,NA
2022,35,2022-09-14T17:16:00Z,20220202035,51641,Northern Sea Nettle,Chrysaora melanaster,U,NA,0,6120,400601,3,NA,NA,S,"Can Trawl 400 headrope, 601 sidewalls",2022-09-14T16:45:00Z,64.5,-167,2022-09-14T17:16:00Z,64.47,-166.99,NA,28,48.89,22.24,330,40504,NA,NA,NA,0,0,NA,NA,NA,0,0,NA
2022,35,2022-09-14T17:16:00Z,20220202035,51671,Cyanea capillata,Cyanea capillata,U,NA,0,34880,400601,3,NA,NA,S,"Can Trawl 400 headrope, 601 sidewalls",2022-09-14T16:45:00Z,64.5,-167,2022-09-14T17:16:00Z,64.47,-166.99,NA,28,48.89,22.24,330,40561,NA,NA,NA,0,0,NA,NA,NA,0,0,NA
2022,35,2022-09-14T17:16:00Z,20220202035,161975,Pink Salmon,Oncorhynchus gorbuscha,J,NA,36,2036,400601,3,NA,NA,S,"Can Trawl 400 headrope, 601 sidewalls",2022-09-14T16:45:00Z,64.5,-167,2022-09-14T17:16:00Z,64.47,-166.99,NA,28,48.89,22.24,330,23230,8755010201,NA,NA,0,0,NA,NA,NA,0,0,NA
2022,35,2022-09-14T17:16:00Z,20220202035,161976,Chum Salmon,Oncorhynchus keta,J,NA,39,3142,400601,3,NA,NA,S,"Can Trawl 400 headrope, 601 sidewalls",2022-09-14T16:45:00Z,64.5,-167,2022-09-14T17:16:00Z,64.47,-166.99,NA,28,48.89,22.24,330,23235,8755010202,NA,NA,0,0,NA,NA,NA,0,0,NA
2022,35,2022-09-14T17:16:00Z,20220202035,161977,Coho Salmon,Oncorhynchus kisutch,J,NA,6,1346,400601,3,NA,NA,S,"Can Trawl 400 headrope, 601 sidewalls",2022-09-14T16:45:00Z,64.5,-167,2022-09-14T17:16:00Z,64.47,-166.99,NA,28,48.89,22.24,330,23225,8755010203,NA,NA,0,0,NA,NA,NA,0,0,NA
2022,35,2022-09-14T17:16:00Z,20220202035,161979,Sockeye Salmon,Oncorhynchus nerka,J,NA,1,75,400601,3,NA,NA,S,"Can Trawl 400 headrope, 601 sidewalls",2022-09-14T16:45:00Z,64.5,-167,2022-09-14T17:16:00Z,64.47,-166.99,NA,28,48.89,22.24,330,23240,8755010205,NA,NA,0,0,NA,NA,NA,0,0,NA
2022,35,2022-09-14T17:16:00Z,20220202035,161980,Chinook Salmon,Oncorhynchus tshawytscha,IM,NA,1,660,400601,3,NA,NA,S,"Can Trawl 400 headrope, 601 sidewalls",2022-09-14T16:45:00Z,64.5,-167,2022-09-14T17:16:00Z,64.47,-166.99,NA,28,48.89,22.24,330,23220,8755010206,NA,NA,0,0,NA,NA,NA,0,0,NA
2022,35,2022-09-14T17:16:00Z,20220202035,161980,Chinook Salmon,Oncorhynchus tshawytscha,J,NA,7,969,400601,3,NA,NA,S,"Can Trawl 400 headrope, 601 sidewalls",2022-09-14T16:45:00Z,64.5,-167,2022-09-14T17:16:00Z,64.47,-166.99,NA,28,48.89,22.24,330,23220,8755010206,NA,NA,0,0,NA,NA,NA,0,0,NA
2022,35,2022-09-14T17:16:00Z,20220202035,164708,Saffron Cod,Eleginus gracilis,A0,NA,2,4,400601,3,NA,NA,S,"Can Trawl 400 headrope, 601 sidewalls",2022-09-14T16:45:00Z,64.5,-167,2022-09-14T17:16:00Z,64.47,-166.99,NA,28,48.89,22.24,330,21735,8791030301,NA,NA,0,0,NA,NA,NA,0,0,NA
2022,35,2022-09-14T17:16:00Z,20220202035,166365,Threespine stickleback,Gasterosteus aculeatus,U,NA,3,17,400601,3,NA,NA,S,"Can Trawl 400 headrope, 601 sidewalls",2022-09-14T16:45:00Z,64.5,-167,2022-09-14T17:16:00Z,64.47,-166.99,NA,28,48.89,22.24,330,21752,8818010101,NA,NA,0,0,NA,NA,NA,0,0,NA
2022,35,2022-09-14T17:16:00Z,20220202035,551209,Pacific Herring,Clupea pallasi,A1+,NA,2,277,400601,3,NA,NA,S,"Can Trawl 400 headrope, 601 sidewalls",2022-09-14T16:45:00Z,64.5,-167,2022-09-14T17:16:00Z,64.47,-166.99,NA,28,48.89,22.24,330,21110,8747010201,NA,NA,0,0,NA,NA,NA,0,0,NA
2022,35,2022-09-14T17:16:00Z,20220202035,934083,Pollock,Gadus chalcogrammus,A0,NA,322.94,549,400601,3,NA,NA,S,"Can Trawl 400 headrope, 601 sidewalls",2022-09-14T16:45:00Z,64.5,-167,2022-09-14T17:16:00Z,64.47,-166.99,NA,28,48.89,22.24,330,21740,8791030701,NA,NA,0,0,NA,NA,NA,0,0,NA
2022,32,2022-09-08T03:13:00Z,20220308032,50513,Staurophora mertensi,Staurophora mertensi,U,NA,0,163.12,400601,2,Bering Sea,58-171,S,"Can Trawl 400 headrope, 601 sidewalls",2022-09-08T02:43:00Z,57.99,-171.01,2022-09-08T03:13:00Z,58.03,-171,NA,89,55.5,23.9,189.37,NA,40562,NA,2022-09-08T02:39:00Z,57.99,57.99,NA,NA,NA,0,0,NA
2022,32,2022-09-08T03:13:00Z,20220308032,50623,Aequorea  sp.,Aequorea sp.,U,NA,299,57092.58,400601,2,Bering Sea,58-171,S,"Can Trawl 400 headrope, 601 sidewalls",2022-09-08T02:43:00Z,57.99,-171.01,2022-09-08T03:13:00Z,58.03,-171,NA,89,55.5,23.9,189.37,40506,NA,NA,2022-09-08T02:39:00Z,57.99,57.99,NA,NA,NA,0,0,NA
2022,32,2022-09-08T03:13:00Z,20220308032,51641,Northern Sea Nettle,Chrysaora melanaster,U,NA,27,3950,400601,2,Bering Sea,58-171,S,"Can Trawl 400 headrope, 601 sidewalls",2022-09-08T02:43:00Z,57.99,-171.01,2022-09-08T03:13:00Z,58.03,-171,NA,89,55.5,23.9,189.37,40504,NA,NA,2022-09-08T02:39:00Z,57.99,57.99,NA,NA,NA,0,0,NA
2022,32,2022-09-08T03:13:00Z,20220308032,51669,Cyanea sp.,Cyanea sp.,U,NA,2,550,400601,2,Bering Sea,58-171,S,"Can Trawl 400 headrope, 601 sidewalls",2022-09-08T02:43:00Z,57.99,-171.01,2022-09-08T03:13:00Z,58.03,-171,NA,89,55.5,23.9,189.37,40560,NA,NA,2022-09-08T02:39:00Z,57.99,57.99,NA,NA,NA,0,0,NA
2022,32,2022-09-08T03:13:00Z,20220308032,51696,Phacellophora camtschatica,Phacellophora camtschatica,U,NA,2,750,400601,2,Bering Sea,58-171,S,"Can Trawl 400 headrope, 601 sidewalls",2022-09-08T02:43:00Z,57.99,-171.01,2022-09-08T03:13:00Z,58.03,-171,NA,89,55.5,23.9,189.37,NA,NA,NA,2022-09-08T02:39:00Z,57.99,57.99,NA,NA,NA,0,0,NA
2022,32,2022-09-08T03:13:00Z,20220308032,161979,Sockeye Salmon,Oncorhynchus nerka,IM,NA,1,669,400601,2,Bering Sea,58-171,S,"Can Trawl 400 headrope, 601 sidewalls",2022-09-08T02:43:00Z,57.99,-171.01,2022-09-08T03:13:00Z,58.03,-171,NA,89,55.5,23.9,189.37,23240,8755010205,NA,2022-09-08T02:39:00Z,57.99,57.99,NA,NA,NA,0,0,NA
2022,32,2022-09-08T03:13:00Z,20220308032,166365,Threespine stickleback,Gasterosteus aculeatus,U,NA,2,4,400601,2,Bering Sea,58-171,S,"Can Trawl 400 headrope, 601 sidewalls",2022-09-08T02:43:00Z,57.99,-171.01,2022-09-08T03:13:00Z,58.03,-171,NA,89,55.5,23.9,189.37,21752,8818010101,NA,2022-09-08T02:39:00Z,57.99,57.99,NA,NA,NA,0,0,NA
2022,32,2022-09-08T03:13:00Z,20220308032,167120,Atka Mackerel,Pleurogrammus monopterygius,U,NA,2,153,400601,2,Bering Sea,58-171,S,"Can Trawl 400 headrope, 601 sidewalls",2022-09-08T02:43:00Z,57.99,-171.01,2022-09-08T03:13:00Z,58.03,-171,NA,89,55.5,23.9,189.37,21921,8827010501,NA,2022-09-08T02:39:00Z,57.99,57.99,NA,NA,NA,0,0,NA
2022,32,2022-09-08T03:13:00Z,20220308032,934083,Pollock,Gadus chalcogrammus,U,NA,9863,11046.59,400601,2,Bering Sea,58-171,S,"Can Trawl 400 headrope, 601 sidewalls",2022-09-08T02:43:00Z,57.99,-171.01,2022-09-08T03:13:00Z,58.03,-171,NA,89,55.5,23.9,189.37,21740,8791030701,NA,2022-09-08T02:39:00Z,57.99,57.99,NA,NA,NA,0,0,NA
2022,32,2022-09-08T18:38:00Z,20220308032,50513,Staurophora mertensi,Staurophora mertensi,U,NA,0,179.26,NETS156,7,Bering Sea,58-171,O,NETS Pelagic Trawl,2022-09-08T18:38:00Z,58,-171,2022-09-08T18:38:00Z,58,-171,NA,88,15,10,218,NA,40562,NA,2022-09-08T18:29:00Z,57.99,57.99,NA,NA,NA,0,0,NA
2022,32,2022-09-08T18:38:00Z,20220308032,50623,Aequorea  sp.,Aequorea sp.,U,NA,398,93399.59,NETS156,7,Bering Sea,58-171,O,NETS Pelagic Trawl,2022-09-08T18:38:00Z,58,-171,2022-09-08T18:38:00Z,58,-171,NA,88,15,10,218,40506,NA,NA,2022-09-08T18:29:00Z,57.99,57.99,NA,NA,NA,0,0,NA
2022,32,2022-09-08T18:38:00Z,20220308032,51641,Northern Sea Nettle,Chrysaora melanaster,U,NA,134,101870.09,NETS156,7,Bering Sea,58-171,O,NETS Pelagic Trawl,2022-09-08T18:38:00Z,58,-171,2022-09-08T18:38:00Z,58,-171,NA,88,15,10,218,40504,NA,NA,2022-09-08T18:29:00Z,57.99,57.99,NA,NA,NA,0,0,NA
2022,32,2022-09-08T18:38:00Z,20220308032,51669,Cyanea sp.,Cyanea sp.,U,NA,4,8829.04,NETS156,7,Bering Sea,58-171,O,NETS Pelagic Trawl,2022-09-08T18:38:00Z,58,-171,2022-09-08T18:38:00Z,58,-171,NA,88,15,10,218,40560,NA,NA,2022-09-08T18:29:00Z,57.99,57.99,NA,NA,NA,0,0,NA
2022,32,2022-09-08T18:38:00Z,20220308032,51696,Phacellophora camtschatica,Phacellophora camtschatica,U,NA,4,492.99,NETS156,7,Bering Sea,58-171,O,NETS Pelagic Trawl,2022-09-08T18:38:00Z,58,-171,2022-09-08T18:38:00Z,58,-171,NA,88,15,10,218,NA,NA,NA,2022-09-08T18:29:00Z,57.99,57.99,NA,NA,NA,0,0,NA
2022,32,2022-09-08T18:38:00Z,20220308032,167120,Atka Mackerel,Pleurogrammus monopterygius,U,NA,1,55,NETS156,7,Bering Sea,58-171,O,NETS Pelagic Trawl,2022-09-08T18:38:00Z,58,-171,2022-09-08T18:38:00Z,58,-171,NA,88,15,10,218,21921,8827010501,NA,2022-09-08T18:29:00Z,57.99,57.99,NA,NA,NA,0,0,NA
2022,32,2022-09-08T18:38:00Z,20220308032,171659,Prowfish,Zaprora silenus,U,NA,1,14,NETS156,7,Bering Sea,58-171,O,NETS Pelagic Trawl,2022-09-08T18:38:00Z,58,-171,2022-09-08T18:38:00Z,58,-171,NA,88,15,10,218,24001,8842150101,NA,2022-09-08T18:29:00Z,57.99,57.99,NA,NA,NA,0,0,NA
2022,32,2022-09-08T18:38:00Z,20220308032,934083,Pollock,Gadus chalcogrammus,A1+,NA,41,19720,NETS156,7,Bering Sea,58-171,O,NETS Pelagic Trawl,2022-09-08T18:38:00Z,58,-171,2022-09-08T18:38:00Z,58,-171,NA,88,15,10,218,21740,8791030701,NA,2022-09-08T18:29:00Z,57.99,57.99,NA,NA,NA,0,0,NA
2022,32,2022-09-08T18:38:00Z,20220308032,934083,Pollock,Gadus chalcogrammus,U,NA,20280,24335.88,NETS156,7,Bering Sea,58-171,O,NETS Pelagic Trawl,2022-09-08T18:38:00Z,58,-171,2022-09-08T18:38:00Z,58,-171,NA,88,15,10,218,21740,8791030701,NA,2022-09-08T18:29:00Z,57.99,57.99,NA,NA,NA,0,0,NA
2022,32,2022-09-13T17:36:00Z,20220202032,50623,Aequorea  sp.,Aequorea sp.,U,NA,0,12610,400601,3,NA,NA,S,"Can Trawl 400 headrope, 601 sidewalls",2022-09-13T17:05:00Z,64.49,-169,2022-09-13T17:36:00Z,64.48,-168.93,NA,42,46.8,22.61,330,40506,NA,NA,NA,0,0,NA,NA,NA,0,0,NA
2022,32,2022-09-13T17:36:00Z,20220202032,51641,Northern Sea Nettle,Chrysaora melanaster,U,NA,0,165120,400601,3,NA,NA,S,"Can Trawl 400 headrope, 601 sidewalls",2022-09-13T17:05:00Z,64.49,-169,2022-09-13T17:36:00Z,64.48,-168.93,NA,42,46.8,22.61,330,40504,NA,NA,NA,0,0,NA,NA,NA,0,0,NA
2022,32,2022-09-13T17:36:00Z,20220202032,51696,Phacellophora camtschatica,Phacellophora camtschatica,U,NA,0,700,400601,3,NA,NA,S,"Can Trawl 400 headrope, 601 sidewalls",2022-09-13T17:05:00Z,64.49,-169,2022-09-13T17:36:00Z,64.48,-168.93,NA,42,46.8,22.61,330,NA,NA,NA,NA,0,0,NA,NA,NA,0,0,NA
2022,32,2022-09-13T17:36:00Z,20220202032,161975,Pink Salmon,Oncorhynchus gorbuscha,J,NA,9,507,400601,3,NA,NA,S,"Can Trawl 400 headrope, 601 sidewalls",2022-09-13T17:05:00Z,64.49,-169,2022-09-13T17:36:00Z,64.48,-168.93,NA,42,46.8,22.61,330,23230,8755010201,NA,NA,0,0,NA,NA,NA,0,0,NA
2022,32,2022-09-13T17:36:00Z,20220202032,161976,Chum Salmon,Oncorhynchus keta,IM,NA,2,5650,400601,3,NA,NA,S,"Can Trawl 400 headrope, 601 sidewalls",2022-09-13T17:05:00Z,64.49,-169,2022-09-13T17:36:00Z,64.48,-168.93,NA,42,46.8,22.61,330,23235,8755010202,NA,NA,0,0,NA,NA,NA,0,0,NA
2022,32,2022-09-13T17:36:00Z,20220202032,161976,Chum Salmon,Oncorhynchus keta,J,NA,3,100,400601,3,NA,NA,S,"Can Trawl 400 headrope, 601 sidewalls",2022-09-13T17:05:00Z,64.49,-169,2022-09-13T17:36:00Z,64.48,-168.93,NA,42,46.8,22.61,330,23235,8755010202,NA,NA,0,0,NA,NA,NA,0,0,NA
2022,32,2022-09-13T17:36:00Z,20220202032,161979,Sockeye Salmon,Oncorhynchus nerka,J,NA,16,1261,400601,3,NA,NA,S,"Can Trawl 400 headrope, 601 sidewalls",2022-09-13T17:05:00Z,64.49,-169,2022-09-13T17:36:00Z,64.48,-168.93,NA,42,46.8,22.61,330,23240,8755010205,NA,NA,0,0,NA,NA,NA,0,0,NA
2022,32,2022-09-13T17:36:00Z,20220202032,162035,Capelin,Mallotus villosus,U,NA,14,227,400601,3,NA,NA,S,"Can Trawl 400 headrope, 601 sidewalls",2022-09-13T17:05:00Z,64.49,-169,2022-09-13T17:36:00Z,64.48,-168.93,NA,42,46.8,22.61,330,23041,8755030201,NA,NA,0,0,NA,NA,NA,0,0,NA
2022,32,2022-09-13T17:36:00Z,20220202032,171672,Arctic Sand Lance,Ammodytes hexapterus,A0,NA,22,56,400601,3,NA,NA,S,"Can Trawl 400 headrope, 601 sidewalls",2022-09-13T17:05:00Z,64.49,-169,2022-09-13T17:36:00Z,64.48,-168.93,NA,42,46.8,22.61,330,20203,8845010101,NA,NA,0,0,NA,NA,NA,0,0,NA
2022,32,2022-09-13T17:36:00Z,20220202032,551209,Pacific Herring,Clupea pallasi,A1+,NA,4,576,400601,3,NA,NA,S,"Can Trawl 400 headrope, 601 sidewalls",2022-09-13T17:05:00Z,64.49,-169,2022-09-13T17:36:00Z,64.48,-168.93,NA,42,46.8,22.61,330,21110,8747010201,NA,NA,0,0,NA,NA,NA,0,0,NA
2022,32,2022-09-13T17:36:00Z,20220202032,622287,Arctic Lamprey,Lethenteron camtschaticum,U,NA,2,168,400601,3,NA,NA,S,"Can Trawl 400 headrope, 601 sidewalls",2022-09-13T17:05:00Z,64.49,-169,2022-09-13T17:36:00Z,64.48,-168.93,NA,42,46.8,22.61,330,NA,8603010201,NA,NA,0,0,NA,NA,NA,0,0,NA
2022,32,2022-09-13T17:36:00Z,20220202032,934083,Pollock,Gadus chalcogrammus,A0,NA,193.47,267,400601,3,NA,NA,S,"Can Trawl 400 headrope, 601 sidewalls",2022-09-13T17:05:00Z,64.49,-169,2022-09-13T17:36:00Z,64.48,-168.93,NA,42,46.8,22.61,330,21740,8791030701,NA,NA,0,0,NA,NA,NA,0,0,NA
2022,6,2022-08-21T03:35:00Z,20220308006,50513,Staurophora mertensi,Staurophora mertensi,U,NA,0,17438.5,NETS156,2,Bering Sea,57-163,O,NETS Pelagic Trawl,2022-08-21T03:35:00Z,57.03,-163.08,2022-08-21T03:35:00Z,57.03,-163.08,NA,63,15,8.5,130,NA,40562,NA,2022-08-21T03:30:00Z,57.03,57.03,NA,NA,NA,0,0,NA
2022,6,2022-08-21T03:35:00Z,20220308006,50623,Aequorea  sp.,Aequorea sp.,U,NA,0,232.04,NETS156,2,Bering Sea,57-163,O,NETS Pelagic Trawl,2022-08-21T03:35:00Z,57.03,-163.08,2022-08-21T03:35:00Z,57.03,-163.08,NA,63,15,8.5,130,40506,NA,NA,2022-08-21T03:30:00Z,57.03,57.03,NA,NA,NA,0,0,NA
2022,6,2022-08-21T03:35:00Z,20220308006,51641,Northern Sea Nettle,Chrysaora melanaster,U,NA,147,105615.46,NETS156,2,Bering Sea,57-163,O,NETS Pelagic Trawl,2022-08-21T03:35:00Z,57.03,-163.08,2022-08-21T03:35:00Z,57.03,-163.08,NA,63,15,8.5,130,40504,NA,NA,2022-08-21T03:30:00Z,57.03,57.03,NA,NA,NA,0,0,NA
2022,6,2022-08-21T03:35:00Z,20220308006,161979,Sockeye Salmon,Oncorhynchus nerka,J,NA,1,44,NETS156,2,Bering Sea,57-163,O,NETS Pelagic Trawl,2022-08-21T03:35:00Z,57.03,-163.08,2022-08-21T03:35:00Z,57.03,-163.08,NA,63,15,8.5,130,23240,8755010205,NA,2022-08-21T03:30:00Z,57.03,57.03,NA,NA,NA,0,0,NA
2022,6,2022-08-21T03:35:00Z,20220308006,162035,Capelin,Mallotus villosus,U,NA,19,172,NETS156,2,Bering Sea,57-163,O,NETS Pelagic Trawl,2022-08-21T03:35:00Z,57.03,-163.08,2022-08-21T03:35:00Z,57.03,-163.08,NA,63,15,8.5,130,23041,8755030201,NA,2022-08-21T03:30:00Z,57.03,57.03,NA,NA,NA,0,0,NA
2022,6,2022-08-21T03:35:00Z,20220308006,164711,Pacific Cod,Gadus macrocephalus,A0,NA,35,478.15,NETS156,2,Bering Sea,57-163,O,NETS Pelagic Trawl,2022-08-21T03:35:00Z,57.03,-163.08,2022-08-21T03:35:00Z,57.03,-163.08,NA,63,15,8.5,130,21720,8791030401,NA,2022-08-21T03:30:00Z,57.03,57.03,NA,NA,NA,0,0,NA
2022,6,2022-08-21T03:35:00Z,20220308006,171672,Arctic Sand Lance,Ammodytes hexapterus,U,NA,169,112.5,NETS156,2,Bering Sea,57-163,O,NETS Pelagic Trawl,2022-08-21T03:35:00Z,57.03,-163.08,2022-08-21T03:35:00Z,57.03,-163.08,NA,63,15,8.5,130,20203,8845010101,NA,2022-08-21T03:30:00Z,57.03,57.03,NA,NA,NA,0,0,NA
2022,6,2022-08-21T03:35:00Z,20220308006,172907,Yellowfin Sole,Limanda aspera,U,NA,2,1150,NETS156,2,Bering Sea,57-163,O,NETS Pelagic Trawl,2022-08-21T03:35:00Z,57.03,-163.08,2022-08-21T03:35:00Z,57.03,-163.08,NA,63,15,8.5,130,10210,8857041505,NA,2022-08-21T03:30:00Z,57.03,57.03,NA,NA,NA,0,0,NA
2022,6,2022-08-21T03:35:00Z,20220308006,556311,Long Fin Squid,Gonatus kamtschaticus,U,NA,1,24,NETS156,2,Bering Sea,57-163,O,NETS Pelagic Trawl,2022-08-21T03:35:00Z,57.03,-163.08,2022-08-21T03:35:00Z,57.03,-163.08,NA,63,15,8.5,130,79206,NA,NA,2022-08-21T03:30:00Z,57.03,57.03,NA,NA,NA,0,0,NA
2022,6,2022-08-21T03:35:00Z,20220308006,934083,Pollock,Gadus chalcogrammus,A1+,NA,3,450,NETS156,2,Bering Sea,57-163,O,NETS Pelagic Trawl,2022-08-21T03:35:00Z,57.03,-163.08,2022-08-21T03:35:00Z,57.03,-163.08,NA,63,15,8.5,130,21740,8791030701,NA,2022-08-21T03:30:00Z,57.03,57.03,NA,NA,NA,0,0,NA
2022,6,2022-08-21T03:35:00Z,20220308006,934083,Pollock,Gadus chalcogrammus,U,NA,31492,22044.23,NETS156,2,Bering Sea,57-163,O,NETS Pelagic Trawl,2022-08-21T03:35:00Z,57.03,-163.08,2022-08-21T03:35:00Z,57.03,-163.08,NA,63,15,8.5,130,21740,8791030701,NA,2022-08-21T03:30:00Z,57.03,57.03,NA,NA,NA,0,0,NA
2022,6,2022-08-21T18:07:00Z,20220308006,50513,Staurophora mertensi,Staurophora mertensi,U,NA,0,13380,400601,6,Bering Sea,57-163,S,"Can Trawl 400 headrope, 601 sidewalls",2022-08-21T17:37:00Z,56.98,-163.04,2022-08-21T18:07:00Z,56.95,-163.1,NA,62,55.5,21.21,204.85,NA,40562,NA,2022-08-21T17:31:00Z,56.98,56.98,NA,NA,NA,0,0,NA
2022,6,2022-08-21T18:07:00Z,20220308006,50623,Aequorea  sp.,Aequorea sp.,U,NA,0,19,400601,6,Bering Sea,57-163,S,"Can Trawl 400 headrope, 601 sidewalls",2022-08-21T17:37:00Z,56.98,-163.04,2022-08-21T18:07:00Z,56.95,-163.1,NA,62,55.5,21.21,204.85,40506,NA,NA,2022-08-21T17:31:00Z,56.98,56.98,NA,NA,NA,0,0,NA
2022,6,2022-08-21T18:07:00Z,20220308006,51641,Northern Sea Nettle,Chrysaora melanaster,U,NA,48,15790,400601,6,Bering Sea,57-163,S,"Can Trawl 400 headrope, 601 sidewalls",2022-08-21T17:37:00Z,56.98,-163.04,2022-08-21T18:07:00Z,56.95,-163.1,NA,62,55.5,21.21,204.85,40504,NA,NA,2022-08-21T17:31:00Z,56.98,56.98,NA,NA,NA,0,0,NA
2022,6,2022-08-21T18:07:00Z,20220308006,161975,Pink Salmon,Oncorhynchus gorbuscha,IM,NA,1,1730,400601,6,Bering Sea,57-163,S,"Can Trawl 400 headrope, 601 sidewalls",2022-08-21T17:37:00Z,56.98,-163.04,2022-08-21T18:07:00Z,56.95,-163.1,NA,62,55.5,21.21,204.85,23230,8755010201,NA,2022-08-21T17:31:00Z,56.98,56.98,NA,NA,NA,0,0,NA
2022,6,2022-08-21T18:07:00Z,20220308006,161979,Sockeye Salmon,Oncorhynchus nerka,IM,NA,1,2330,400601,6,Bering Sea,57-163,S,"Can Trawl 400 headrope, 601 sidewalls",2022-08-21T17:37:00Z,56.98,-163.04,2022-08-21T18:07:00Z,56.95,-163.1,NA,62,55.5,21.21,204.85,23240,8755010205,NA,2022-08-21T17:31:00Z,56.98,56.98,NA,NA,NA,0,0,NA
2022,6,2022-08-21T18:07:00Z,20220308006,161979,Sockeye Salmon,Oncorhynchus nerka,J,NA,216,9250,400601,6,Bering Sea,57-163,S,"Can Trawl 400 headrope, 601 sidewalls",2022-08-21T17:37:00Z,56.98,-163.04,2022-08-21T18:07:00Z,56.95,-163.1,NA,62,55.5,21.21,204.85,23240,8755010205,NA,2022-08-21T17:31:00Z,56.98,56.98,NA,NA,NA,0,0,NA
2022,6,2022-08-21T18:07:00Z,20220308006,164711,Pacific Cod,Gadus macrocephalus,A0,NA,52,209,400601,6,Bering Sea,57-163,S,"Can Trawl 400 headrope, 601 sidewalls",2022-08-21T17:37:00Z,56.98,-163.04,2022-08-21T18:07:00Z,56.95,-163.1,NA,62,55.5,21.21,204.85,21720,8791030401,NA,2022-08-21T17:31:00Z,56.98,56.98,NA,NA,NA,0,0,NA
2022,6,2022-08-21T18:07:00Z,20220308006,170919,Pacific Sandfish,Trichodon trichodon,U,NA,1,111,400601,6,Bering Sea,57-163,S,"Can Trawl 400 headrope, 601 sidewalls",2022-08-21T17:37:00Z,56.98,-163.04,2022-08-21T18:07:00Z,56.95,-163.1,NA,62,55.5,21.21,204.85,21592,8840010201,NA,2022-08-21T17:31:00Z,56.98,56.98,NA,NA,NA,0,0,NA
2022,6,2022-08-21T18:07:00Z,20220308006,172907,Yellowfin Sole,Limanda aspera,U,NA,2,820,400601,6,Bering Sea,57-163,S,"Can Trawl 400 headrope, 601 sidewalls",2022-08-21T17:37:00Z,56.98,-163.04,2022-08-21T18:07:00Z,56.95,-163.1,NA,62,55.5,21.21,204.85,10210,8857041505,NA,2022-08-21T17:31:00Z,56.98,56.98,NA,NA,NA,0,0,NA
2022,6,2022-08-21T18:07:00Z,20220308006,551209,Pacific Herring,Clupea pallasi,U,NA,1,88,400601,6,Bering Sea,57-163,S,"Can Trawl 400 headrope, 601 sidewalls",2022-08-21T17:37:00Z,56.98,-163.04,2022-08-21T18:07:00Z,56.95,-163.1,NA,62,55.5,21.21,204.85,21110,8747010201,NA,2022-08-21T17:31:00Z,56.98,56.98,NA,NA,NA,0,0,NA
2022,6,2022-08-21T18:07:00Z,20220308006,934083,Pollock,Gadus chalcogrammus,U,NA,1694,2236,400601,6,Bering Sea,57-163,S,"Can Trawl 400 headrope, 601 sidewalls",2022-08-21T17:37:00Z,56.98,-163.04,2022-08-21T18:07:00Z,56.95,-163.1,NA,62,55.5,21.21,204.85,21740,8791030701,NA,2022-08-21T17:31:00Z,56.98,56.98,NA,NA,NA,0,0,NA
2022,6,2022-09-03T23:42:00Z,20220202006,51641,Northern Sea Nettle,Chrysaora melanaster,U,NA,4,190,400601,3,NA,NA,S,"Can Trawl 400 headrope, 601 sidewalls",2022-09-03T23:12:00Z,60.5,-167.97,2022-09-03T23:42:00Z,60.51,-167.89,NA,30,50.21,20.98,330,40504,NA,NA,NA,0,0,NA,NA,NA,0,0,NA
2022,6,2022-09-03T23:42:00Z,20220202006,51671,Cyanea capillata,Cyanea capillata,U,NA,5,880,400601,3,NA,NA,S,"Can Trawl 400 headrope, 601 sidewalls",2022-09-03T23:12:00Z,60.5,-167.97,2022-09-03T23:42:00Z,60.51,-167.89,NA,30,50.21,20.98,330,40561,NA,NA,NA,0,0,NA,NA,NA,0,0,NA
2022,6,2022-09-03T23:42:00Z,20220202006,161975,Pink Salmon,Oncorhynchus gorbuscha,J,NA,6,325,400601,3,NA,NA,S,"Can Trawl 400 headrope, 601 sidewalls",2022-09-03T23:12:00Z,60.5,-167.97,2022-09-03T23:42:00Z,60.51,-167.89,NA,30,50.21,20.98,330,23230,8755010201,NA,NA,0,0,NA,NA,NA,0,0,NA
2022,6,2022-09-03T23:42:00Z,20220202006,161976,Chum Salmon,Oncorhynchus keta,J,NA,35,2162,400601,3,NA,NA,S,"Can Trawl 400 headrope, 601 sidewalls",2022-09-03T23:12:00Z,60.5,-167.97,2022-09-03T23:42:00Z,60.51,-167.89,NA,30,50.21,20.98,330,23235,8755010202,NA,NA,0,0,NA,NA,NA,0,0,NA
2022,6,2022-09-03T23:42:00Z,20220202006,162035,Capelin,Mallotus villosus,U,NA,115.42,416,400601,3,NA,NA,S,"Can Trawl 400 headrope, 601 sidewalls",2022-09-03T23:12:00Z,60.5,-167.97,2022-09-03T23:42:00Z,60.51,-167.89,NA,30,50.21,20.98,330,23041,8755030201,NA,NA,0,0,NA,NA,NA,0,0,NA
2022,6,2022-09-03T23:42:00Z,20220202006,166365,Threespine stickleback,Gasterosteus aculeatus,U,NA,2,8,400601,3,NA,NA,S,"Can Trawl 400 headrope, 601 sidewalls",2022-09-03T23:12:00Z,60.5,-167.97,2022-09-03T23:42:00Z,60.51,-167.89,NA,30,50.21,20.98,330,21752,8818010101,NA,NA,0,0,NA,NA,NA,0,0,NA
2022,6,2022-09-03T23:42:00Z,20220202006,171672,Arctic Sand Lance,Ammodytes hexapterus,A0,NA,1,2,400601,3,NA,NA,S,"Can Trawl 400 headrope, 601 sidewalls",2022-09-03T23:12:00Z,60.5,-167.97,2022-09-03T23:42:00Z,60.51,-167.89,NA,30,50.21,20.98,330,20203,8845010101,NA,NA,0,0,NA,NA,NA,0,0,NA
2022,6,2022-09-03T23:42:00Z,20220202006,172893,Starry Flounder,Platichthys stellatus,U,NA,1,650,400601,3,NA,NA,S,"Can Trawl 400 headrope, 601 sidewalls",2022-09-03T23:12:00Z,60.5,-167.97,2022-09-03T23:42:00Z,60.51,-167.89,NA,30,50.21,20.98,330,10220,8857041401,NA,NA,0,0,NA,NA,NA,0,0,NA
2022,6,2022-09-03T23:42:00Z,20220202006,172911,Longhead Dab,Limanda proboscidea,L,NA,2,1,400601,3,NA,NA,S,"Can Trawl 400 headrope, 601 sidewalls",2022-09-03T23:12:00Z,60.5,-167.97,2022-09-03T23:42:00Z,60.51,-167.89,NA,30,50.21,20.98,330,10211,8857041507,NA,NA,0,0,NA,NA,NA,0,0,NA
2022,6,2022-09-03T23:42:00Z,20220202006,172930,Greenland Halibut,Reinhardtius hippoglossoides,L,NA,2,2,400601,3,NA,NA,S,"Can Trawl 400 headrope, 601 sidewalls",2022-09-03T23:12:00Z,60.5,-167.97,2022-09-03T23:42:00Z,60.51,-167.89,NA,30,50.21,20.98,330,10115,8857041801,NA,NA,0,0,NA,NA,NA,0,0,NA
2022,6,2022-09-03T23:42:00Z,20220202006,551209,Pacific Herring,Clupea pallasi,A0,NA,5089.53,3851.5,400601,3,NA,NA,S,"Can Trawl 400 headrope, 601 sidewalls",2022-09-03T23:12:00Z,60.5,-167.97,2022-09-03T23:42:00Z,60.51,-167.89,NA,30,50.21,20.98,330,21110,8747010201,NA,NA,0,0,NA,NA,NA,0,0,NA
2022,6,2022-09-03T23:42:00Z,20220202006,551209,Pacific Herring,Clupea pallasi,A1+,NA,529.02,7547.5,400601,3,NA,NA,S,"Can Trawl 400 headrope, 601 sidewalls",2022-09-03T23:12:00Z,60.5,-167.97,2022-09-03T23:42:00Z,60.51,-167.89,NA,30,50.21,20.98,330,21110,8747010201,NA,NA,0,0,NA,NA,NA,0,0,NA
2022,6,2022-09-03T23:42:00Z,20220202006,622287,Arctic Lamprey,Lethenteron camtschaticum,U,NA,1,56,400601,3,NA,NA,S,"Can Trawl 400 headrope, 601 sidewalls",2022-09-03T23:12:00Z,60.5,-167.97,2022-09-03T23:42:00Z,60.51,-167.89,NA,30,50.21,20.98,330,NA,8603010201,NA,NA,0,0,NA,NA,NA,0,0,NA
2022,6,2022-09-03T23:42:00Z,20220202006,934083,Pollock,Gadus chalcogrammus,A0,NA,19,43,400601,3,NA,NA,S,"Can Trawl 400 headrope, 601 sidewalls",2022-09-03T23:12:00Z,60.5,-167.97,2022-09-03T23:42:00Z,60.51,-167.89,NA,30,50.21,20.98,330,21740,8791030701,NA,NA,0,0,NA,NA,NA,0,0,NA
2022,14,2022-09-06T17:37:00Z,20220202014,97110,Sevenspine bay shrimp,Crangon septemspinosa,U,NA,2,1,400601,3,NA,NA,S,"Can Trawl 400 headrope, 601 sidewalls",2022-09-06T17:06:00Z,61.5,-167.99,2022-09-06T17:37:00Z,61.52,-167.93,NA,29,51.29,20.6,330,NA,66548,NA,NA,0,0,NA,NA,NA,0,0,NA
2022,14,2022-09-06T17:37:00Z,20220202014,97113,Ridged crangon,Crangon dalli,U,NA,0,12,400601,3,NA,NA,S,"Can Trawl 400 headrope, 601 sidewalls",2022-09-06T17:06:00Z,61.5,-167.99,2022-09-06T17:37:00Z,61.52,-167.93,NA,29,51.29,20.6,330,66530,NA,NA,NA,0,0,NA,NA,NA,0,0,NA
2022,14,2022-09-06T17:37:00Z,20220202014,161979,Sockeye Salmon,Oncorhynchus nerka,IM,NA,1,2160,400601,3,NA,NA,S,"Can Trawl 400 headrope, 601 sidewalls",2022-09-06T17:06:00Z,61.5,-167.99,2022-09-06T17:37:00Z,61.52,-167.93,NA,29,51.29,20.6,330,23240,8755010205,NA,NA,0,0,NA,NA,NA,0,0,NA
2022,14,2022-09-06T17:37:00Z,20220202014,162035,Capelin,Mallotus villosus,U,NA,70,353,400601,3,NA,NA,S,"Can Trawl 400 headrope, 601 sidewalls",2022-09-06T17:06:00Z,61.5,-167.99,2022-09-06T17:37:00Z,61.52,-167.93,NA,29,51.29,20.6,330,23041,8755030201,NA,NA,0,0,NA,NA,NA,0,0,NA
2022,14,2022-09-06T17:37:00Z,20220202014,172893,Starry Flounder,Platichthys stellatus,U,NA,2,1020,400601,3,NA,NA,S,"Can Trawl 400 headrope, 601 sidewalls",2022-09-06T17:06:00Z,61.5,-167.99,2022-09-06T17:37:00Z,61.52,-167.93,NA,29,51.29,20.6,330,10220,8857041401,NA,NA,0,0,NA,NA,NA,0,0,NA
2022,14,2022-09-06T17:37:00Z,20220202014,172907,Yellowfin Sole,Limanda aspera,U,NA,3,120,400601,3,NA,NA,S,"Can Trawl 400 headrope, 601 sidewalls",2022-09-06T17:06:00Z,61.5,-167.99,2022-09-06T17:37:00Z,61.52,-167.93,NA,29,51.29,20.6,330,10210,8857041505,NA,NA,0,0,NA,NA,NA,0,0,NA
2022,14,2022-09-06T17:37:00Z,20220202014,172911,Longhead Dab,Limanda proboscidea,L,NA,7,1,400601,3,NA,NA,S,"Can Trawl 400 headrope, 601 sidewalls",2022-09-06T17:06:00Z,61.5,-167.99,2022-09-06T17:37:00Z,61.52,-167.93,NA,29,51.29,20.6,330,10211,8857041507,NA,NA,0,0,NA,NA,NA,0,0,NA
2022,14,2022-09-06T17:37:00Z,20220202014,551209,Pacific Herring,Clupea pallasi,A1+,NA,64.69,1937,400601,3,NA,NA,S,"Can Trawl 400 headrope, 601 sidewalls",2022-09-06T17:06:00Z,61.5,-167.99,2022-09-06T17:37:00Z,61.52,-167.93,NA,29,51.29,20.6,330,21110,8747010201,NA,NA,0,0,NA,NA,NA,0,0,NA
2022,14,2022-09-06T17:37:00Z,20220202014,934083,Pollock,Gadus chalcogrammus,A0,NA,301.36,195,400601,3,NA,NA,S,"Can Trawl 400 headrope, 601 sidewalls",2022-09-06T17:06:00Z,61.5,-167.99,2022-09-06T17:37:00Z,61.52,-167.93,NA,29,51.29,20.6,330,21740,8791030701,NA,NA,0,0,NA,NA,NA,0,0,NA
2022,14,2022-09-06T17:37:00Z,20220202014,934083,Pollock,Gadus chalcogrammus,A1+,NA,1,660,400601,3,NA,NA,S,"Can Trawl 400 headrope, 601 sidewalls",2022-09-06T17:06:00Z,61.5,-167.99,2022-09-06T17:37:00Z,61.52,-167.93,NA,29,51.29,20.6,330,21740,8791030701,NA,NA,0,0,NA,NA,NA,0,0,NA
2022,14,2022-08-24T03:28:00Z,20220308014,50513,Staurophora mertensi,Staurophora mertensi,U,NA,0,1698.71,NETS156,2,Bering Sea,57-165,O,NETS Pelagic Trawl,2022-08-24T03:28:00Z,57.02,-165.04,2022-08-24T03:28:00Z,57.02,-165.04,NA,71,15.4,7.9,230,NA,40562,NA,2022-08-24T03:21:00Z,57.02,57.02,NA,NA,NA,0,0,NA
2022,14,2022-08-24T03:28:00Z,20220308014,51641,Northern Sea Nettle,Chrysaora melanaster,U,NA,1033,748006.42,NETS156,2,Bering Sea,57-165,O,NETS Pelagic Trawl,2022-08-24T03:28:00Z,57.02,-165.04,2022-08-24T03:28:00Z,57.02,-165.04,NA,71,15.4,7.9,230,40504,NA,NA,2022-08-24T03:21:00Z,57.02,57.02,NA,NA,NA,0,0,NA
2022,14,2022-08-24T03:28:00Z,20220308014,164711,Pacific Cod,Gadus macrocephalus,A0,NA,200,613.82,NETS156,2,Bering Sea,57-165,O,NETS Pelagic Trawl,2022-08-24T03:28:00Z,57.02,-165.04,2022-08-24T03:28:00Z,57.02,-165.04,NA,71,15.4,7.9,230,21720,8791030401,NA,2022-08-24T03:21:00Z,57.02,57.02,NA,NA,NA,0,0,NA
2022,14,2022-08-24T03:28:00Z,20220308014,934083,Pollock,Gadus chalcogrammus,A1+,NA,4,2090,NETS156,2,Bering Sea,57-165,O,NETS Pelagic Trawl,2022-08-24T03:28:00Z,57.02,-165.04,2022-08-24T03:28:00Z,57.02,-165.04,NA,71,15.4,7.9,230,21740,8791030701,NA,2022-08-24T03:21:00Z,57.02,57.02,NA,NA,NA,0,0,NA
2022,14,2022-08-24T03:28:00Z,20220308014,934083,Pollock,Gadus chalcogrammus,U,NA,25754,16159.22,NETS156,2,Bering Sea,57-165,O,NETS Pelagic Trawl,2022-08-24T03:28:00Z,57.02,-165.04,2022-08-24T03:28:00Z,57.02,-165.04,NA,71,15.4,7.9,230,21740,8791030701,NA,2022-08-24T03:21:00Z,57.02,57.02,NA,NA,NA,0,0,NA
2022,14,2022-08-24T18:01:00Z,20220308014,50513,Staurophora mertensi,Staurophora mertensi,U,NA,0,2830,400601,6,Bering Sea,57-165,S,"Can Trawl 400 headrope, 601 sidewalls",2022-08-24T17:31:00Z,57.02,-164.95,2022-08-24T18:01:00Z,57.04,-164.91,NA,71,55.5,22.4,204.18,NA,40562,NA,2022-08-24T17:26:00Z,57.01,57.01,NA,NA,NA,0,0,NA
2022,14,2022-08-24T18:01:00Z,20220308014,50623,Aequorea  sp.,Aequorea sp.,U,NA,1,16,400601,6,Bering Sea,57-165,S,"Can Trawl 400 headrope, 601 sidewalls",2022-08-24T17:31:00Z,57.02,-164.95,2022-08-24T18:01:00Z,57.04,-164.91,NA,71,55.5,22.4,204.18,40506,NA,NA,2022-08-24T17:26:00Z,57.01,57.01,NA,NA,NA,0,0,NA
2022,14,2022-08-24T18:01:00Z,20220308014,51641,Northern Sea Nettle,Chrysaora melanaster,U,NA,173,51670,400601,6,Bering Sea,57-165,S,"Can Trawl 400 headrope, 601 sidewalls",2022-08-24T17:31:00Z,57.02,-164.95,2022-08-24T18:01:00Z,57.04,-164.91,NA,71,55.5,22.4,204.18,40504,NA,NA,2022-08-24T17:26:00Z,57.01,57.01,NA,NA,NA,0,0,NA
2022,14,2022-08-24T18:01:00Z,20220308014,51700,Aurelia sp.,Aurelia sp.,U,NA,1,19,400601,6,Bering Sea,57-165,S,"Can Trawl 400 headrope, 601 sidewalls",2022-08-24T17:31:00Z,57.02,-164.95,2022-08-24T18:01:00Z,57.04,-164.91,NA,71,55.5,22.4,204.18,40511,NA,NA,2022-08-24T17:26:00Z,57.01,57.01,NA,NA,NA,0,0,NA
2022,14,2022-08-24T18:01:00Z,20220308014,161976,Chum Salmon,Oncorhynchus keta,J,NA,3,176,400601,6,Bering Sea,57-165,S,"Can Trawl 400 headrope, 601 sidewalls",2022-08-24T17:31:00Z,57.02,-164.95,2022-08-24T18:01:00Z,57.04,-164.91,NA,71,55.5,22.4,204.18,23235,8755010202,NA,2022-08-24T17:26:00Z,57.01,57.01,NA,NA,NA,0,0,NA
2022,14,2022-08-24T18:01:00Z,20220308014,161979,Sockeye Salmon,Oncorhynchus nerka,J,NA,178,9090,400601,6,Bering Sea,57-165,S,"Can Trawl 400 headrope, 601 sidewalls",2022-08-24T17:31:00Z,57.02,-164.95,2022-08-24T18:01:00Z,57.04,-164.91,NA,71,55.5,22.4,204.18,23240,8755010205,NA,2022-08-24T17:26:00Z,57.01,57.01,NA,NA,NA,0,0,NA
2022,14,2022-08-24T18:01:00Z,20220308014,164711,Pacific Cod,Gadus macrocephalus,A0,NA,72,190,400601,6,Bering Sea,57-165,S,"Can Trawl 400 headrope, 601 sidewalls",2022-08-24T17:31:00Z,57.02,-164.95,2022-08-24T18:01:00Z,57.04,-164.91,NA,71,55.5,22.4,204.18,21720,8791030401,NA,2022-08-24T17:26:00Z,57.01,57.01,NA,NA,NA,0,0,NA
2022,14,2022-08-24T18:01:00Z,20220308014,171337,Bering Wolffish,Anarhichas orientalis,U,NA,2,155,400601,6,Bering Sea,57-165,S,"Can Trawl 400 headrope, 601 sidewalls",2022-08-24T17:31:00Z,57.02,-164.95,2022-08-24T18:01:00Z,57.04,-164.91,NA,71,55.5,22.4,204.18,20322,8842020101,NA,2022-08-24T17:26:00Z,57.01,57.01,NA,NA,NA,0,0,NA
2022,14,2022-08-24T18:01:00Z,20220308014,551209,Pacific Herring,Clupea pallasi,U,NA,2,167,400601,6,Bering Sea,57-165,S,"Can Trawl 400 headrope, 601 sidewalls",2022-08-24T17:31:00Z,57.02,-164.95,2022-08-24T18:01:00Z,57.04,-164.91,NA,71,55.5,22.4,204.18,21110,8747010201,NA,2022-08-24T17:26:00Z,57.01,57.01,NA,NA,NA,0,0,NA
2022,14,2022-08-24T18:01:00Z,20220308014,934083,Pollock,Gadus chalcogrammus,A1+,NA,1,61,400601,6,Bering Sea,57-165,S,"Can Trawl 400 headrope, 601 sidewalls",2022-08-24T17:31:00Z,57.02,-164.95,2022-08-24T18:01:00Z,57.04,-164.91,NA,71,55.5,22.4,204.18,21740,8791030701,NA,2022-08-24T17:26:00Z,57.01,57.01,NA,NA,NA,0,0,NA
2022,14,2022-08-24T18:01:00Z,20220308014,934083,Pollock,Gadus chalcogrammus,U,NA,4624,2682,400601,6,Bering Sea,57-165,S,"Can Trawl 400 headrope, 601 sidewalls",2022-08-24T17:31:00Z,57.02,-164.95,2022-08-24T18:01:00Z,57.04,-164.91,NA,71,55.5,22.4,204.18,21740,8791030701,NA,2022-08-24T17:26:00Z,57.01,57.01,NA,NA,NA,0,0,NA
2022,3,2022-08-19T19:04:00Z,20220308003,50513,Staurophora mertensi,Staurophora mertensi,U,NA,0,5782,400601,5,Bering Sea,56-163,S,"Can Trawl 400 headrope, 601 sidewalls",2022-08-19T18:34:00Z,55.98,-163,2022-08-19T19:04:00Z,55.94,-162.99,NA,84,55.5,25.22,204.85,NA,40562,NA,2022-08-19T18:26:00Z,55.99,55.99,NA,NA,NA,0,0,NA
2022,3,2022-08-19T19:04:00Z,20220308003,50623,Aequorea  sp.,Aequorea sp.,U,NA,0,6440,400601,5,Bering Sea,56-163,S,"Can Trawl 400 headrope, 601 sidewalls",2022-08-19T18:34:00Z,55.98,-163,2022-08-19T19:04:00Z,55.94,-162.99,NA,84,55.5,25.22,204.85,40506,NA,NA,2022-08-19T18:26:00Z,55.99,55.99,NA,NA,NA,0,0,NA
2022,3,2022-08-19T19:04:00Z,20220308003,51641,Northern Sea Nettle,Chrysaora melanaster,U,NA,223,92320,400601,5,Bering Sea,56-163,S,"Can Trawl 400 headrope, 601 sidewalls",2022-08-19T18:34:00Z,55.98,-163,2022-08-19T19:04:00Z,55.94,-162.99,NA,84,55.5,25.22,204.85,40504,NA,NA,2022-08-19T18:26:00Z,55.99,55.99,NA,NA,NA,0,0,NA
2022,3,2022-08-19T19:04:00Z,20220308003,51671,Cyanea capillata,Cyanea capillata,U,NA,13,3390,400601,5,Bering Sea,56-163,S,"Can Trawl 400 headrope, 601 sidewalls",2022-08-19T18:34:00Z,55.98,-163,2022-08-19T19:04:00Z,55.94,-162.99,NA,84,55.5,25.22,204.85,40561,NA,NA,2022-08-19T18:26:00Z,55.99,55.99,NA,NA,NA,0,0,NA
2022,3,2022-08-19T19:04:00Z,20220308003,51700,Aurelia sp.,Aurelia sp.,U,NA,1,224,400601,5,Bering Sea,56-163,S,"Can Trawl 400 headrope, 601 sidewalls",2022-08-19T18:34:00Z,55.98,-163,2022-08-19T19:04:00Z,55.94,-162.99,NA,84,55.5,25.22,204.85,40511,NA,NA,2022-08-19T18:26:00Z,55.99,55.99,NA,NA,NA,0,0,NA
2022,3,2022-08-19T19:04:00Z,20220308003,160851,Longnose skate,Raja rhina,U,NA,1,60000,400601,5,Bering Sea,56-163,S,"Can Trawl 400 headrope, 601 sidewalls",2022-08-19T18:34:00Z,55.98,-163,2022-08-19T19:04:00Z,55.94,-162.99,NA,84,55.5,25.22,204.85,NA,440,NA,2022-08-19T18:26:00Z,55.99,55.99,NA,NA,NA,0,0,NA
2022,3,2022-08-19T19:04:00Z,20220308003,161975,Pink Salmon,Oncorhynchus gorbuscha,J,NA,1,10,400601,5,Bering Sea,56-163,S,"Can Trawl 400 headrope, 601 sidewalls",2022-08-19T18:34:00Z,55.98,-163,2022-08-19T19:04:00Z,55.94,-162.99,NA,84,55.5,25.22,204.85,23230,8755010201,NA,2022-08-19T18:26:00Z,55.99,55.99,NA,NA,NA,0,0,NA
2022,3,2022-08-19T19:04:00Z,20220308003,161976,Chum Salmon,Oncorhynchus keta,J,NA,27,814,400601,5,Bering Sea,56-163,S,"Can Trawl 400 headrope, 601 sidewalls",2022-08-19T18:34:00Z,55.98,-163,2022-08-19T19:04:00Z,55.94,-162.99,NA,84,55.5,25.22,204.85,23235,8755010202,NA,2022-08-19T18:26:00Z,55.99,55.99,NA,NA,NA,0,0,NA
2022,3,2022-08-19T19:04:00Z,20220308003,161979,Sockeye Salmon,Oncorhynchus nerka,J,NA,123,2883,400601,5,Bering Sea,56-163,S,"Can Trawl 400 headrope, 601 sidewalls",2022-08-19T18:34:00Z,55.98,-163,2022-08-19T19:04:00Z,55.94,-162.99,NA,84,55.5,25.22,204.85,23240,8755010205,NA,2022-08-19T18:26:00Z,55.99,55.99,NA,NA,NA,0,0,NA
2022,3,2022-08-19T19:04:00Z,20220308003,164711,Pacific Cod,Gadus macrocephalus,A0,NA,351,713,400601,5,Bering Sea,56-163,S,"Can Trawl 400 headrope, 601 sidewalls",2022-08-19T18:34:00Z,55.98,-163,2022-08-19T19:04:00Z,55.94,-162.99,NA,84,55.5,25.22,204.85,21720,8791030401,NA,2022-08-19T18:26:00Z,55.99,55.99,NA,NA,NA,0,0,NA
2022,3,2022-08-19T19:04:00Z,20220308003,167220,Crested Sculpin,Blepsias bilobus,U,NA,1,20,400601,5,Bering Sea,56-163,S,"Can Trawl 400 headrope, 601 sidewalls",2022-08-19T18:34:00Z,55.98,-163,2022-08-19T19:04:00Z,55.94,-162.99,NA,84,55.5,25.22,204.85,21397,8831020601,NA,2022-08-19T18:26:00Z,55.99,55.99,NA,NA,NA,0,0,NA
2022,3,2022-08-19T19:04:00Z,20220308003,170919,Pacific Sandfish,Trichodon trichodon,U,NA,6,540,400601,5,Bering Sea,56-163,S,"Can Trawl 400 headrope, 601 sidewalls",2022-08-19T18:34:00Z,55.98,-163,2022-08-19T19:04:00Z,55.94,-162.99,NA,84,55.5,25.22,204.85,21592,8840010201,NA,2022-08-19T18:26:00Z,55.99,55.99,NA,NA,NA,0,0,NA
2022,3,2022-08-19T19:04:00Z,20220308003,171659,Prowfish,Zaprora silenus,U,NA,3,11,400601,5,Bering Sea,56-163,S,"Can Trawl 400 headrope, 601 sidewalls",2022-08-19T18:34:00Z,55.98,-163,2022-08-19T19:04:00Z,55.94,-162.99,NA,84,55.5,25.22,204.85,24001,8842150101,NA,2022-08-19T18:26:00Z,55.99,55.99,NA,NA,NA,0,0,NA
2022,3,2022-08-19T19:04:00Z,20220308003,556311,Long Fin Squid,Gonatus kamtschaticus,U,NA,1,7,400601,5,Bering Sea,56-163,S,"Can Trawl 400 headrope, 601 sidewalls",2022-08-19T18:34:00Z,55.98,-163,2022-08-19T19:04:00Z,55.94,-162.99,NA,84,55.5,25.22,204.85,79206,NA,NA,2022-08-19T18:26:00Z,55.99,55.99,NA,NA,NA,0,0,NA
2022,3,2022-08-19T19:04:00Z,20220308003,934083,Pollock,Gadus chalcogrammus,U,NA,21620,19170,400601,5,Bering Sea,56-163,S,"Can Trawl 400 headrope, 601 sidewalls",2022-08-19T18:34:00Z,55.98,-163,2022-08-19T19:04:00Z,55.94,-162.99,NA,84,55.5,25.22,204.85,21740,8791030701,NA,2022-08-19T18:26:00Z,55.99,55.99,NA,NA,NA,0,0,NA
2022,3,2022-08-19T23:29:00Z,20220308003,50513,Staurophora mertensi,Staurophora mertensi,U,NA,0,40446.29,NETS156,6,Bering Sea,56-163,O,NETS Pelagic Trawl,2022-08-19T23:29:00Z,55.96,-162.99,2022-08-19T23:29:00Z,55.96,-162.99,NA,86,18.2,12.1,150,NA,40562,NA,2022-08-19T23:26:00Z,55.96,55.96,NA,NA,NA,0,0,NA
2022,3,2022-08-19T23:29:00Z,20220308003,50623,Aequorea  sp.,Aequorea sp.,U,NA,0,579.68,NETS156,6,Bering Sea,56-163,O,NETS Pelagic Trawl,2022-08-19T23:29:00Z,55.96,-162.99,2022-08-19T23:29:00Z,55.96,-162.99,NA,86,18.2,12.1,150,40506,NA,NA,2022-08-19T23:26:00Z,55.96,55.96,NA,NA,NA,0,0,NA
2022,3,2022-08-19T23:29:00Z,20220308003,51641,Northern Sea Nettle,Chrysaora melanaster,U,NA,467,716439.52,NETS156,6,Bering Sea,56-163,O,NETS Pelagic Trawl,2022-08-19T23:29:00Z,55.96,-162.99,2022-08-19T23:29:00Z,55.96,-162.99,NA,86,18.2,12.1,150,40504,NA,NA,2022-08-19T23:26:00Z,55.96,55.96,NA,NA,NA,0,0,NA
2022,3,2022-08-19T23:29:00Z,20220308003,51671,Cyanea capillata,Cyanea capillata,U,NA,53,17785.82,NETS156,6,Bering Sea,56-163,O,NETS Pelagic Trawl,2022-08-19T23:29:00Z,55.96,-162.99,2022-08-19T23:29:00Z,55.96,-162.99,NA,86,18.2,12.1,150,40561,NA,NA,2022-08-19T23:26:00Z,55.96,55.96,NA,NA,NA,0,0,NA
2022,3,2022-08-19T23:29:00Z,20220308003,161976,Chum Salmon,Oncorhynchus keta,J,NA,1,40,NETS156,6,Bering Sea,56-163,O,NETS Pelagic Trawl,2022-08-19T23:29:00Z,55.96,-162.99,2022-08-19T23:29:00Z,55.96,-162.99,NA,86,18.2,12.1,150,23235,8755010202,NA,2022-08-19T23:26:00Z,55.96,55.96,NA,NA,NA,0,0,NA
2022,3,2022-08-19T23:29:00Z,20220308003,161979,Sockeye Salmon,Oncorhynchus nerka,J,NA,2,35,NETS156,6,Bering Sea,56-163,O,NETS Pelagic Trawl,2022-08-19T23:29:00Z,55.96,-162.99,2022-08-19T23:29:00Z,55.96,-162.99,NA,86,18.2,12.1,150,23240,8755010205,NA,2022-08-19T23:26:00Z,55.96,55.96,NA,NA,NA,0,0,NA
2022,3,2022-08-19T23:29:00Z,20220308003,164711,Pacific Cod,Gadus macrocephalus,A0,NA,66,276.66,NETS156,6,Bering Sea,56-163,O,NETS Pelagic Trawl,2022-08-19T23:29:00Z,55.96,-162.99,2022-08-19T23:29:00Z,55.96,-162.99,NA,86,18.2,12.1,150,21720,8791030401,NA,2022-08-19T23:26:00Z,55.96,55.96,NA,NA,NA,0,0,NA
2022,3,2022-08-19T23:29:00Z,20220308003,171659,Prowfish,Zaprora silenus,U,NA,1,37,NETS156,6,Bering Sea,56-163,O,NETS Pelagic Trawl,2022-08-19T23:29:00Z,55.96,-162.99,2022-08-19T23:29:00Z,55.96,-162.99,NA,86,18.2,12.1,150,24001,8842150101,NA,2022-08-19T23:26:00Z,55.96,55.96,NA,NA,NA,0,0,NA
2022,3,2022-08-19T23:29:00Z,20220308003,934083,Pollock,Gadus chalcogrammus,A1+,NA,2,525,NETS156,6,Bering Sea,56-163,O,NETS Pelagic Trawl,2022-08-19T23:29:00Z,55.96,-162.99,2022-08-19T23:29:00Z,55.96,-162.99,NA,86,18.2,12.1,150,21740,8791030701,NA,2022-08-19T23:26:00Z,55.96,55.96,NA,NA,NA,0,0,NA
2022,3,2022-08-19T23:29:00Z,20220308003,934083,Pollock,Gadus chalcogrammus,U,NA,54968,49470.95,NETS156,6,Bering Sea,56-163,O,NETS Pelagic Trawl,2022-08-19T23:29:00Z,55.96,-162.99,2022-08-19T23:29:00Z,55.96,-162.99,NA,86,18.2,12.1,150,21740,8791030701,NA,2022-08-19T23:26:00Z,55.96,55.96,NA,NA,NA,0,0,NA
2022,3,2022-09-02T18:06:00Z,20220202003,51641,Northern Sea Nettle,Chrysaora melanaster,U,NA,0,5450,400601,3,NA,NA,S,"Can Trawl 400 headrope, 601 sidewalls",2022-09-02T17:35:00Z,60.02,-170.06,2022-09-02T18:06:00Z,60.06,-170.08,NA,55,48.99,26.05,330,40504,NA,NA,NA,0,0,NA,NA,NA,0,0,NA
2022,3,2022-09-02T18:06:00Z,20220202003,161976,Chum Salmon,Oncorhynchus keta,J,NA,1,60,400601,3,NA,NA,S,"Can Trawl 400 headrope, 601 sidewalls",2022-09-02T17:35:00Z,60.02,-170.06,2022-09-02T18:06:00Z,60.06,-170.08,NA,55,48.99,26.05,330,23235,8755010202,NA,NA,0,0,NA,NA,NA,0,0,NA
2022,3,2022-09-02T18:06:00Z,20220202003,161979,Sockeye Salmon,Oncorhynchus nerka,J,NA,1,102,400601,3,NA,NA,S,"Can Trawl 400 headrope, 601 sidewalls",2022-09-02T17:35:00Z,60.02,-170.06,2022-09-02T18:06:00Z,60.06,-170.08,NA,55,48.99,26.05,330,23240,8755010205,NA,NA,0,0,NA,NA,NA,0,0,NA
2022,3,2022-09-02T18:06:00Z,20220202003,164711,Pacific Cod,Gadus macrocephalus,A0,NA,2,9,400601,3,NA,NA,S,"Can Trawl 400 headrope, 601 sidewalls",2022-09-02T17:35:00Z,60.02,-170.06,2022-09-02T18:06:00Z,60.06,-170.08,NA,55,48.99,26.05,330,21720,8791030401,NA,NA,0,0,NA,NA,NA,0,0,NA
2022,3,2022-09-02T18:06:00Z,20220202003,934083,Pollock,Gadus chalcogrammus,A0,NA,2651.29,4102,400601,3,NA,NA,S,"Can Trawl 400 headrope, 601 sidewalls",2022-09-02T17:35:00Z,60.02,-170.06,2022-09-02T18:06:00Z,60.06,-170.08,NA,55,48.99,26.05,330,21740,8791030701,NA,NA,0,0,NA,NA,NA,0,0,NA
2022,3,2022-09-02T18:06:00Z,20220202003,934083,Pollock,Gadus chalcogrammus,A1+,NA,635.37,19580,400601,3,NA,NA,S,"Can Trawl 400 headrope, 601 sidewalls",2022-09-02T17:35:00Z,60.02,-170.06,2022-09-02T18:06:00Z,60.06,-170.08,NA,55,48.99,26.05,330,21740,8791030701,NA,NA,0,0,NA,NA,NA,0,0,NA
2022,11,2022-09-05T17:32:00Z,20220202011,172930,Greenland Halibut,Reinhardtius hippoglossoides,L,NA,1,1,400601,3,NA,NA,S,"Can Trawl 400 headrope, 601 sidewalls",2022-09-05T17:02:00Z,61,-169.99,2022-09-05T17:32:00Z,61.03,-169.98,NA,47,51.08,22.21,330,10115,8857041801,NA,NA,0,0,NA,NA,NA,0,0,NA
2022,11,2022-09-05T17:32:00Z,20220202011,934083,Pollock,Gadus chalcogrammus,A0,NA,4015.55,1390,400601,3,NA,NA,S,"Can Trawl 400 headrope, 601 sidewalls",2022-09-05T17:02:00Z,61,-169.99,2022-09-05T17:32:00Z,61.03,-169.98,NA,47,51.08,22.21,330,21740,8791030701,NA,NA,0,0,NA,NA,NA,0,0,NA
2022,11,2022-08-23T18:50:00Z,20220308011,50623,Aequorea  sp.,Aequorea sp.,U,NA,0,530,400601,5,Bering Sea,56.5-166,S,"Can Trawl 400 headrope, 601 sidewalls",2022-08-23T18:20:00Z,56.48,-165.99,2022-08-23T18:50:00Z,56.51,-166.02,NA,87,55.5,23.73,191.42,40506,NA,NA,2022-08-23T18:15:00Z,56.48,56.48,NA,NA,NA,0,0,NA
2022,11,2022-08-23T18:50:00Z,20220308011,51641,Northern Sea Nettle,Chrysaora melanaster,U,NA,73,54930,400601,5,Bering Sea,56.5-166,S,"Can Trawl 400 headrope, 601 sidewalls",2022-08-23T18:20:00Z,56.48,-165.99,2022-08-23T18:50:00Z,56.51,-166.02,NA,87,55.5,23.73,191.42,40504,NA,NA,2022-08-23T18:15:00Z,56.48,56.48,NA,NA,NA,0,0,NA
2022,11,2022-08-23T18:50:00Z,20220308011,51671,Cyanea capillata,Cyanea capillata,U,NA,4,884,400601,5,Bering Sea,56.5-166,S,"Can Trawl 400 headrope, 601 sidewalls",2022-08-23T18:20:00Z,56.48,-165.99,2022-08-23T18:50:00Z,56.51,-166.02,NA,87,55.5,23.73,191.42,40561,NA,NA,2022-08-23T18:15:00Z,56.48,56.48,NA,NA,NA,0,0,NA
2022,11,2022-08-23T18:50:00Z,20220308011,161976,Chum Salmon,Oncorhynchus keta,IM,NA,1,2580,400601,5,Bering Sea,56.5-166,S,"Can Trawl 400 headrope, 601 sidewalls",2022-08-23T18:20:00Z,56.48,-165.99,2022-08-23T18:50:00Z,56.51,-166.02,NA,87,55.5,23.73,191.42,23235,8755010202,NA,2022-08-23T18:15:00Z,56.48,56.48,NA,NA,NA,0,0,NA
2022,11,2022-08-23T18:50:00Z,20220308011,161976,Chum Salmon,Oncorhynchus keta,J,NA,1,102,400601,5,Bering Sea,56.5-166,S,"Can Trawl 400 headrope, 601 sidewalls",2022-08-23T18:20:00Z,56.48,-165.99,2022-08-23T18:50:00Z,56.51,-166.02,NA,87,55.5,23.73,191.42,23235,8755010202,NA,2022-08-23T18:15:00Z,56.48,56.48,NA,NA,NA,0,0,NA
2022,11,2022-08-23T18:50:00Z,20220308011,161979,Sockeye Salmon,Oncorhynchus nerka,J,NA,371,37810,400601,5,Bering Sea,56.5-166,S,"Can Trawl 400 headrope, 601 sidewalls",2022-08-23T18:20:00Z,56.48,-165.99,2022-08-23T18:50:00Z,56.51,-166.02,NA,87,55.5,23.73,191.42,23240,8755010205,NA,2022-08-23T18:15:00Z,56.48,56.48,NA,NA,NA,0,0,NA
2022,11,2022-08-23T18:50:00Z,20220308011,164711,Pacific Cod,Gadus macrocephalus,A0,NA,7,13,400601,5,Bering Sea,56.5-166,S,"Can Trawl 400 headrope, 601 sidewalls",2022-08-23T18:20:00Z,56.48,-165.99,2022-08-23T18:50:00Z,56.51,-166.02,NA,87,55.5,23.73,191.42,21720,8791030401,NA,2022-08-23T18:15:00Z,56.48,56.48,NA,NA,NA,0,0,NA
2022,11,2022-08-23T18:50:00Z,20220308011,551209,Pacific Herring,Clupea pallasi,U,NA,8,940,400601,5,Bering Sea,56.5-166,S,"Can Trawl 400 headrope, 601 sidewalls",2022-08-23T18:20:00Z,56.48,-165.99,2022-08-23T18:50:00Z,56.51,-166.02,NA,87,55.5,23.73,191.42,21110,8747010201,NA,2022-08-23T18:15:00Z,56.48,56.48,NA,NA,NA,0,0,NA
2022,11,2022-08-23T18:50:00Z,20220308011,556311,Long Fin Squid,Gonatus kamtschaticus,U,NA,7,131,400601,5,Bering Sea,56.5-166,S,"Can Trawl 400 headrope, 601 sidewalls",2022-08-23T18:20:00Z,56.48,-165.99,2022-08-23T18:50:00Z,56.51,-166.02,NA,87,55.5,23.73,191.42,79206,NA,NA,2022-08-23T18:15:00Z,56.48,56.48,NA,NA,NA,0,0,NA
2022,11,2022-08-23T18:50:00Z,20220308011,934083,Pollock,Gadus chalcogrammus,U,NA,2659,1223,400601,5,Bering Sea,56.5-166,S,"Can Trawl 400 headrope, 601 sidewalls",2022-08-23T18:20:00Z,56.48,-165.99,2022-08-23T18:50:00Z,56.51,-166.02,NA,87,55.5,23.73,191.42,21740,8791030701,NA,2022-08-23T18:15:00Z,56.48,56.48,NA,NA,NA,0,0,NA
2022,11,2022-08-23T20:23:00Z,20220308011,51641,Northern Sea Nettle,Chrysaora melanaster,U,NA,1146,877975.15,NETS156,6,Bering Sea,56.5-166,O,NETS Pelagic Trawl,2022-08-23T20:22:00Z,56.51,-165.98,2022-08-23T20:23:00Z,56.51,-165.98,NA,87,NA,NA,NA,40504,NA,NA,2022-08-23T20:11:00Z,56.5,56.5,NA,NA,NA,0,0,NA
2022,11,2022-08-23T20:23:00Z,20220308011,161979,Sockeye Salmon,Oncorhynchus nerka,J,NA,959,97264.82,NETS156,6,Bering Sea,56.5-166,O,NETS Pelagic Trawl,2022-08-23T20:22:00Z,56.51,-165.98,2022-08-23T20:23:00Z,56.51,-165.98,NA,87,NA,NA,NA,23240,8755010205,NA,2022-08-23T20:11:00Z,56.5,56.5,NA,NA,NA,0,0,NA
2022,11,2022-08-23T20:23:00Z,20220308011,164711,Pacific Cod,Gadus macrocephalus,A0,NA,61,213.43,NETS156,6,Bering Sea,56.5-166,O,NETS Pelagic Trawl,2022-08-23T20:22:00Z,56.51,-165.98,2022-08-23T20:23:00Z,56.51,-165.98,NA,87,NA,NA,NA,21720,8791030401,NA,2022-08-23T20:11:00Z,56.5,56.5,NA,NA,NA,0,0,NA
2022,11,2022-08-23T20:23:00Z,20220308011,171672,Arctic Sand Lance,Ammodytes hexapterus,U,NA,15,15.24,NETS156,6,Bering Sea,56.5-166,O,NETS Pelagic Trawl,2022-08-23T20:22:00Z,56.51,-165.98,2022-08-23T20:23:00Z,56.51,-165.98,NA,87,NA,NA,NA,20203,8845010101,NA,2022-08-23T20:11:00Z,56.5,56.5,NA,NA,NA,0,0,NA
2022,11,2022-08-23T20:23:00Z,20220308011,551209,Pacific Herring,Clupea pallasi,U,NA,15,1646.48,NETS156,6,Bering Sea,56.5-166,O,NETS Pelagic Trawl,2022-08-23T20:22:00Z,56.51,-165.98,2022-08-23T20:23:00Z,56.51,-165.98,NA,87,NA,NA,NA,21110,8747010201,NA,2022-08-23T20:11:00Z,56.5,56.5,NA,NA,NA,0,0,NA
2022,11,2022-08-23T20:23:00Z,20220308011,934083,Pollock,Gadus chalcogrammus,A1+,NA,290,145897.24,NETS156,6,Bering Sea,56.5-166,O,NETS Pelagic Trawl,2022-08-23T20:22:00Z,56.51,-165.98,2022-08-23T20:23:00Z,56.51,-165.98,NA,87,NA,NA,NA,21740,8791030701,NA,2022-08-23T20:11:00Z,56.5,56.5,NA,NA,NA,0,0,NA
2022,11,2022-08-23T20:23:00Z,20220308011,934083,Pollock,Gadus chalcogrammus,U,NA,27930,20520.13,NETS156,6,Bering Sea,56.5-166,O,NETS Pelagic Trawl,2022-08-23T20:22:00Z,56.51,-165.98,2022-08-23T20:23:00Z,56.51,-165.98,NA,87,NA,NA,NA,21740,8791030701,NA,2022-08-23T20:11:00Z,56.5,56.5,NA,NA,NA,0,0,NA
2022,11,2022-09-05T17:32:00Z,20220202011,51641,Northern Sea Nettle,Chrysaora melanaster,U,NA,8,4380,400601,3,NA,NA,S,"Can Trawl 400 headrope, 601 sidewalls",2022-09-05T17:02:00Z,61,-169.99,2022-09-05T17:32:00Z,61.03,-169.98,NA,47,51.08,22.21,330,40504,NA,NA,NA,0,0,NA,NA,NA,0,0,NA
2022,11,2022-09-05T17:32:00Z,20220202011,161976,Chum Salmon,Oncorhynchus keta,IM,NA,3,16300,400601,3,NA,NA,S,"Can Trawl 400 headrope, 601 sidewalls",2022-09-05T17:02:00Z,61,-169.99,2022-09-05T17:32:00Z,61.03,-169.98,NA,47,51.08,22.21,330,23235,8755010202,NA,NA,0,0,NA,NA,NA,0,0,NA
2022,11,2022-09-05T17:32:00Z,20220202011,162035,Capelin,Mallotus villosus,U,NA,8,35,400601,3,NA,NA,S,"Can Trawl 400 headrope, 601 sidewalls",2022-09-05T17:02:00Z,61,-169.99,2022-09-05T17:32:00Z,61.03,-169.98,NA,47,51.08,22.21,330,23041,8755030201,NA,NA,0,0,NA,NA,NA,0,0,NA
2022,8,2022-08-21T23:48:00Z,20220308008,50623,Aequorea  sp.,Aequorea sp.,U,NA,0,3474.72,NETS156,2,Bering Sea,56.5-164,O,NETS Pelagic Trawl,2022-08-21T23:48:00Z,56.55,-164,2022-08-21T23:48:00Z,56.55,-164,NA,80,16.2,6.8,230,40506,NA,NA,2022-08-21T23:37:00Z,56.54,56.54,NA,NA,NA,0,0,NA
2022,8,2022-08-21T23:48:00Z,20220308008,51641,Northern Sea Nettle,Chrysaora melanaster,U,NA,1408,933769.73,NETS156,2,Bering Sea,56.5-164,O,NETS Pelagic Trawl,2022-08-21T23:48:00Z,56.55,-164,2022-08-21T23:48:00Z,56.55,-164,NA,80,16.2,6.8,230,40504,NA,NA,2022-08-21T23:37:00Z,56.54,56.54,NA,NA,NA,0,0,NA
2022,8,2022-08-21T23:48:00Z,20220308008,51671,Cyanea capillata,Cyanea capillata,U,NA,1,8080,NETS156,2,Bering Sea,56.5-164,O,NETS Pelagic Trawl,2022-08-21T23:48:00Z,56.55,-164,2022-08-21T23:48:00Z,56.55,-164,NA,80,16.2,6.8,230,40561,NA,NA,2022-08-21T23:37:00Z,56.54,56.54,NA,NA,NA,0,0,NA
2022,8,2022-08-21T23:48:00Z,20220308008,82326,"Squid, unident.",Cephalopoda,U,NA,1,17,NETS156,2,Bering Sea,56.5-164,O,NETS Pelagic Trawl,2022-08-21T23:48:00Z,56.55,-164,2022-08-21T23:48:00Z,56.55,-164,NA,80,16.2,6.8,230,78000,5700000000,NA,2022-08-21T23:37:00Z,56.54,56.54,NA,NA,NA,0,0,NA
2022,8,2022-08-21T23:48:00Z,20220308008,164711,Pacific Cod,Gadus macrocephalus,A0,NA,178,457.64,NETS156,2,Bering Sea,56.5-164,O,NETS Pelagic Trawl,2022-08-21T23:48:00Z,56.55,-164,2022-08-21T23:48:00Z,56.55,-164,NA,80,16.2,6.8,230,21720,8791030401,NA,2022-08-21T23:37:00Z,56.54,56.54,NA,NA,NA,0,0,NA
2022,8,2022-08-21T23:48:00Z,20220308008,171672,Arctic Sand Lance,Ammodytes hexapterus,U,NA,17,16.94,NETS156,2,Bering Sea,56.5-164,O,NETS Pelagic Trawl,2022-08-21T23:48:00Z,56.55,-164,2022-08-21T23:48:00Z,56.55,-164,NA,80,16.2,6.8,230,20203,8845010101,NA,2022-08-21T23:37:00Z,56.54,56.54,NA,NA,NA,0,0,NA
2022,8,2022-08-21T23:48:00Z,20220308008,934083,Pollock,Gadus chalcogrammus,A1+,NA,23,11467,NETS156,2,Bering Sea,56.5-164,O,NETS Pelagic Trawl,2022-08-21T23:48:00Z,56.55,-164,2022-08-21T23:48:00Z,56.55,-164,NA,80,16.2,6.8,230,21740,8791030701,NA,2022-08-21T23:37:00Z,56.54,56.54,NA,NA,NA,0,0,NA
2022,8,2022-08-21T23:48:00Z,20220308008,934083,Pollock,Gadus chalcogrammus,U,NA,13390,13390.41,NETS156,2,Bering Sea,56.5-164,O,NETS Pelagic Trawl,2022-08-21T23:48:00Z,56.55,-164,2022-08-21T23:48:00Z,56.55,-164,NA,80,16.2,6.8,230,21740,8791030701,NA,2022-08-21T23:37:00Z,56.54,56.54,NA,NA,NA,0,0,NA
2022,8,2022-08-22T01:52:00Z,20220308008,50623,Aequorea  sp.,Aequorea sp.,U,NA,0,5920,400601,3,Bering Sea,56.5-164,S,"Can Trawl 400 headrope, 601 sidewalls",2022-08-22T01:22:00Z,56.57,-164.01,2022-08-22T01:52:00Z,56.6,-164.03,NA,79,55.5,23.97,180,40506,NA,NA,2022-08-22T01:22:00Z,56.57,56.57,NA,NA,NA,0,0,NA
2022,8,2022-08-22T01:52:00Z,20220308008,51641,Northern Sea Nettle,Chrysaora melanaster,U,NA,51,31870,400601,3,Bering Sea,56.5-164,S,"Can Trawl 400 headrope, 601 sidewalls",2022-08-22T01:22:00Z,56.57,-164.01,2022-08-22T01:52:00Z,56.6,-164.03,NA,79,55.5,23.97,180,40504,NA,NA,2022-08-22T01:22:00Z,56.57,56.57,NA,NA,NA,0,0,NA
2022,8,2022-08-22T01:52:00Z,20220308008,161975,Pink Salmon,Oncorhynchus gorbuscha,IM,NA,1,1260,400601,3,Bering Sea,56.5-164,S,"Can Trawl 400 headrope, 601 sidewalls",2022-08-22T01:22:00Z,56.57,-164.01,2022-08-22T01:52:00Z,56.6,-164.03,NA,79,55.5,23.97,180,23230,8755010201,NA,2022-08-22T01:22:00Z,56.57,56.57,NA,NA,NA,0,0,NA
2022,8,2022-08-22T01:52:00Z,20220308008,161975,Pink Salmon,Oncorhynchus gorbuscha,J,NA,2,66,400601,3,Bering Sea,56.5-164,S,"Can Trawl 400 headrope, 601 sidewalls",2022-08-22T01:22:00Z,56.57,-164.01,2022-08-22T01:52:00Z,56.6,-164.03,NA,79,55.5,23.97,180,23230,8755010201,NA,2022-08-22T01:22:00Z,56.57,56.57,NA,NA,NA,0,0,NA
2022,8,2022-08-22T01:52:00Z,20220308008,161976,Chum Salmon,Oncorhynchus keta,IM,NA,1,2900,400601,3,Bering Sea,56.5-164,S,"Can Trawl 400 headrope, 601 sidewalls",2022-08-22T01:22:00Z,56.57,-164.01,2022-08-22T01:52:00Z,56.6,-164.03,NA,79,55.5,23.97,180,23235,8755010202,NA,2022-08-22T01:22:00Z,56.57,56.57,NA,NA,NA,0,0,NA
2022,8,2022-08-22T01:52:00Z,20220308008,161976,Chum Salmon,Oncorhynchus keta,J,NA,2,110,400601,3,Bering Sea,56.5-164,S,"Can Trawl 400 headrope, 601 sidewalls",2022-08-22T01:22:00Z,56.57,-164.01,2022-08-22T01:52:00Z,56.6,-164.03,NA,79,55.5,23.97,180,23235,8755010202,NA,2022-08-22T01:22:00Z,56.57,56.57,NA,NA,NA,0,0,NA
2022,8,2022-08-22T01:52:00Z,20220308008,161977,Coho Salmon,Oncorhynchus kisutch,IM,NA,3,12560,400601,3,Bering Sea,56.5-164,S,"Can Trawl 400 headrope, 601 sidewalls",2022-08-22T01:22:00Z,56.57,-164.01,2022-08-22T01:52:00Z,56.6,-164.03,NA,79,55.5,23.97,180,23225,8755010203,NA,2022-08-22T01:22:00Z,56.57,56.57,NA,NA,NA,0,0,NA
2022,8,2022-08-22T01:52:00Z,20220308008,161979,Sockeye Salmon,Oncorhynchus nerka,J,NA,170,7270,400601,3,Bering Sea,56.5-164,S,"Can Trawl 400 headrope, 601 sidewalls",2022-08-22T01:22:00Z,56.57,-164.01,2022-08-22T01:52:00Z,56.6,-164.03,NA,79,55.5,23.97,180,23240,8755010205,NA,2022-08-22T01:22:00Z,56.57,56.57,NA,NA,NA,0,0,NA
2022,8,2022-08-22T01:52:00Z,20220308008,164711,Pacific Cod,Gadus macrocephalus,A0,NA,16,40,400601,3,Bering Sea,56.5-164,S,"Can Trawl 400 headrope, 601 sidewalls",2022-08-22T01:22:00Z,56.57,-164.01,2022-08-22T01:52:00Z,56.6,-164.03,NA,79,55.5,23.97,180,21720,8791030401,NA,2022-08-22T01:22:00Z,56.57,56.57,NA,NA,NA,0,0,NA
2022,8,2022-08-22T01:52:00Z,20220308008,170919,Pacific Sandfish,Trichodon trichodon,U,NA,1,85,400601,3,Bering Sea,56.5-164,S,"Can Trawl 400 headrope, 601 sidewalls",2022-08-22T01:22:00Z,56.57,-164.01,2022-08-22T01:52:00Z,56.6,-164.03,NA,79,55.5,23.97,180,21592,8840010201,NA,2022-08-22T01:22:00Z,56.57,56.57,NA,NA,NA,0,0,NA
2022,8,2022-08-22T01:52:00Z,20220308008,551209,Pacific Herring,Clupea pallasi,U,NA,1,93,400601,3,Bering Sea,56.5-164,S,"Can Trawl 400 headrope, 601 sidewalls",2022-08-22T01:22:00Z,56.57,-164.01,2022-08-22T01:52:00Z,56.6,-164.03,NA,79,55.5,23.97,180,21110,8747010201,NA,2022-08-22T01:22:00Z,56.57,56.57,NA,NA,NA,0,0,NA
2022,8,2022-08-22T01:52:00Z,20220308008,934083,Pollock,Gadus chalcogrammus,A1+,NA,2,640,400601,3,Bering Sea,56.5-164,S,"Can Trawl 400 headrope, 601 sidewalls",2022-08-22T01:22:00Z,56.57,-164.01,2022-08-22T01:52:00Z,56.6,-164.03,NA,79,55.5,23.97,180,21740,8791030701,NA,2022-08-22T01:22:00Z,56.57,56.57,NA,NA,NA,0,0,NA
2022,8,2022-08-22T01:52:00Z,20220308008,934083,Pollock,Gadus chalcogrammus,U,NA,3950,3555,400601,3,Bering Sea,56.5-164,S,"Can Trawl 400 headrope, 601 sidewalls",2022-08-22T01:22:00Z,56.57,-164.01,2022-08-22T01:52:00Z,56.6,-164.03,NA,79,55.5,23.97,180,21740,8791030701,NA,2022-08-22T01:22:00Z,56.57,56.57,NA,NA,NA,0,0,NA
2022,8,2022-09-04T17:21:00Z,20220202008,51671,Cyanea capillata,Cyanea capillata,U,NA,15,750,400601,3,NA,NA,S,"Can Trawl 400 headrope, 601 sidewalls",2022-09-04T16:50:00Z,61,-167.05,2022-09-04T17:21:00Z,61,-167.14,NA,23,51.31,18.85,330,40561,NA,NA,NA,0,0,NA,NA,NA,0,0,NA
2022,8,2022-09-04T17:21:00Z,20220202008,97110,Sevenspine bay shrimp,Crangon septemspinosa,U,NA,35,35,400601,3,NA,NA,S,"Can Trawl 400 headrope, 601 sidewalls",2022-09-04T16:50:00Z,61,-167.05,2022-09-04T17:21:00Z,61,-167.14,NA,23,51.31,18.85,330,NA,66548,NA,NA,0,0,NA,NA,NA,0,0,NA
2022,8,2022-09-04T17:21:00Z,20220202008,161975,Pink Salmon,Oncorhynchus gorbuscha,J,NA,2,93,400601,3,NA,NA,S,"Can Trawl 400 headrope, 601 sidewalls",2022-09-04T16:50:00Z,61,-167.05,2022-09-04T17:21:00Z,61,-167.14,NA,23,51.31,18.85,330,23230,8755010201,NA,NA,0,0,NA,NA,NA,0,0,NA
2022,8,2022-09-04T17:21:00Z,20220202008,161976,Chum Salmon,Oncorhynchus keta,J,NA,77.28,5184,400601,3,NA,NA,S,"Can Trawl 400 headrope, 601 sidewalls",2022-09-04T16:50:00Z,61,-167.05,2022-09-04T17:21:00Z,61,-167.14,NA,23,51.31,18.85,330,23235,8755010202,NA,NA,0,0,NA,NA,NA,0,0,NA
2022,8,2022-09-04T17:21:00Z,20220202008,161977,Coho Salmon,Oncorhynchus kisutch,IM,NA,1,1050,400601,3,NA,NA,S,"Can Trawl 400 headrope, 601 sidewalls",2022-09-04T16:50:00Z,61,-167.05,2022-09-04T17:21:00Z,61,-167.14,NA,23,51.31,18.85,330,23225,8755010203,NA,NA,0,0,NA,NA,NA,0,0,NA
2022,8,2022-09-04T17:21:00Z,20220202008,161979,Sockeye Salmon,Oncorhynchus nerka,J,NA,1,91,400601,3,NA,NA,S,"Can Trawl 400 headrope, 601 sidewalls",2022-09-04T16:50:00Z,61,-167.05,2022-09-04T17:21:00Z,61,-167.14,NA,23,51.31,18.85,330,23240,8755010205,NA,NA,0,0,NA,NA,NA,0,0,NA
2022,8,2022-09-04T17:21:00Z,20220202008,161980,Chinook Salmon,Oncorhynchus tshawytscha,J,NA,1,141,400601,3,NA,NA,S,"Can Trawl 400 headrope, 601 sidewalls",2022-09-04T16:50:00Z,61,-167.05,2022-09-04T17:21:00Z,61,-167.14,NA,23,51.31,18.85,330,23220,8755010206,NA,NA,0,0,NA,NA,NA,0,0,NA
2022,8,2022-09-04T17:21:00Z,20220202008,162035,Capelin,Mallotus villosus,U,NA,4,25,400601,3,NA,NA,S,"Can Trawl 400 headrope, 601 sidewalls",2022-09-04T16:50:00Z,61,-167.05,2022-09-04T17:21:00Z,61,-167.14,NA,23,51.31,18.85,330,23041,8755030201,NA,NA,0,0,NA,NA,NA,0,0,NA
2022,8,2022-09-04T17:21:00Z,20220202008,162041,Rainbow Smelt,Osmerus mordax dentex,U,NA,11,368,400601,3,NA,NA,S,"Can Trawl 400 headrope, 601 sidewalls",2022-09-04T16:50:00Z,61,-167.05,2022-09-04T17:21:00Z,61,-167.14,NA,23,51.31,18.85,330,23055,8755030302,NA,NA,0,0,NA,NA,NA,0,0,NA
2022,8,2022-09-04T17:21:00Z,20220202008,164708,Saffron Cod,Eleginus gracilis,A1+,NA,1,110,400601,3,NA,NA,S,"Can Trawl 400 headrope, 601 sidewalls",2022-09-04T16:50:00Z,61,-167.05,2022-09-04T17:21:00Z,61,-167.14,NA,23,51.31,18.85,330,21735,8791030301,NA,NA,0,0,NA,NA,NA,0,0,NA
2022,8,2022-09-04T17:21:00Z,20220202008,171672,Arctic Sand Lance,Ammodytes hexapterus,A0,NA,1,1,400601,3,NA,NA,S,"Can Trawl 400 headrope, 601 sidewalls",2022-09-04T16:50:00Z,61,-167.05,2022-09-04T17:21:00Z,61,-167.14,NA,23,51.31,18.85,330,20203,8845010101,NA,NA,0,0,NA,NA,NA,0,0,NA
2022,8,2022-09-04T17:21:00Z,20220202008,551209,Pacific Herring,Clupea pallasi,A0,NA,7841.52,30405.91,400601,3,NA,NA,S,"Can Trawl 400 headrope, 601 sidewalls",2022-09-04T16:50:00Z,61,-167.05,2022-09-04T17:21:00Z,61,-167.14,NA,23,51.31,18.85,330,21110,8747010201,NA,NA,0,0,NA,NA,NA,0,0,NA
2022,8,2022-09-04T17:21:00Z,20220202008,551209,Pacific Herring,Clupea pallasi,A1+,NA,72.01,5601.08,400601,3,NA,NA,S,"Can Trawl 400 headrope, 601 sidewalls",2022-09-04T16:50:00Z,61,-167.05,2022-09-04T17:21:00Z,61,-167.14,NA,23,51.31,18.85,330,21110,8747010201,NA,NA,0,0,NA,NA,NA,0,0,NA
2022,8,2022-09-04T17:21:00Z,20220202008,934083,Pollock,Gadus chalcogrammus,A0,NA,4,4,400601,3,NA,NA,S,"Can Trawl 400 headrope, 601 sidewalls",2022-09-04T16:50:00Z,61,-167.05,2022-09-04T17:21:00Z,61,-167.14,NA,23,51.31,18.85,330,21740,8791030701,NA,NA,0,0,NA,NA,NA,0,0,NA
2022,8,2022-09-04T17:21:00Z,20220202008,934083,Pollock,Gadus chalcogrammus,A1+,NA,4,80,400601,3,NA,NA,S,"Can Trawl 400 headrope, 601 sidewalls",2022-09-04T16:50:00Z,61,-167.05,2022-09-04T17:21:00Z,61,-167.14,NA,23,51.31,18.85,330,21740,8791030701,NA,NA,0,0,NA,NA,NA,0,0,NA
2022,26,2022-09-05T17:27:00Z,20220308026,50513,Staurophora mertensi,Staurophora mertensi,U,NA,0,11067.9,NETS156,5,Bering Sea,58-167,O,NETS Pelagic Trawl,2022-09-05T17:20:00Z,57.99,-167.01,2022-09-05T17:27:00Z,57.99,-167.02,NA,63,13.22,8.87,73.87,NA,40562,NA,2022-09-05T17:14:00Z,58,58,NA,NA,NA,0,0,NA
2022,26,2022-09-05T17:27:00Z,20220308026,51641,Northern Sea Nettle,Chrysaora melanaster,U,NA,5,4140,NETS156,5,Bering Sea,58-167,O,NETS Pelagic Trawl,2022-09-05T17:20:00Z,57.99,-167.01,2022-09-05T17:27:00Z,57.99,-167.02,NA,63,13.22,8.87,73.87,40504,NA,NA,2022-09-05T17:14:00Z,58,58,NA,NA,NA,0,0,NA
2022,26,2022-09-05T17:27:00Z,20220308026,51700,Aurelia sp.,Aurelia sp.,U,NA,0,16,NETS156,5,Bering Sea,58-167,O,NETS Pelagic Trawl,2022-09-05T17:20:00Z,57.99,-167.01,2022-09-05T17:27:00Z,57.99,-167.02,NA,63,13.22,8.87,73.87,40511,NA,NA,2022-09-05T17:14:00Z,58,58,NA,NA,NA,0,0,NA
2022,26,2022-09-05T17:27:00Z,20220308026,162035,Capelin,Mallotus villosus,U,NA,24,68,NETS156,5,Bering Sea,58-167,O,NETS Pelagic Trawl,2022-09-05T17:20:00Z,57.99,-167.01,2022-09-05T17:27:00Z,57.99,-167.02,NA,63,13.22,8.87,73.87,23041,8755030201,NA,2022-09-05T17:14:00Z,58,58,NA,NA,NA,0,0,NA
2022,26,2022-09-05T17:27:00Z,20220308026,164711,Pacific Cod,Gadus macrocephalus,A0,NA,55,69,NETS156,5,Bering Sea,58-167,O,NETS Pelagic Trawl,2022-09-05T17:20:00Z,57.99,-167.01,2022-09-05T17:27:00Z,57.99,-167.02,NA,63,13.22,8.87,73.87,21720,8791030401,NA,2022-09-05T17:14:00Z,58,58,NA,NA,NA,0,0,NA
2022,26,2022-09-05T17:27:00Z,20220308026,934083,Pollock,Gadus chalcogrammus,A1+,NA,1,1750,NETS156,5,Bering Sea,58-167,O,NETS Pelagic Trawl,2022-09-05T17:20:00Z,57.99,-167.01,2022-09-05T17:27:00Z,57.99,-167.02,NA,63,13.22,8.87,73.87,21740,8791030701,NA,2022-09-05T17:14:00Z,58,58,NA,NA,NA,0,0,NA
2022,26,2022-09-05T17:27:00Z,20220308026,934083,Pollock,Gadus chalcogrammus,U,NA,15524,15523.81,NETS156,5,Bering Sea,58-167,O,NETS Pelagic Trawl,2022-09-05T17:20:00Z,57.99,-167.01,2022-09-05T17:27:00Z,57.99,-167.02,NA,63,13.22,8.87,73.87,21740,8791030701,NA,2022-09-05T17:14:00Z,58,58,NA,NA,NA,0,0,NA
2022,26,2022-09-06T00:48:00Z,20220308026,50513,Staurophora mertensi,Staurophora mertensi,U,NA,0,3978.1,400601,6,Bering Sea,58-167,S,"Can Trawl 400 headrope, 601 sidewalls",2022-09-06T00:18:00Z,57.98,-167.08,2022-09-06T00:48:00Z,57.96,-167.13,NA,66,55.5,24.49,179.44,NA,40562,NA,2022-09-06T00:09:00Z,57.98,57.98,NA,NA,NA,0,0,NA
2022,26,2022-09-06T00:48:00Z,20220308026,51641,Northern Sea Nettle,Chrysaora melanaster,U,NA,1,1410,400601,6,Bering Sea,58-167,S,"Can Trawl 400 headrope, 601 sidewalls",2022-09-06T00:18:00Z,57.98,-167.08,2022-09-06T00:48:00Z,57.96,-167.13,NA,66,55.5,24.49,179.44,40504,NA,NA,2022-09-06T00:09:00Z,57.98,57.98,NA,NA,NA,0,0,NA
2022,26,2022-09-06T00:48:00Z,20220308026,51700,Aurelia sp.,Aurelia sp.,U,NA,0,150,400601,6,Bering Sea,58-167,S,"Can Trawl 400 headrope, 601 sidewalls",2022-09-06T00:18:00Z,57.98,-167.08,2022-09-06T00:48:00Z,57.96,-167.13,NA,66,55.5,24.49,179.44,40511,NA,NA,2022-09-06T00:09:00Z,57.98,57.98,NA,NA,NA,0,0,NA
2022,26,2022-09-06T00:48:00Z,20220308026,161976,Chum Salmon,Oncorhynchus keta,IM,NA,1,2650,400601,6,Bering Sea,58-167,S,"Can Trawl 400 headrope, 601 sidewalls",2022-09-06T00:18:00Z,57.98,-167.08,2022-09-06T00:48:00Z,57.96,-167.13,NA,66,55.5,24.49,179.44,23235,8755010202,NA,2022-09-06T00:09:00Z,57.98,57.98,NA,NA,NA,0,0,NA
2022,26,2022-09-06T00:48:00Z,20220308026,161979,Sockeye Salmon,Oncorhynchus nerka,IM,NA,1,680,400601,6,Bering Sea,58-167,S,"Can Trawl 400 headrope, 601 sidewalls",2022-09-06T00:18:00Z,57.98,-167.08,2022-09-06T00:48:00Z,57.96,-167.13,NA,66,55.5,24.49,179.44,23240,8755010205,NA,2022-09-06T00:09:00Z,57.98,57.98,NA,NA,NA,0,0,NA
2022,26,2022-09-06T00:48:00Z,20220308026,161979,Sockeye Salmon,Oncorhynchus nerka,J,NA,29,2938,400601,6,Bering Sea,58-167,S,"Can Trawl 400 headrope, 601 sidewalls",2022-09-06T00:18:00Z,57.98,-167.08,2022-09-06T00:48:00Z,57.96,-167.13,NA,66,55.5,24.49,179.44,23240,8755010205,NA,2022-09-06T00:09:00Z,57.98,57.98,NA,NA,NA,0,0,NA
2022,26,2022-09-06T00:48:00Z,20220308026,162035,Capelin,Mallotus villosus,U,NA,4,12,400601,6,Bering Sea,58-167,S,"Can Trawl 400 headrope, 601 sidewalls",2022-09-06T00:18:00Z,57.98,-167.08,2022-09-06T00:48:00Z,57.96,-167.13,NA,66,55.5,24.49,179.44,23041,8755030201,NA,2022-09-06T00:09:00Z,57.98,57.98,NA,NA,NA,0,0,NA
2022,26,2022-09-06T00:48:00Z,20220308026,164711,Pacific Cod,Gadus macrocephalus,A0,NA,13,81,400601,6,Bering Sea,58-167,S,"Can Trawl 400 headrope, 601 sidewalls",2022-09-06T00:18:00Z,57.98,-167.08,2022-09-06T00:48:00Z,57.96,-167.13,NA,66,55.5,24.49,179.44,21720,8791030401,NA,2022-09-06T00:09:00Z,57.98,57.98,NA,NA,NA,0,0,NA
2022,26,2022-09-06T00:48:00Z,20220308026,167481,Sturgeon Poacher,Podothecus acipenserinus,U,NA,1,53,400601,6,Bering Sea,58-167,S,"Can Trawl 400 headrope, 601 sidewalls",2022-09-06T00:18:00Z,57.98,-167.08,2022-09-06T00:48:00Z,57.96,-167.13,NA,66,55.5,24.49,179.44,20040,8831081901,NA,2022-09-06T00:09:00Z,57.98,57.98,NA,NA,NA,0,0,NA
2022,26,2022-09-06T00:48:00Z,20220308026,551209,Pacific Herring,Clupea pallasi,U,NA,1,85,400601,6,Bering Sea,58-167,S,"Can Trawl 400 headrope, 601 sidewalls",2022-09-06T00:18:00Z,57.98,-167.08,2022-09-06T00:48:00Z,57.96,-167.13,NA,66,55.5,24.49,179.44,21110,8747010201,NA,2022-09-06T00:09:00Z,57.98,57.98,NA,NA,NA,0,0,NA
2022,26,2022-09-06T00:48:00Z,20220308026,622287,Arctic Lamprey,Lethenteron camtschaticum,U,NA,1,56,400601,6,Bering Sea,58-167,S,"Can Trawl 400 headrope, 601 sidewalls",2022-09-06T00:18:00Z,57.98,-167.08,2022-09-06T00:48:00Z,57.96,-167.13,NA,66,55.5,24.49,179.44,NA,8603010201,NA,2022-09-06T00:09:00Z,57.98,57.98,NA,NA,NA,0,0,NA
2022,26,2022-09-06T00:48:00Z,20220308026,934083,Pollock,Gadus chalcogrammus,U,NA,311,6887.09,400601,6,Bering Sea,58-167,S,"Can Trawl 400 headrope, 601 sidewalls",2022-09-06T00:18:00Z,57.98,-167.08,2022-09-06T00:48:00Z,57.96,-167.13,NA,66,55.5,24.49,179.44,21740,8791030701,NA,2022-09-06T00:09:00Z,57.98,57.98,NA,NA,NA,0,0,NA
2022,26,2022-09-11T17:27:00Z,20220202026,51641,Northern Sea Nettle,Chrysaora melanaster,U,NA,0,13430,400601,3,NA,NA,S,"Can Trawl 400 headrope, 601 sidewalls",2022-09-11T16:56:00Z,63.01,-166,2022-09-11T17:27:00Z,63.05,-166.04,NA,21,49.76,15.72,330,40504,NA,NA,NA,0,0,NA,NA,NA,0,0,NA
2022,26,2022-09-11T17:27:00Z,20220202026,51671,Cyanea capillata,Cyanea capillata,U,NA,0,2860,400601,3,NA,NA,S,"Can Trawl 400 headrope, 601 sidewalls",2022-09-11T16:56:00Z,63.01,-166,2022-09-11T17:27:00Z,63.05,-166.04,NA,21,49.76,15.72,330,40561,NA,NA,NA,0,0,NA,NA,NA,0,0,NA
2022,26,2022-09-11T17:27:00Z,20220202026,159910,Salmon Shark,Lamna ditropis,U,NA,1,250000,400601,3,NA,NA,S,"Can Trawl 400 headrope, 601 sidewalls",2022-09-11T16:56:00Z,63.01,-166,2022-09-11T17:27:00Z,63.05,-166.04,NA,21,49.76,15.72,330,232,8707040301,Tagged for Sabrina Garcia,NA,0,0,NA,NA,NA,0,0,NA
2022,26,2022-09-11T17:27:00Z,20220202026,161975,Pink Salmon,Oncorhynchus gorbuscha,J,NA,1,67,400601,3,NA,NA,S,"Can Trawl 400 headrope, 601 sidewalls",2022-09-11T16:56:00Z,63.01,-166,2022-09-11T17:27:00Z,63.05,-166.04,NA,21,49.76,15.72,330,23230,8755010201,NA,NA,0,0,NA,NA,NA,0,0,NA
2022,26,2022-09-11T17:27:00Z,20220202026,161976,Chum Salmon,Oncorhynchus keta,J,NA,16,1063,400601,3,NA,NA,S,"Can Trawl 400 headrope, 601 sidewalls",2022-09-11T16:56:00Z,63.01,-166,2022-09-11T17:27:00Z,63.05,-166.04,NA,21,49.76,15.72,330,23235,8755010202,NA,NA,0,0,NA,NA,NA,0,0,NA
2022,26,2022-09-11T17:27:00Z,20220202026,161977,Coho Salmon,Oncorhynchus kisutch,J,NA,9,2852,400601,3,NA,NA,S,"Can Trawl 400 headrope, 601 sidewalls",2022-09-11T16:56:00Z,63.01,-166,2022-09-11T17:27:00Z,63.05,-166.04,NA,21,49.76,15.72,330,23225,8755010203,NA,NA,0,0,NA,NA,NA,0,0,NA
2022,26,2022-09-11T17:27:00Z,20220202026,161980,Chinook Salmon,Oncorhynchus tshawytscha,J,NA,2,289,400601,3,NA,NA,S,"Can Trawl 400 headrope, 601 sidewalls",2022-09-11T16:56:00Z,63.01,-166,2022-09-11T17:27:00Z,63.05,-166.04,NA,21,49.76,15.72,330,23220,8755010206,NA,NA,0,0,NA,NA,NA,0,0,NA
2022,26,2022-09-11T17:27:00Z,20220202026,162041,Rainbow Smelt,Osmerus mordax dentex,U,NA,28,726,400601,3,NA,NA,S,"Can Trawl 400 headrope, 601 sidewalls",2022-09-11T16:56:00Z,63.01,-166,2022-09-11T17:27:00Z,63.05,-166.04,NA,21,49.76,15.72,330,23055,8755030302,NA,NA,0,0,NA,NA,NA,0,0,NA
2022,26,2022-09-11T17:27:00Z,20220202026,166365,Threespine stickleback,Gasterosteus aculeatus,U,NA,4,19,400601,3,NA,NA,S,"Can Trawl 400 headrope, 601 sidewalls",2022-09-11T16:56:00Z,63.01,-166,2022-09-11T17:27:00Z,63.05,-166.04,NA,21,49.76,15.72,330,21752,8818010101,NA,NA,0,0,NA,NA,NA,0,0,NA
2022,26,2022-09-11T17:27:00Z,20220202026,167220,Crested Sculpin,Blepsias bilobus,U,NA,1,21,400601,3,NA,NA,S,"Can Trawl 400 headrope, 601 sidewalls",2022-09-11T16:56:00Z,63.01,-166,2022-09-11T17:27:00Z,63.05,-166.04,NA,21,49.76,15.72,330,21397,8831020601,NA,NA,0,0,NA,NA,NA,0,0,NA
2022,26,2022-09-11T17:27:00Z,20220202026,171337,Bering Wolffish,Anarhichas orientalis,U,NA,1,76,400601,3,NA,NA,S,"Can Trawl 400 headrope, 601 sidewalls",2022-09-11T16:56:00Z,63.01,-166,2022-09-11T17:27:00Z,63.05,-166.04,NA,21,49.76,15.72,330,20322,8842020101,NA,NA,0,0,NA,NA,NA,0,0,NA
2022,26,2022-09-11T17:27:00Z,20220202026,551209,Pacific Herring,Clupea pallasi,A0,NA,2495.32,3325,400601,3,NA,NA,S,"Can Trawl 400 headrope, 601 sidewalls",2022-09-11T16:56:00Z,63.01,-166,2022-09-11T17:27:00Z,63.05,-166.04,NA,21,49.76,15.72,330,21110,8747010201,BAKER AND GLASS RECEIVED SAMPLES FROM TOSS ,NA,0,0,NA,NA,NA,0,0,NA
2022,26,2022-09-11T17:27:00Z,20220202026,551209,Pacific Herring,Clupea pallasi,A1+,NA,242.65,7203,400601,3,NA,NA,S,"Can Trawl 400 headrope, 601 sidewalls",2022-09-11T16:56:00Z,63.01,-166,2022-09-11T17:27:00Z,63.05,-166.04,NA,21,49.76,15.72,330,21110,8747010201,NA,NA,0,0,NA,NA,NA,0,0,NA
2022,29,2022-09-06T23:50:00Z,20220308029,51641,Northern Sea Nettle,Chrysaora melanaster,U,NA,253,9900,400601,1,Bering Sea,58-169,S,"Can Trawl 400 headrope, 601 sidewalls",2022-09-06T23:20:00Z,58,-168.97,2022-09-06T23:50:00Z,57.98,-169,NA,72,55.5,23.58,194.11,40504,NA,NA,2022-09-06T23:15:00Z,58.01,58.01,NA,NA,NA,0,0,NA
2022,29,2022-09-06T23:50:00Z,20220308029,161105,"Fish, unident.",Teleost,U,NA,1,1,400601,1,Bering Sea,58-169,S,"Can Trawl 400 headrope, 601 sidewalls",2022-09-06T23:20:00Z,58,-168.97,2022-09-06T23:50:00Z,57.98,-169,NA,72,55.5,23.58,194.11,NA,NA,NA,2022-09-06T23:15:00Z,58.01,58.01,NA,NA,NA,0,0,NA
2022,29,2022-09-06T23:50:00Z,20220308029,161976,Chum Salmon,Oncorhynchus keta,IM,NA,1,1710,400601,1,Bering Sea,58-169,S,"Can Trawl 400 headrope, 601 sidewalls",2022-09-06T23:20:00Z,58,-168.97,2022-09-06T23:50:00Z,57.98,-169,NA,72,55.5,23.58,194.11,23235,8755010202,NA,2022-09-06T23:15:00Z,58.01,58.01,NA,NA,NA,0,0,NA
2022,29,2022-09-06T23:50:00Z,20220308029,161980,Chinook Salmon,Oncorhynchus tshawytscha,IM,NA,2,4960,400601,1,Bering Sea,58-169,S,"Can Trawl 400 headrope, 601 sidewalls",2022-09-06T23:20:00Z,58,-168.97,2022-09-06T23:50:00Z,57.98,-169,NA,72,55.5,23.58,194.11,23220,8755010206,NA,2022-09-06T23:15:00Z,58.01,58.01,NA,NA,NA,0,0,NA
2022,29,2022-09-06T23:50:00Z,20220308029,164711,Pacific Cod,Gadus macrocephalus,A0,NA,3,3,400601,1,Bering Sea,58-169,S,"Can Trawl 400 headrope, 601 sidewalls",2022-09-06T23:20:00Z,58,-168.97,2022-09-06T23:50:00Z,57.98,-169,NA,72,55.5,23.58,194.11,21720,8791030401,NA,2022-09-06T23:15:00Z,58.01,58.01,NA,NA,NA,0,0,NA
2022,29,2022-09-06T23:50:00Z,20220308029,166365,Threespine stickleback,Gasterosteus aculeatus,U,NA,1,4,400601,1,Bering Sea,58-169,S,"Can Trawl 400 headrope, 601 sidewalls",2022-09-06T23:20:00Z,58,-168.97,2022-09-06T23:50:00Z,57.98,-169,NA,72,55.5,23.58,194.11,21752,8818010101,NA,2022-09-06T23:15:00Z,58.01,58.01,NA,NA,NA,0,0,NA
2022,29,2022-09-06T23:50:00Z,20220308029,934083,Pollock,Gadus chalcogrammus,U,NA,3126,2996,400601,1,Bering Sea,58-169,S,"Can Trawl 400 headrope, 601 sidewalls",2022-09-06T23:20:00Z,58,-168.97,2022-09-06T23:50:00Z,57.98,-169,NA,72,55.5,23.58,194.11,21740,8791030701,NA,2022-09-06T23:15:00Z,58.01,58.01,NA,NA,NA,0,0,NA
2022,29,2022-09-07T04:09:00Z,20220308029,51641,Northern Sea Nettle,Chrysaora melanaster,U,NA,178,172362.95,NETS156,3,Bering Sea,58-169,O,NETS Pelagic Trawl,2022-09-07T04:09:00Z,57.99,-169,2022-09-07T04:09:00Z,57.99,-169,NA,72,17,8,240,40504,NA,NA,2022-09-07T03:57:00Z,58,58,NA,NA,NA,0,0,NA
2022,29,2022-09-07T04:09:00Z,20220308029,164711,Pacific Cod,Gadus macrocephalus,A0,NA,1,4,NETS156,3,Bering Sea,58-169,O,NETS Pelagic Trawl,2022-09-07T04:09:00Z,57.99,-169,2022-09-07T04:09:00Z,57.99,-169,NA,72,17,8,240,21720,8791030401,NA,2022-09-07T03:57:00Z,58,58,NA,NA,NA,0,0,NA
2022,29,2022-09-07T04:09:00Z,20220308029,934083,Pollock,Gadus chalcogrammus,A1+,NA,2,1980,NETS156,3,Bering Sea,58-169,O,NETS Pelagic Trawl,2022-09-07T04:09:00Z,57.99,-169,2022-09-07T04:09:00Z,57.99,-169,NA,72,17,8,240,21740,8791030701,NA,2022-09-07T03:57:00Z,58,58,NA,NA,NA,0,0,NA
2022,29,2022-09-07T04:09:00Z,20220308029,934083,Pollock,Gadus chalcogrammus,U,NA,32962,24721.57,NETS156,3,Bering Sea,58-169,O,NETS Pelagic Trawl,2022-09-07T04:09:00Z,57.99,-169,2022-09-07T04:09:00Z,57.99,-169,NA,72,17,8,240,21740,8791030701,NA,2022-09-07T03:57:00Z,58,58,NA,NA,NA,0,0,NA
2022,29,2022-09-12T17:19:00Z,20220202029,50623,Aequorea  sp.,Aequorea sp.,U,NA,0,2290,400601,3,NA,NA,S,"Can Trawl 400 headrope, 601 sidewalls",2022-09-12T16:49:00Z,63.5,-168.01,2022-09-12T17:19:00Z,63.55,-168.04,NA,33,47.97,19.18,330,40506,NA,NA,NA,0,0,NA,NA,NA,0,0,NA
2022,29,2022-09-12T17:19:00Z,20220202029,51641,Northern Sea Nettle,Chrysaora melanaster,U,NA,0,27300,400601,3,NA,NA,S,"Can Trawl 400 headrope, 601 sidewalls",2022-09-12T16:49:00Z,63.5,-168.01,2022-09-12T17:19:00Z,63.55,-168.04,NA,33,47.97,19.18,330,40504,NA,NA,NA,0,0,NA,NA,NA,0,0,NA
2022,29,2022-09-12T17:19:00Z,20220202029,51671,Cyanea capillata,Cyanea capillata,U,NA,0,37490,400601,3,NA,NA,S,"Can Trawl 400 headrope, 601 sidewalls",2022-09-12T16:49:00Z,63.5,-168.01,2022-09-12T17:19:00Z,63.55,-168.04,NA,33,47.97,19.18,330,40561,NA,NA,NA,0,0,NA,NA,NA,0,0,NA
2022,29,2022-09-12T17:19:00Z,20220202029,51696,Phacellophora camtschatica,Phacellophora camtschatica,U,NA,0,660,400601,3,NA,NA,S,"Can Trawl 400 headrope, 601 sidewalls",2022-09-12T16:49:00Z,63.5,-168.01,2022-09-12T17:19:00Z,63.55,-168.04,NA,33,47.97,19.18,330,NA,NA,NA,NA,0,0,NA,NA,NA,0,0,NA
2022,29,2022-09-12T17:19:00Z,20220202029,161980,Chinook Salmon,Oncorhynchus tshawytscha,IM,NA,2,5430,400601,3,NA,NA,S,"Can Trawl 400 headrope, 601 sidewalls",2022-09-12T16:49:00Z,63.5,-168.01,2022-09-12T17:19:00Z,63.55,-168.04,NA,33,47.97,19.18,330,23220,8755010206,NA,NA,0,0,NA,NA,NA,0,0,NA
2022,29,2022-09-12T17:19:00Z,20220202029,162035,Capelin,Mallotus villosus,U,NA,247.73,3062,400601,3,NA,NA,S,"Can Trawl 400 headrope, 601 sidewalls",2022-09-12T16:49:00Z,63.5,-168.01,2022-09-12T17:19:00Z,63.55,-168.04,NA,33,47.97,19.18,330,23041,8755030201,NA,NA,0,0,NA,NA,NA,0,0,NA
2022,29,2022-09-12T17:19:00Z,20220202029,622287,Arctic Lamprey,Lethenteron camtschaticum,U,NA,1,105,400601,3,NA,NA,S,"Can Trawl 400 headrope, 601 sidewalls",2022-09-12T16:49:00Z,63.5,-168.01,2022-09-12T17:19:00Z,63.55,-168.04,NA,33,47.97,19.18,330,NA,8603010201,NA,NA,0,0,NA,NA,NA,0,0,NA
2022,29,2022-09-12T17:19:00Z,20220202029,934083,Pollock,Gadus chalcogrammus,A0,NA,915.27,1318,400601,3,NA,NA,S,"Can Trawl 400 headrope, 601 sidewalls",2022-09-12T16:49:00Z,63.5,-168.01,2022-09-12T17:19:00Z,63.55,-168.04,NA,33,47.97,19.18,330,21740,8791030701,NA,NA,0,0,NA,NA,NA,0,0,NA
2022,29,2022-09-12T17:19:00Z,20220202029,934083,Pollock,Gadus chalcogrammus,A1+,NA,4,4520,400601,3,NA,NA,S,"Can Trawl 400 headrope, 601 sidewalls",2022-09-12T16:49:00Z,63.5,-168.01,2022-09-12T17:19:00Z,63.55,-168.04,NA,33,47.97,19.18,330,21740,8791030701,NA,NA,0,0,NA,NA,NA,0,0,NA
2022,1,2022-08-19T02:17:00Z,20220308001,556311,Long Fin Squid,Gonatus kamtschaticus,U,NA,2,13,400601,6,Bering Sea,55.5-163.75,S,"Can Trawl 400 headrope, 601 sidewalls",2022-08-19T01:47:00Z,55.52,-163.8,2022-08-19T02:17:00Z,55.5,-163.76,NA,86,55.5,23.55,197.92,79206,NA,NA,2022-08-19T01:42:00Z,55.53,55.53,NA,NA,NA,0,0,NA
2022,1,2022-08-19T02:17:00Z,20220308001,934083,Pollock,Gadus chalcogrammus,U,NA,2100,2261,400601,6,Bering Sea,55.5-163.75,S,"Can Trawl 400 headrope, 601 sidewalls",2022-08-19T01:47:00Z,55.52,-163.8,2022-08-19T02:17:00Z,55.5,-163.76,NA,86,55.5,23.55,197.92,21740,8791030701,NA,2022-08-19T01:42:00Z,55.53,55.53,NA,NA,NA,0,0,NA
2022,1,2022-08-19T02:17:00Z,20220308001,50513,Staurophora mertensi,Staurophora mertensi,U,NA,0,6890,400601,6,Bering Sea,55.5-163.75,S,"Can Trawl 400 headrope, 601 sidewalls",2022-08-19T01:47:00Z,55.52,-163.8,2022-08-19T02:17:00Z,55.5,-163.76,NA,86,55.5,23.55,197.92,NA,40562,NA,2022-08-19T01:42:00Z,55.53,55.53,NA,NA,NA,0,0,NA
2022,1,2022-08-19T02:17:00Z,20220308001,50623,Aequorea  sp.,Aequorea sp.,U,NA,0,9360,400601,6,Bering Sea,55.5-163.75,S,"Can Trawl 400 headrope, 601 sidewalls",2022-08-19T01:47:00Z,55.52,-163.8,2022-08-19T02:17:00Z,55.5,-163.76,NA,86,55.5,23.55,197.92,40506,NA,NA,2022-08-19T01:42:00Z,55.53,55.53,NA,NA,NA,0,0,NA
2022,1,2022-08-19T02:17:00Z,20220308001,51641,Northern Sea Nettle,Chrysaora melanaster,U,NA,61,26480,400601,6,Bering Sea,55.5-163.75,S,"Can Trawl 400 headrope, 601 sidewalls",2022-08-19T01:47:00Z,55.52,-163.8,2022-08-19T02:17:00Z,55.5,-163.76,NA,86,55.5,23.55,197.92,40504,NA,NA,2022-08-19T01:42:00Z,55.53,55.53,NA,NA,NA,0,0,NA
2022,1,2022-08-19T02:17:00Z,20220308001,51671,Cyanea capillata,Cyanea capillata,U,NA,32,12700,400601,6,Bering Sea,55.5-163.75,S,"Can Trawl 400 headrope, 601 sidewalls",2022-08-19T01:47:00Z,55.52,-163.8,2022-08-19T02:17:00Z,55.5,-163.76,NA,86,55.5,23.55,197.92,40561,NA,NA,2022-08-19T01:42:00Z,55.53,55.53,NA,NA,NA,0,0,NA
2022,1,2022-08-19T02:17:00Z,20220308001,161975,Pink Salmon,Oncorhynchus gorbuscha,J,NA,6,97,400601,6,Bering Sea,55.5-163.75,S,"Can Trawl 400 headrope, 601 sidewalls",2022-08-19T01:47:00Z,55.52,-163.8,2022-08-19T02:17:00Z,55.5,-163.76,NA,86,55.5,23.55,197.92,23230,8755010201,NA,2022-08-19T01:42:00Z,55.53,55.53,NA,NA,NA,0,0,NA
2022,1,2022-08-19T02:17:00Z,20220308001,161976,Chum Salmon,Oncorhynchus keta,J,NA,74,2107,400601,6,Bering Sea,55.5-163.75,S,"Can Trawl 400 headrope, 601 sidewalls",2022-08-19T01:47:00Z,55.52,-163.8,2022-08-19T02:17:00Z,55.5,-163.76,NA,86,55.5,23.55,197.92,23235,8755010202,NA,2022-08-19T01:42:00Z,55.53,55.53,NA,NA,NA,0,0,NA
2022,1,2022-08-19T02:17:00Z,20220308001,161979,Sockeye Salmon,Oncorhynchus nerka,J,NA,270,6393,400601,6,Bering Sea,55.5-163.75,S,"Can Trawl 400 headrope, 601 sidewalls",2022-08-19T01:47:00Z,55.52,-163.8,2022-08-19T02:17:00Z,55.5,-163.76,NA,86,55.5,23.55,197.92,23240,8755010205,NA,2022-08-19T01:42:00Z,55.53,55.53,NA,NA,NA,0,0,NA
2022,1,2022-08-19T02:17:00Z,20220308001,164711,Pacific Cod,Gadus macrocephalus,A0,NA,62,112,400601,6,Bering Sea,55.5-163.75,S,"Can Trawl 400 headrope, 601 sidewalls",2022-08-19T01:47:00Z,55.52,-163.8,2022-08-19T02:17:00Z,55.5,-163.76,NA,86,55.5,23.55,197.92,21720,8791030401,NA,2022-08-19T01:42:00Z,55.53,55.53,NA,NA,NA,0,0,NA
2022,1,2022-08-19T02:17:00Z,20220308001,167220,Crested Sculpin,Blepsias bilobus,U,NA,2,28,400601,6,Bering Sea,55.5-163.75,S,"Can Trawl 400 headrope, 601 sidewalls",2022-08-19T01:47:00Z,55.52,-163.8,2022-08-19T02:17:00Z,55.5,-163.76,NA,86,55.5,23.55,197.92,21397,8831020601,NA,2022-08-19T01:42:00Z,55.53,55.53,NA,NA,NA,0,0,NA
2022,1,2022-08-19T02:17:00Z,20220308001,171337,Bering Wolffish,Anarhichas orientalis,U,NA,2,156,400601,6,Bering Sea,55.5-163.75,S,"Can Trawl 400 headrope, 601 sidewalls",2022-08-19T01:47:00Z,55.52,-163.8,2022-08-19T02:17:00Z,55.5,-163.76,NA,86,55.5,23.55,197.92,20322,8842020101,NA,2022-08-19T01:42:00Z,55.53,55.53,NA,NA,NA,0,0,NA
2022,1,2022-08-19T02:17:00Z,20220308001,171659,Prowfish,Zaprora silenus,U,NA,8,130,400601,6,Bering Sea,55.5-163.75,S,"Can Trawl 400 headrope, 601 sidewalls",2022-08-19T01:47:00Z,55.52,-163.8,2022-08-19T02:17:00Z,55.5,-163.76,NA,86,55.5,23.55,197.92,24001,8842150101,NA,2022-08-19T01:42:00Z,55.53,55.53,NA,NA,NA,0,0,NA
2022,1,2022-09-01T20:18:00Z,20220202001,51641,Northern Sea Nettle,Chrysaora melanaster,U,NA,3,60,400601,3,NA,NA,S,"Can Trawl 400 headrope, 601 sidewalls",2022-09-01T19:48:00Z,60,-168.07,2022-09-01T20:18:00Z,60,-168.13,NA,26,49,23,330,40504,NA,NA,NA,0,0,NA,NA,NA,0,0,NA
2022,1,2022-09-01T20:18:00Z,20220202001,160939,Bathyraja parmifera,Bathyraja parmifera,U,NA,1,7450,400601,3,NA,NA,S,"Can Trawl 400 headrope, 601 sidewalls",2022-09-01T19:48:00Z,60,-168.07,2022-09-01T20:18:00Z,60,-168.13,NA,26,49,23,330,471,NA,NA,NA,0,0,NA,NA,NA,0,0,NA
2022,1,2022-09-01T20:18:00Z,20220202001,161977,Coho Salmon,Oncorhynchus kisutch,IM,NA,1,2900,400601,3,NA,NA,S,"Can Trawl 400 headrope, 601 sidewalls",2022-09-01T19:48:00Z,60,-168.07,2022-09-01T20:18:00Z,60,-168.13,NA,26,49,23,330,23225,8755010203,NA,NA,0,0,NA,NA,NA,0,0,NA
2022,1,2022-09-01T20:18:00Z,20220202001,161980,Chinook Salmon,Oncorhynchus tshawytscha,J,NA,1,110,400601,3,NA,NA,S,"Can Trawl 400 headrope, 601 sidewalls",2022-09-01T19:48:00Z,60,-168.07,2022-09-01T20:18:00Z,60,-168.13,NA,26,49,23,330,23220,8755010206,NA,NA,0,0,NA,NA,NA,0,0,NA
2022,1,2022-09-01T20:18:00Z,20220202001,162035,Capelin,Mallotus villosus,A0,NA,1972.2,845.2,400601,3,NA,NA,S,"Can Trawl 400 headrope, 601 sidewalls",2022-09-01T19:48:00Z,60,-168.07,2022-09-01T20:18:00Z,60,-168.13,NA,26,49,23,330,23041,8755030201,SPECIMENS ARE IN POOR SHAPE ,NA,0,0,NA,NA,NA,0,0,NA
2022,1,2022-09-01T20:18:00Z,20220202001,162035,Capelin,Mallotus villosus,U,NA,15,43,400601,3,NA,NA,S,"Can Trawl 400 headrope, 601 sidewalls",2022-09-01T19:48:00Z,60,-168.07,2022-09-01T20:18:00Z,60,-168.13,NA,26,49,23,330,23041,8755030201,NA,NA,0,0,NA,NA,NA,0,0,NA
2022,1,2022-09-01T20:18:00Z,20220202001,172907,Yellowfin Sole,Limanda aspera,U,NA,4,840,400601,3,NA,NA,S,"Can Trawl 400 headrope, 601 sidewalls",2022-09-01T19:48:00Z,60,-168.07,2022-09-01T20:18:00Z,60,-168.13,NA,26,49,23,330,10210,8857041505,NA,NA,0,0,NA,NA,NA,0,0,NA
2022,1,2022-09-01T20:18:00Z,20220202001,172911,Longhead Dab,Limanda proboscidea,L,NA,4,2,400601,3,NA,NA,S,"Can Trawl 400 headrope, 601 sidewalls",2022-09-01T19:48:00Z,60,-168.07,2022-09-01T20:18:00Z,60,-168.13,NA,26,49,23,330,10211,8857041507,NA,NA,0,0,NA,NA,NA,0,0,NA
2022,1,2022-09-01T20:18:00Z,20220202001,172930,Greenland Halibut,Reinhardtius hippoglossoides,L,NA,9,15,400601,3,NA,NA,S,"Can Trawl 400 headrope, 601 sidewalls",2022-09-01T19:48:00Z,60,-168.07,2022-09-01T20:18:00Z,60,-168.13,NA,26,49,23,330,10115,8857041801,NA,NA,0,0,NA,NA,NA,0,0,NA
2022,1,2022-09-01T20:18:00Z,20220202001,551209,Pacific Herring,Clupea pallasi,A1+,NA,143.3,4270,400601,3,NA,NA,S,"Can Trawl 400 headrope, 601 sidewalls",2022-09-01T19:48:00Z,60,-168.07,2022-09-01T20:18:00Z,60,-168.13,NA,26,49,23,330,21110,8747010201,NA,NA,0,0,NA,NA,NA,0,0,NA
2022,1,2022-09-01T20:18:00Z,20220202001,934083,Pollock,Gadus chalcogrammus,A0,NA,574.84,1525.5,400601,3,NA,NA,S,"Can Trawl 400 headrope, 601 sidewalls",2022-09-01T19:48:00Z,60,-168.07,2022-09-01T20:18:00Z,60,-168.13,NA,26,49,23,330,21740,8791030701,NA,NA,0,0,NA,NA,NA,0,0,NA
2023,2,2023-08-30T22:31:00Z,20230201002,51641,Northern Sea Nettle,Chrysaora melanaster,U,TC,0,2050,400601,5,Bering Sea,60-169,S,"Can Trawl 400 headrope, 601 sidewalls",2023-08-30T22:01:00Z,60,-169.02,2023-08-30T22:31:00Z,60.01,-169.09,NA,36,54.27,20.27,330,40504,NA,NA,NA,0,0,NA,NA,NA,0,0,NA
2023,2,2023-08-30T22:31:00Z,20230201002,161979,Sockeye Salmon,Oncorhynchus nerka,IM,TC,1,900,400601,5,Bering Sea,60-169,S,"Can Trawl 400 headrope, 601 sidewalls",2023-08-30T22:01:00Z,60,-169.02,2023-08-30T22:31:00Z,60.01,-169.09,NA,36,54.27,20.27,330,23240,8755010205,NA,NA,0,0,NA,NA,NA,0,0,NA
2023,2,2023-08-30T22:31:00Z,20230201002,162035,Capelin,Mallotus villosus,U,TC,58,389,400601,5,Bering Sea,60-169,S,"Can Trawl 400 headrope, 601 sidewalls",2023-08-30T22:01:00Z,60,-169.02,2023-08-30T22:31:00Z,60.01,-169.09,NA,36,54.27,20.27,330,23041,8755030201,NA,NA,0,0,NA,NA,NA,0,0,NA
2023,2,2023-08-30T22:31:00Z,20230201002,164711,Pacific Cod,Gadus macrocephalus,A0,TC,1,1,400601,5,Bering Sea,60-169,S,"Can Trawl 400 headrope, 601 sidewalls",2023-08-30T22:01:00Z,60,-169.02,2023-08-30T22:31:00Z,60.01,-169.09,NA,36,54.27,20.27,330,21720,8791030401,NA,NA,0,0,NA,NA,NA,0,0,NA
2023,2,2023-08-30T22:31:00Z,20230201002,171337,Bering Wolffish,Anarhichas orientalis,U,TC,3,154,400601,5,Bering Sea,60-169,S,"Can Trawl 400 headrope, 601 sidewalls",2023-08-30T22:01:00Z,60,-169.02,2023-08-30T22:31:00Z,60.01,-169.09,NA,36,54.27,20.27,330,20322,8842020101,NA,NA,0,0,NA,NA,NA,0,0,NA
2023,2,2023-08-30T22:31:00Z,20230201002,551209,Pacific Herring,Clupea pallasi,A1+,TC,1,70,400601,5,Bering Sea,60-169,S,"Can Trawl 400 headrope, 601 sidewalls",2023-08-30T22:01:00Z,60,-169.02,2023-08-30T22:31:00Z,60.01,-169.09,NA,36,54.27,20.27,330,21110,8747010201,NA,NA,0,0,NA,NA,NA,0,0,NA
2023,2,2023-08-30T22:31:00Z,20230201002,934083,Pollock,Gadus chalcogrammus,A0,TC,4892.85,3425,400601,5,Bering Sea,60-169,S,"Can Trawl 400 headrope, 601 sidewalls",2023-08-30T22:01:00Z,60,-169.02,2023-08-30T22:31:00Z,60.01,-169.09,NA,36,54.27,20.27,330,21740,8791030701,NA,NA,0,0,NA,NA,NA,0,0,NA
2023,2,2023-08-30T22:31:00Z,20230201002,934083,Pollock,Gadus chalcogrammus,A1+,TC,5,3830,400601,5,Bering Sea,60-169,S,"Can Trawl 400 headrope, 601 sidewalls",2023-08-30T22:01:00Z,60,-169.02,2023-08-30T22:31:00Z,60.01,-169.09,NA,36,54.27,20.27,330,21740,8791030701,NA,NA,0,0,NA,NA,NA,0,0,NA
2023,3,2023-08-31T02:41:00Z,20230201003,51641,Northern Sea Nettle,Chrysaora melanaster,U,TC,0,3340,400601,5,Bering Sea,60-170,S,"Can Trawl 400 headrope, 601 sidewalls",2023-08-31T02:11:00Z,59.99,-170.01,2023-08-31T02:41:00Z,59.99,-170.07,NA,49,54.33,23.34,330,40504,NA,NA,NA,0,0,NA,NA,NA,0,0,NA
2023,3,2023-08-31T02:41:00Z,20230201003,161976,Chum Salmon,Oncorhynchus keta,IM,TC,3,8660,400601,5,Bering Sea,60-170,S,"Can Trawl 400 headrope, 601 sidewalls",2023-08-31T02:11:00Z,59.99,-170.01,2023-08-31T02:41:00Z,59.99,-170.07,NA,49,54.33,23.34,330,23235,8755010202,NA,NA,0,0,NA,NA,NA,0,0,NA
2023,3,2023-08-31T02:41:00Z,20230201003,161980,Chinook Salmon,Oncorhynchus tshawytscha,J,TC,1,133,400601,5,Bering Sea,60-170,S,"Can Trawl 400 headrope, 601 sidewalls",2023-08-31T02:11:00Z,59.99,-170.01,2023-08-31T02:41:00Z,59.99,-170.07,NA,49,54.33,23.34,330,23220,8755010206,NA,NA,0,0,NA,NA,NA,0,0,NA
2023,3,2023-08-31T02:41:00Z,20230201003,162035,Capelin,Mallotus villosus,U,SC,1331.4,11434.4,400601,5,Bering Sea,60-170,S,"Can Trawl 400 headrope, 601 sidewalls",2023-08-31T02:11:00Z,59.99,-170.01,2023-08-31T02:41:00Z,59.99,-170.07,NA,49,54.33,23.34,330,23041,8755030201,NA,NA,0,0,NA,NA,NA,0,0,NA
2023,3,2023-08-31T02:41:00Z,20230201003,164711,Pacific Cod,Gadus macrocephalus,A0,TC,6,45,400601,5,Bering Sea,60-170,S,"Can Trawl 400 headrope, 601 sidewalls",2023-08-31T02:11:00Z,59.99,-170.01,2023-08-31T02:41:00Z,59.99,-170.07,NA,49,54.33,23.34,330,21720,8791030401,NA,NA,0,0,NA,NA,NA,0,0,NA
2023,3,2023-08-31T02:41:00Z,20230201003,171337,Bering Wolffish,Anarhichas orientalis,U,TC,1,64,400601,5,Bering Sea,60-170,S,"Can Trawl 400 headrope, 601 sidewalls",2023-08-31T02:11:00Z,59.99,-170.01,2023-08-31T02:41:00Z,59.99,-170.07,NA,49,54.33,23.34,330,20322,8842020101,NA,NA,0,0,NA,NA,NA,0,0,NA
2023,3,2023-08-31T02:41:00Z,20230201003,551209,Pacific Herring,Clupea pallasi,A1+,TC,5,364,400601,5,Bering Sea,60-170,S,"Can Trawl 400 headrope, 601 sidewalls",2023-08-31T02:11:00Z,59.99,-170.01,2023-08-31T02:41:00Z,59.99,-170.07,NA,49,54.33,23.34,330,21110,8747010201,NA,NA,0,0,NA,NA,NA,0,0,NA
2023,3,2023-08-31T02:41:00Z,20230201003,622287,Arctic Lamprey,Lethenteron camtschaticum,U,TC,3,237,400601,5,Bering Sea,60-170,S,"Can Trawl 400 headrope, 601 sidewalls",2023-08-31T02:11:00Z,59.99,-170.01,2023-08-31T02:41:00Z,59.99,-170.07,NA,49,54.33,23.34,330,NA,8603010201,NA,NA,0,0,NA,NA,NA,0,0,NA
2023,3,2023-08-31T02:41:00Z,20230201003,934083,Pollock,Gadus chalcogrammus,A0,SC,4871.38,2061,400601,5,Bering Sea,60-170,S,"Can Trawl 400 headrope, 601 sidewalls",2023-08-31T02:11:00Z,59.99,-170.01,2023-08-31T02:41:00Z,59.99,-170.07,NA,49,54.33,23.34,330,21740,8791030701,NA,NA,0,0,NA,NA,NA,0,0,NA
2023,3,2023-08-31T02:41:00Z,20230201003,934083,Pollock,Gadus chalcogrammus,A1,TC,3,78,400601,5,Bering Sea,60-170,S,"Can Trawl 400 headrope, 601 sidewalls",2023-08-31T02:11:00Z,59.99,-170.01,2023-08-31T02:41:00Z,59.99,-170.07,NA,49,54.33,23.34,330,21740,8791030701,NA,NA,0,0,NA,NA,NA,0,0,NA
2023,3,2023-08-31T02:41:00Z,20230201003,934083,Pollock,Gadus chalcogrammus,A1+,TC,2,1530,400601,5,Bering Sea,60-170,S,"Can Trawl 400 headrope, 601 sidewalls",2023-08-31T02:11:00Z,59.99,-170.01,2023-08-31T02:41:00Z,59.99,-170.07,NA,49,54.33,23.34,330,21740,8791030701,NA,NA,0,0,NA,NA,NA,0,0,NA
2023,4,2023-08-31T17:49:00Z,20230201004,51641,Northern Sea Nettle,Chrysaora melanaster,U,SC,79.88,65048.6,400601,5,Bering Sea,60-171,S,"Can Trawl 400 headrope, 601 sidewalls",2023-08-31T17:19:00Z,59.99,-170.99,2023-08-31T17:49:00Z,60.01,-170.93,NA,64,51.17,22.36,330,40504,NA,NA,NA,0,0,NA,NA,NA,0,0,NA
2023,4,2023-08-31T17:49:00Z,20230201004,161976,Chum Salmon,Oncorhynchus keta,IM,TC,4,10730,400601,5,Bering Sea,60-171,S,"Can Trawl 400 headrope, 601 sidewalls",2023-08-31T17:19:00Z,59.99,-170.99,2023-08-31T17:49:00Z,60.01,-170.93,NA,64,51.17,22.36,330,23235,8755010202,NA,NA,0,0,NA,NA,NA,0,0,NA
2023,4,2023-08-31T17:49:00Z,20230201004,161979,Sockeye Salmon,Oncorhynchus nerka,IM,TC,12,9020,400601,5,Bering Sea,60-171,S,"Can Trawl 400 headrope, 601 sidewalls",2023-08-31T17:19:00Z,59.99,-170.99,2023-08-31T17:49:00Z,60.01,-170.93,NA,64,51.17,22.36,330,23240,8755010205,NA,NA,0,0,NA,NA,NA,0,0,NA
2023,4,2023-08-31T17:49:00Z,20230201004,162035,Capelin,Mallotus villosus,U,TC,109.48,981,400601,5,Bering Sea,60-171,S,"Can Trawl 400 headrope, 601 sidewalls",2023-08-31T17:19:00Z,59.99,-170.99,2023-08-31T17:49:00Z,60.01,-170.93,NA,64,51.17,22.36,330,23041,8755030201,NA,NA,0,0,NA,NA,NA,0,0,NA
2023,4,2023-08-31T17:49:00Z,20230201004,164711,Pacific Cod,Gadus macrocephalus,A0,TC,1,7,400601,5,Bering Sea,60-171,S,"Can Trawl 400 headrope, 601 sidewalls",2023-08-31T17:19:00Z,59.99,-170.99,2023-08-31T17:49:00Z,60.01,-170.93,NA,64,51.17,22.36,330,21720,8791030401,NA,NA,0,0,NA,NA,NA,0,0,NA
2023,4,2023-08-31T17:49:00Z,20230201004,551209,Pacific Herring,Clupea pallasi,A1+,TC,8,607,400601,5,Bering Sea,60-171,S,"Can Trawl 400 headrope, 601 sidewalls",2023-08-31T17:19:00Z,59.99,-170.99,2023-08-31T17:49:00Z,60.01,-170.93,NA,64,51.17,22.36,330,21110,8747010201,NA,NA,0,0,NA,NA,NA,0,0,NA
2023,4,2023-08-31T17:49:00Z,20230201004,622287,Arctic Lamprey,Lethenteron camtschaticum,U,TC,1,118,400601,5,Bering Sea,60-171,S,"Can Trawl 400 headrope, 601 sidewalls",2023-08-31T17:19:00Z,59.99,-170.99,2023-08-31T17:49:00Z,60.01,-170.93,NA,64,51.17,22.36,330,NA,8603010201,NA,NA,0,0,NA,NA,NA,0,0,NA
2023,4,2023-08-31T17:49:00Z,20230201004,934083,Pollock,Gadus chalcogrammus,A0,SC,871.03,1315.4,400601,5,Bering Sea,60-171,S,"Can Trawl 400 headrope, 601 sidewalls",2023-08-31T17:19:00Z,59.99,-170.99,2023-08-31T17:49:00Z,60.01,-170.93,NA,64,51.17,22.36,330,21740,8791030701,NA,NA,0,0,NA,NA,NA,0,0,NA
2023,4,2023-08-31T17:49:00Z,20230201004,934083,Pollock,Gadus chalcogrammus,A1,TC,1,30,400601,5,Bering Sea,60-171,S,"Can Trawl 400 headrope, 601 sidewalls",2023-08-31T17:19:00Z,59.99,-170.99,2023-08-31T17:49:00Z,60.01,-170.93,NA,64,51.17,22.36,330,21740,8791030701,NA,NA,0,0,NA,NA,NA,0,0,NA
2023,4,2023-08-31T17:49:00Z,20230201004,934083,Pollock,Gadus chalcogrammus,A1+,TC,14,8900,400601,5,Bering Sea,60-171,S,"Can Trawl 400 headrope, 601 sidewalls",2023-08-31T17:19:00Z,59.99,-170.99,2023-08-31T17:49:00Z,60.01,-170.93,NA,64,51.17,22.36,330,21740,8791030701,NA,NA,0,0,NA,NA,NA,0,0,NA
2023,5,2023-08-31T23:29:00Z,20230201005,51641,Northern Sea Nettle,Chrysaora melanaster,U,TC,0,4980,400601,5,Bering Sea,60.5-171,S,"Can Trawl 400 headrope, 601 sidewalls",2023-08-31T22:59:00Z,60.49,-170.99,2023-08-31T23:29:00Z,60.49,-170.93,NA,59,52.32,20.17,330,40504,NA,NA,NA,0,0,NA,NA,NA,0,0,NA
2023,5,2023-08-31T23:29:00Z,20230201005,161976,Chum Salmon,Oncorhynchus keta,IM,TC,1,2050,400601,5,Bering Sea,60.5-171,S,"Can Trawl 400 headrope, 601 sidewalls",2023-08-31T22:59:00Z,60.49,-170.99,2023-08-31T23:29:00Z,60.49,-170.93,NA,59,52.32,20.17,330,23235,8755010202,NA,NA,0,0,NA,NA,NA,0,0,NA
2023,5,2023-08-31T23:29:00Z,20230201005,161979,Sockeye Salmon,Oncorhynchus nerka,IM,TC,3,1960,400601,5,Bering Sea,60.5-171,S,"Can Trawl 400 headrope, 601 sidewalls",2023-08-31T22:59:00Z,60.49,-170.99,2023-08-31T23:29:00Z,60.49,-170.93,NA,59,52.32,20.17,330,23240,8755010205,NA,NA,0,0,NA,NA,NA,0,0,NA
2023,5,2023-08-31T23:29:00Z,20230201005,162035,Capelin,Mallotus villosus,U,TC,84.36,761,400601,5,Bering Sea,60.5-171,S,"Can Trawl 400 headrope, 601 sidewalls",2023-08-31T22:59:00Z,60.49,-170.99,2023-08-31T23:29:00Z,60.49,-170.93,NA,59,52.32,20.17,330,23041,8755030201,NA,NA,0,0,NA,NA,NA,0,0,NA
2023,5,2023-08-31T23:29:00Z,20230201005,164711,Pacific Cod,Gadus macrocephalus,A0,TC,1,3,400601,5,Bering Sea,60.5-171,S,"Can Trawl 400 headrope, 601 sidewalls",2023-08-31T22:59:00Z,60.49,-170.99,2023-08-31T23:29:00Z,60.49,-170.93,NA,59,52.32,20.17,330,21720,8791030401,NA,NA,0,0,NA,NA,NA,0,0,NA
2023,5,2023-08-31T23:29:00Z,20230201005,622287,Arctic Lamprey,Lethenteron camtschaticum,U,TC,1,140,400601,5,Bering Sea,60.5-171,S,"Can Trawl 400 headrope, 601 sidewalls",2023-08-31T22:59:00Z,60.49,-170.99,2023-08-31T23:29:00Z,60.49,-170.93,NA,59,52.32,20.17,330,NA,8603010201,NA,NA,0,0,NA,NA,NA,0,0,NA
2023,5,2023-08-31T23:29:00Z,20230201005,934083,Pollock,Gadus chalcogrammus,A0,TC,4556,2680,400601,5,Bering Sea,60.5-171,S,"Can Trawl 400 headrope, 601 sidewalls",2023-08-31T22:59:00Z,60.49,-170.99,2023-08-31T23:29:00Z,60.49,-170.93,NA,59,52.32,20.17,330,21740,8791030701,NA,NA,0,0,NA,NA,NA,0,0,NA
2023,5,2023-08-31T23:29:00Z,20230201005,934083,Pollock,Gadus chalcogrammus,A1,TC,2,43,400601,5,Bering Sea,60.5-171,S,"Can Trawl 400 headrope, 601 sidewalls",2023-08-31T22:59:00Z,60.49,-170.99,2023-08-31T23:29:00Z,60.49,-170.93,NA,59,52.32,20.17,330,21740,8791030701,NA,NA,0,0,NA,NA,NA,0,0,NA
2023,5,2023-08-31T23:29:00Z,20230201005,934083,Pollock,Gadus chalcogrammus,A1+,TC,7,5010,400601,5,Bering Sea,60.5-171,S,"Can Trawl 400 headrope, 601 sidewalls",2023-08-31T22:59:00Z,60.49,-170.99,2023-08-31T23:29:00Z,60.49,-170.93,NA,59,52.32,20.17,330,21740,8791030701,NA,NA,0,0,NA,NA,NA,0,0,NA
2023,6,2023-09-01T04:29:00Z,20230201006,51641,Northern Sea Nettle,Chrysaora melanaster,U,TC,0,7450,400601,5,Bering Sea,60.5-170,S,"Can Trawl 400 headrope, 601 sidewalls",2023-09-01T03:59:00Z,60.5,-169.99,2023-09-01T04:29:00Z,60.51,-169.93,NA,45,55.4,22.85,330,40504,NA,NA,NA,0,0,NA,NA,NA,0,0,NA
2023,6,2023-09-01T04:29:00Z,20230201006,161979,Sockeye Salmon,Oncorhynchus nerka,IM,TC,2,780,400601,5,Bering Sea,60.5-170,S,"Can Trawl 400 headrope, 601 sidewalls",2023-09-01T03:59:00Z,60.5,-169.99,2023-09-01T04:29:00Z,60.51,-169.93,NA,45,55.4,22.85,330,23240,8755010205,NA,NA,0,0,NA,NA,NA,0,0,NA
2023,6,2023-09-01T04:29:00Z,20230201006,161979,Sockeye Salmon,Oncorhynchus nerka,J,TC,1,91,400601,5,Bering Sea,60.5-170,S,"Can Trawl 400 headrope, 601 sidewalls",2023-09-01T03:59:00Z,60.5,-169.99,2023-09-01T04:29:00Z,60.51,-169.93,NA,45,55.4,22.85,330,23240,8755010205,NA,NA,0,0,NA,NA,NA,0,0,NA
2023,6,2023-09-01T04:29:00Z,20230201006,161980,Chinook Salmon,Oncorhynchus tshawytscha,IM,TC,2,1610,400601,5,Bering Sea,60.5-170,S,"Can Trawl 400 headrope, 601 sidewalls",2023-09-01T03:59:00Z,60.5,-169.99,2023-09-01T04:29:00Z,60.51,-169.93,NA,45,55.4,22.85,330,23220,8755010206,NA,NA,0,0,NA,NA,NA,0,0,NA
2023,6,2023-09-01T04:29:00Z,20230201006,162035,Capelin,Mallotus villosus,U,TC,4,35,400601,5,Bering Sea,60.5-170,S,"Can Trawl 400 headrope, 601 sidewalls",2023-09-01T03:59:00Z,60.5,-169.99,2023-09-01T04:29:00Z,60.51,-169.93,NA,45,55.4,22.85,330,23041,8755030201,NA,NA,0,0,NA,NA,NA,0,0,NA
2023,6,2023-09-01T04:29:00Z,20230201006,164711,Pacific Cod,Gadus macrocephalus,A0,TC,3,24,400601,5,Bering Sea,60.5-170,S,"Can Trawl 400 headrope, 601 sidewalls",2023-09-01T03:59:00Z,60.5,-169.99,2023-09-01T04:29:00Z,60.51,-169.93,NA,45,55.4,22.85,330,21720,8791030401,NA,NA,0,0,NA,NA,NA,0,0,NA
2023,6,2023-09-01T04:29:00Z,20230201006,934083,Pollock,Gadus chalcogrammus,A0,TC,4236.27,4321,400601,5,Bering Sea,60.5-170,S,"Can Trawl 400 headrope, 601 sidewalls",2023-09-01T03:59:00Z,60.5,-169.99,2023-09-01T04:29:00Z,60.51,-169.93,NA,45,55.4,22.85,330,21740,8791030701,NA,NA,0,0,NA,NA,NA,0,0,NA
2023,6,2023-09-01T04:29:00Z,20230201006,934083,Pollock,Gadus chalcogrammus,A1,TC,6,197,400601,5,Bering Sea,60.5-170,S,"Can Trawl 400 headrope, 601 sidewalls",2023-09-01T03:59:00Z,60.5,-169.99,2023-09-01T04:29:00Z,60.51,-169.93,NA,45,55.4,22.85,330,21740,8791030701,NA,NA,0,0,NA,NA,NA,0,0,NA
2023,6,2023-09-01T04:29:00Z,20230201006,934083,Pollock,Gadus chalcogrammus,A1+,TC,1,950,400601,5,Bering Sea,60.5-170,S,"Can Trawl 400 headrope, 601 sidewalls",2023-09-01T03:59:00Z,60.5,-169.99,2023-09-01T04:29:00Z,60.51,-169.93,NA,45,55.4,22.85,330,21740,8791030701,NA,NA,0,0,NA,NA,NA,0,0,NA
2023,7,2023-09-01T17:25:00Z,20230201007,50513,Staurophora mertensi,Staurophora mertensi,U,TC,0,159,400601,5,Bering Sea,60.5-169,S,"Can Trawl 400 headrope, 601 sidewalls",2023-09-01T16:55:00Z,60.5,-168.98,2023-09-01T17:25:00Z,60.5,-168.9,NA,33,55.65,23.42,330,NA,40562,NA,NA,0,0,NA,NA,NA,0,0,NA
2023,7,2023-09-01T17:25:00Z,20230201007,51641,Northern Sea Nettle,Chrysaora melanaster,U,TC,14.28,17680,400601,5,Bering Sea,60.5-169,S,"Can Trawl 400 headrope, 601 sidewalls",2023-09-01T16:55:00Z,60.5,-168.98,2023-09-01T17:25:00Z,60.5,-168.9,NA,33,55.65,23.42,330,40504,NA,NA,NA,0,0,NA,NA,NA,0,0,NA
2023,7,2023-09-01T17:25:00Z,20230201007,51669,Cyanea sp.,Cyanea sp.,U,TC,0,580,400601,5,Bering Sea,60.5-169,S,"Can Trawl 400 headrope, 601 sidewalls",2023-09-01T16:55:00Z,60.5,-168.98,2023-09-01T17:25:00Z,60.5,-168.9,NA,33,55.65,23.42,330,40560,NA,NA,NA,0,0,NA,NA,NA,0,0,NA
2023,7,2023-09-01T17:25:00Z,20230201007,161979,Sockeye Salmon,Oncorhynchus nerka,IM,TC,1,810,400601,5,Bering Sea,60.5-169,S,"Can Trawl 400 headrope, 601 sidewalls",2023-09-01T16:55:00Z,60.5,-168.98,2023-09-01T17:25:00Z,60.5,-168.9,NA,33,55.65,23.42,330,23240,8755010205,NA,NA,0,0,NA,NA,NA,0,0,NA
2023,7,2023-09-01T17:25:00Z,20230201007,162035,Capelin,Mallotus villosus,U,TC,1,8,400601,5,Bering Sea,60.5-169,S,"Can Trawl 400 headrope, 601 sidewalls",2023-09-01T16:55:00Z,60.5,-168.98,2023-09-01T17:25:00Z,60.5,-168.9,NA,33,55.65,23.42,330,23041,8755030201,NA,NA,0,0,NA,NA,NA,0,0,NA
2023,7,2023-09-01T17:25:00Z,20230201007,164711,Pacific Cod,Gadus macrocephalus,A0,TC,5,16,400601,5,Bering Sea,60.5-169,S,"Can Trawl 400 headrope, 601 sidewalls",2023-09-01T16:55:00Z,60.5,-168.98,2023-09-01T17:25:00Z,60.5,-168.9,NA,33,55.65,23.42,330,21720,8791030401,NA,NA,0,0,NA,NA,NA,0,0,NA
2023,7,2023-09-01T17:25:00Z,20230201007,172893,Starry Flounder,Platichthys stellatus,U,TC,1,1670,400601,5,Bering Sea,60.5-169,S,"Can Trawl 400 headrope, 601 sidewalls",2023-09-01T16:55:00Z,60.5,-168.98,2023-09-01T17:25:00Z,60.5,-168.9,NA,33,55.65,23.42,330,10220,8857041401,NA,NA,0,0,NA,NA,NA,0,0,NA
2023,7,2023-09-01T17:25:00Z,20230201007,172930,Greenland Halibut,Reinhardtius hippoglossoides,U,TC,2,4,400601,5,Bering Sea,60.5-169,S,"Can Trawl 400 headrope, 601 sidewalls",2023-09-01T16:55:00Z,60.5,-168.98,2023-09-01T17:25:00Z,60.5,-168.9,NA,33,55.65,23.42,330,10115,8857041801,NA,NA,0,0,NA,NA,NA,0,0,NA
2023,7,2023-09-01T17:25:00Z,20230201007,934083,Pollock,Gadus chalcogrammus,A0,TC,7399,6795,400601,5,Bering Sea,60.5-169,S,"Can Trawl 400 headrope, 601 sidewalls",2023-09-01T16:55:00Z,60.5,-168.98,2023-09-01T17:25:00Z,60.5,-168.9,NA,33,55.65,23.42,330,21740,8791030701,NA,NA,0,0,NA,NA,NA,0,0,NA
2023,7,2023-09-01T17:25:00Z,20230201007,934083,Pollock,Gadus chalcogrammus,A1,TC,23,726,400601,5,Bering Sea,60.5-169,S,"Can Trawl 400 headrope, 601 sidewalls",2023-09-01T16:55:00Z,60.5,-168.98,2023-09-01T17:25:00Z,60.5,-168.9,NA,33,55.65,23.42,330,21740,8791030701,NA,NA,0,0,NA,NA,NA,0,0,NA
2023,7,2023-09-01T17:25:00Z,20230201007,934083,Pollock,Gadus chalcogrammus,A1+,TC,17,14220,400601,5,Bering Sea,60.5-169,S,"Can Trawl 400 headrope, 601 sidewalls",2023-09-01T16:55:00Z,60.5,-168.98,2023-09-01T17:25:00Z,60.5,-168.9,NA,33,55.65,23.42,330,21740,8791030701,NA,NA,0,0,NA,NA,NA,0,0,NA
2023,8,2023-09-01T21:44:00Z,20230201008,51641,Northern Sea Nettle,Chrysaora melanaster,U,TC,0,13360,400601,5,Bering Sea,60.5-168,S,"Can Trawl 400 headrope, 601 sidewalls",2023-09-01T21:14:00Z,60.49,-167.99,2023-09-01T21:44:00Z,60.49,-167.93,NA,25,55.25,23.2,330,40504,NA,NA,NA,0,0,NA,NA,NA,0,0,NA
2023,8,2023-09-01T21:44:00Z,20230201008,51669,Cyanea sp.,Cyanea sp.,U,TC,0,790,400601,5,Bering Sea,60.5-168,S,"Can Trawl 400 headrope, 601 sidewalls",2023-09-01T21:14:00Z,60.49,-167.99,2023-09-01T21:44:00Z,60.49,-167.93,NA,25,55.25,23.2,330,40560,NA,NA,NA,0,0,NA,NA,NA,0,0,NA
2023,8,2023-09-01T21:44:00Z,20230201008,161975,Pink Salmon,Oncorhynchus gorbuscha,J,TC,199.86,8922,400601,5,Bering Sea,60.5-168,S,"Can Trawl 400 headrope, 601 sidewalls",2023-09-01T21:14:00Z,60.49,-167.99,2023-09-01T21:44:00Z,60.49,-167.93,NA,25,55.25,23.2,330,23230,8755010201,NA,NA,0,0,NA,NA,NA,0,0,NA
2023,8,2023-09-01T21:44:00Z,20230201008,161976,Chum Salmon,Oncorhynchus keta,J,TC,204.85,13930,400601,5,Bering Sea,60.5-168,S,"Can Trawl 400 headrope, 601 sidewalls",2023-09-01T21:14:00Z,60.49,-167.99,2023-09-01T21:44:00Z,60.49,-167.93,NA,25,55.25,23.2,330,23235,8755010202,NA,NA,0,0,NA,NA,NA,0,0,NA
2023,8,2023-09-01T21:44:00Z,20230201008,161980,Chinook Salmon,Oncorhynchus tshawytscha,IM,TC,1,5470,400601,5,Bering Sea,60.5-168,S,"Can Trawl 400 headrope, 601 sidewalls",2023-09-01T21:14:00Z,60.49,-167.99,2023-09-01T21:44:00Z,60.49,-167.93,NA,25,55.25,23.2,330,23220,8755010206,NA,NA,0,0,NA,NA,NA,0,0,NA
2023,8,2023-09-01T21:44:00Z,20230201008,161980,Chinook Salmon,Oncorhynchus tshawytscha,J,TC,6,821,400601,5,Bering Sea,60.5-168,S,"Can Trawl 400 headrope, 601 sidewalls",2023-09-01T21:14:00Z,60.49,-167.99,2023-09-01T21:44:00Z,60.49,-167.93,NA,25,55.25,23.2,330,23220,8755010206,NA,NA,0,0,NA,NA,NA,0,0,NA
2023,8,2023-09-01T21:44:00Z,20230201008,162041,Rainbow Smelt,Osmerus mordax dentex,U,TC,1,40,400601,5,Bering Sea,60.5-168,S,"Can Trawl 400 headrope, 601 sidewalls",2023-09-01T21:14:00Z,60.49,-167.99,2023-09-01T21:44:00Z,60.49,-167.93,NA,25,55.25,23.2,330,23055,8755030302,NA,NA,0,0,NA,NA,NA,0,0,NA
2023,8,2023-09-01T21:44:00Z,20230201008,172932,Pacific Halibut,Hippoglossus stenolepis,U,TC,2,4040,400601,5,Bering Sea,60.5-168,S,"Can Trawl 400 headrope, 601 sidewalls",2023-09-01T21:14:00Z,60.49,-167.99,2023-09-01T21:44:00Z,60.49,-167.93,NA,25,55.25,23.2,330,10120,8857041901,NA,NA,0,0,NA,NA,NA,0,0,NA
2023,8,2023-09-01T21:44:00Z,20230201008,551209,Pacific Herring,Clupea pallasi,A1+,TC,38,1039,400601,5,Bering Sea,60.5-168,S,"Can Trawl 400 headrope, 601 sidewalls",2023-09-01T21:14:00Z,60.49,-167.99,2023-09-01T21:44:00Z,60.49,-167.93,NA,25,55.25,23.2,330,21110,8747010201,NA,NA,0,0,NA,NA,NA,0,0,NA
2023,8,2023-09-01T21:44:00Z,20230201008,934083,Pollock,Gadus chalcogrammus,A0,TC,9166.5,8148,400601,5,Bering Sea,60.5-168,S,"Can Trawl 400 headrope, 601 sidewalls",2023-09-01T21:14:00Z,60.49,-167.99,2023-09-01T21:44:00Z,60.49,-167.93,NA,25,55.25,23.2,330,21740,8791030701,NA,NA,0,0,NA,NA,NA,0,0,NA
2023,9,2023-09-02T02:19:00Z,20230201009,51669,Cyanea sp.,Cyanea sp.,U,TC,0,4970,400601,5,Bering Sea,60.5-167,S,"Can Trawl 400 headrope, 601 sidewalls",2023-09-02T01:49:00Z,60.5,-167,2023-09-02T02:19:00Z,60.53,-166.99,NA,20,54.41,22.07,300,40560,NA,NA,NA,0,0,NA,NA,NA,0,0,NA
2023,9,2023-09-02T02:19:00Z,20230201009,161975,Pink Salmon,Oncorhynchus gorbuscha,J,TC,158.11,5550,400601,5,Bering Sea,60.5-167,S,"Can Trawl 400 headrope, 601 sidewalls",2023-09-02T01:49:00Z,60.5,-167,2023-09-02T02:19:00Z,60.53,-166.99,NA,20,54.41,22.07,300,23230,8755010201,NA,NA,0,0,NA,NA,NA,0,0,NA
2023,9,2023-09-02T02:19:00Z,20230201009,161976,Chum Salmon,Oncorhynchus keta,J,TC,219.81,11870,400601,5,Bering Sea,60.5-167,S,"Can Trawl 400 headrope, 601 sidewalls",2023-09-02T01:49:00Z,60.5,-167,2023-09-02T02:19:00Z,60.53,-166.99,NA,20,54.41,22.07,300,23235,8755010202,NA,NA,0,0,NA,NA,NA,0,0,NA
2023,9,2023-09-02T02:19:00Z,20230201009,161977,Coho Salmon,Oncorhynchus kisutch,IM,TC,4,1320,400601,5,Bering Sea,60.5-167,S,"Can Trawl 400 headrope, 601 sidewalls",2023-09-02T01:49:00Z,60.5,-167,2023-09-02T02:19:00Z,60.53,-166.99,NA,20,54.41,22.07,300,23225,8755010203,NA,NA,0,0,NA,NA,NA,0,0,NA
2023,9,2023-09-02T02:19:00Z,20230201009,161980,Chinook Salmon,Oncorhynchus tshawytscha,J,TC,2,216,400601,5,Bering Sea,60.5-167,S,"Can Trawl 400 headrope, 601 sidewalls",2023-09-02T01:49:00Z,60.5,-167,2023-09-02T02:19:00Z,60.53,-166.99,NA,20,54.41,22.07,300,23220,8755010206,NA,NA,0,0,NA,NA,NA,0,0,NA
2023,9,2023-09-02T02:19:00Z,20230201009,164708,Saffron Cod,Eleginus gracilis,A0,TC,1,3,400601,5,Bering Sea,60.5-167,S,"Can Trawl 400 headrope, 601 sidewalls",2023-09-02T01:49:00Z,60.5,-167,2023-09-02T02:19:00Z,60.53,-166.99,NA,20,54.41,22.07,300,21735,8791030301,NA,NA,0,0,NA,NA,NA,0,0,NA
2023,9,2023-09-02T02:19:00Z,20230201009,170919,Pacific Sandfish,Trichodon trichodon,U,TC,1,70,400601,5,Bering Sea,60.5-167,S,"Can Trawl 400 headrope, 601 sidewalls",2023-09-02T01:49:00Z,60.5,-167,2023-09-02T02:19:00Z,60.53,-166.99,NA,20,54.41,22.07,300,21592,8840010201,NA,NA,0,0,NA,NA,NA,0,0,NA
2023,9,2023-09-02T02:19:00Z,20230201009,171672,Arctic Sand Lance,Ammodytes hexapterus,U,TC,1,9,400601,5,Bering Sea,60.5-167,S,"Can Trawl 400 headrope, 601 sidewalls",2023-09-02T01:49:00Z,60.5,-167,2023-09-02T02:19:00Z,60.53,-166.99,NA,20,54.41,22.07,300,20203,8845010101,NA,NA,0,0,NA,NA,NA,0,0,NA
2023,9,2023-09-02T02:19:00Z,20230201009,551209,Pacific Herring,Clupea pallasi,A1+,TC,424,9557,400601,5,Bering Sea,60.5-167,S,"Can Trawl 400 headrope, 601 sidewalls",2023-09-02T01:49:00Z,60.5,-167,2023-09-02T02:19:00Z,60.53,-166.99,NA,20,54.41,22.07,300,21110,8747010201,NA,NA,0,0,NA,NA,NA,0,0,NA
2023,9,2023-09-02T02:19:00Z,20230201009,934083,Pollock,Gadus chalcogrammus,A0,TC,350.73,595,400601,5,Bering Sea,60.5-167,S,"Can Trawl 400 headrope, 601 sidewalls",2023-09-02T01:49:00Z,60.5,-167,2023-09-02T02:19:00Z,60.53,-166.99,NA,20,54.41,22.07,300,21740,8791030701,NA,NA,0,0,NA,NA,NA,0,0,NA
2023,10,2023-09-02T17:29:00Z,20230201010,51669,Cyanea sp.,Cyanea sp.,U,TC,0,1320,400601,5,Bering Sea,61-167,S,"Can Trawl 400 headrope, 601 sidewalls",2023-09-02T16:59:00Z,60.99,-167,2023-09-02T17:29:00Z,61,-167.06,NA,16,49.96,19.7,225,40560,NA,NA,NA,0,0,NA,NA,NA,0,0,NA
2023,10,2023-09-02T17:29:00Z,20230201010,161975,Pink Salmon,Oncorhynchus gorbuscha,J,TC,23,542,400601,5,Bering Sea,61-167,S,"Can Trawl 400 headrope, 601 sidewalls",2023-09-02T16:59:00Z,60.99,-167,2023-09-02T17:29:00Z,61,-167.06,NA,16,49.96,19.7,225,23230,8755010201,NA,NA,0,0,NA,NA,NA,0,0,NA
2023,10,2023-09-02T17:29:00Z,20230201010,161976,Chum Salmon,Oncorhynchus keta,J,TC,39,2049,400601,5,Bering Sea,61-167,S,"Can Trawl 400 headrope, 601 sidewalls",2023-09-02T16:59:00Z,60.99,-167,2023-09-02T17:29:00Z,61,-167.06,NA,16,49.96,19.7,225,23235,8755010202,NA,NA,0,0,NA,NA,NA,0,0,NA
2023,10,2023-09-02T17:29:00Z,20230201010,161977,Coho Salmon,Oncorhynchus kisutch,J,TC,1,280,400601,5,Bering Sea,61-167,S,"Can Trawl 400 headrope, 601 sidewalls",2023-09-02T16:59:00Z,60.99,-167,2023-09-02T17:29:00Z,61,-167.06,NA,16,49.96,19.7,225,23225,8755010203,NA,NA,0,0,NA,NA,NA,0,0,NA
2023,10,2023-09-02T17:29:00Z,20230201010,161980,Chinook Salmon,Oncorhynchus tshawytscha,IM,TC,1,520,400601,5,Bering Sea,61-167,S,"Can Trawl 400 headrope, 601 sidewalls",2023-09-02T16:59:00Z,60.99,-167,2023-09-02T17:29:00Z,61,-167.06,NA,16,49.96,19.7,225,23220,8755010206,NA,NA,0,0,NA,NA,NA,0,0,NA
2023,10,2023-09-02T17:29:00Z,20230201010,161980,Chinook Salmon,Oncorhynchus tshawytscha,J,TC,9,1037,400601,5,Bering Sea,61-167,S,"Can Trawl 400 headrope, 601 sidewalls",2023-09-02T16:59:00Z,60.99,-167,2023-09-02T17:29:00Z,61,-167.06,NA,16,49.96,19.7,225,23220,8755010206,NA,NA,0,0,NA,NA,NA,0,0,NA
2023,10,2023-09-02T17:29:00Z,20230201010,162041,Rainbow Smelt,Osmerus mordax dentex,U,TC,19,782,400601,5,Bering Sea,61-167,S,"Can Trawl 400 headrope, 601 sidewalls",2023-09-02T16:59:00Z,60.99,-167,2023-09-02T17:29:00Z,61,-167.06,NA,16,49.96,19.7,225,23055,8755030302,NA,NA,0,0,NA,NA,NA,0,0,NA
2023,10,2023-09-02T17:29:00Z,20230201010,164708,Saffron Cod,Eleginus gracilis,A0,TC,145.75,880,400601,5,Bering Sea,61-167,S,"Can Trawl 400 headrope, 601 sidewalls",2023-09-02T16:59:00Z,60.99,-167,2023-09-02T17:29:00Z,61,-167.06,NA,16,49.96,19.7,225,21735,8791030301,NA,NA,0,0,NA,NA,NA,0,0,NA
2023,10,2023-09-02T17:29:00Z,20230201010,164708,Saffron Cod,Eleginus gracilis,A1+,TC,5,372,400601,5,Bering Sea,61-167,S,"Can Trawl 400 headrope, 601 sidewalls",2023-09-02T16:59:00Z,60.99,-167,2023-09-02T17:29:00Z,61,-167.06,NA,16,49.96,19.7,225,21735,8791030301,NA,NA,0,0,NA,NA,NA,0,0,NA
2023,10,2023-09-02T17:29:00Z,20230201010,171337,Bering Wolffish,Anarhichas orientalis,U,TC,2.04,49,400601,5,Bering Sea,61-167,S,"Can Trawl 400 headrope, 601 sidewalls",2023-09-02T16:59:00Z,60.99,-167,2023-09-02T17:29:00Z,61,-167.06,NA,16,49.96,19.7,225,20322,8842020101,NA,NA,0,0,NA,NA,NA,0,0,NA
2023,10,2023-09-02T17:29:00Z,20230201010,171672,Arctic Sand Lance,Ammodytes hexapterus,U,TC,1,16,400601,5,Bering Sea,61-167,S,"Can Trawl 400 headrope, 601 sidewalls",2023-09-02T16:59:00Z,60.99,-167,2023-09-02T17:29:00Z,61,-167.06,NA,16,49.96,19.7,225,20203,8845010101,NA,NA,0,0,NA,NA,NA,0,0,NA
2023,10,2023-09-02T17:29:00Z,20230201010,551209,Pacific Herring,Clupea pallasi,A1+,TC,275.56,15995,400601,5,Bering Sea,61-167,S,"Can Trawl 400 headrope, 601 sidewalls",2023-09-02T16:59:00Z,60.99,-167,2023-09-02T17:29:00Z,61,-167.06,NA,16,49.96,19.7,225,21110,8747010201,NA,NA,0,0,NA,NA,NA,0,0,NA
2023,10,2023-09-02T17:29:00Z,20230201010,934083,Pollock,Gadus chalcogrammus,A0,TC,0,8,400601,5,Bering Sea,61-167,S,"Can Trawl 400 headrope, 601 sidewalls",2023-09-02T16:59:00Z,60.99,-167,2023-09-02T17:29:00Z,61,-167.06,NA,16,49.96,19.7,225,21740,8791030701,NA,NA,0,0,NA,NA,NA,0,0,NA
2023,11,2023-09-03T16:40:00Z,20230201011,50513,Staurophora mertensi,Staurophora mertensi,U,TC,0,250,400601,5,Bering Sea,61-168,S,"Can Trawl 400 headrope, 601 sidewalls",2023-09-03T16:10:00Z,61,-168.03,2023-09-03T16:40:00Z,61,-168.1,NA,23,52.32,24.43,265,NA,40562,NA,NA,0,0,NA,NA,NA,0,0,NA
2023,11,2023-09-03T16:40:00Z,20230201011,51641,Northern Sea Nettle,Chrysaora melanaster,U,TC,3.48,3830,400601,5,Bering Sea,61-168,S,"Can Trawl 400 headrope, 601 sidewalls",2023-09-03T16:10:00Z,61,-168.03,2023-09-03T16:40:00Z,61,-168.1,NA,23,52.32,24.43,265,40504,NA,NA,NA,0,0,NA,NA,NA,0,0,NA
2023,11,2023-09-03T16:40:00Z,20230201011,51669,Cyanea sp.,Cyanea sp.,U,TC,0,320,400601,5,Bering Sea,61-168,S,"Can Trawl 400 headrope, 601 sidewalls",2023-09-03T16:10:00Z,61,-168.03,2023-09-03T16:40:00Z,61,-168.1,NA,23,52.32,24.43,265,40560,NA,NA,NA,0,0,NA,NA,NA,0,0,NA
2023,11,2023-09-03T16:40:00Z,20230201011,161975,Pink Salmon,Oncorhynchus gorbuscha,J,TC,52,2504,400601,5,Bering Sea,61-168,S,"Can Trawl 400 headrope, 601 sidewalls",2023-09-03T16:10:00Z,61,-168.03,2023-09-03T16:40:00Z,61,-168.1,NA,23,52.32,24.43,265,23230,8755010201,NA,NA,0,0,NA,NA,NA,0,0,NA
2023,11,2023-09-03T16:40:00Z,20230201011,161976,Chum Salmon,Oncorhynchus keta,IM,TC,1,3870,400601,5,Bering Sea,61-168,S,"Can Trawl 400 headrope, 601 sidewalls",2023-09-03T16:10:00Z,61,-168.03,2023-09-03T16:40:00Z,61,-168.1,NA,23,52.32,24.43,265,23235,8755010202,NA,NA,0,0,NA,NA,NA,0,0,NA
2023,11,2023-09-03T16:40:00Z,20230201011,161976,Chum Salmon,Oncorhynchus keta,J,TC,103.58,6566,400601,5,Bering Sea,61-168,S,"Can Trawl 400 headrope, 601 sidewalls",2023-09-03T16:10:00Z,61,-168.03,2023-09-03T16:40:00Z,61,-168.1,NA,23,52.32,24.43,265,23235,8755010202,NA,NA,0,0,NA,NA,NA,0,0,NA
2023,11,2023-09-03T16:40:00Z,20230201011,161980,Chinook Salmon,Oncorhynchus tshawytscha,J,TC,2,266,400601,5,Bering Sea,61-168,S,"Can Trawl 400 headrope, 601 sidewalls",2023-09-03T16:10:00Z,61,-168.03,2023-09-03T16:40:00Z,61,-168.1,NA,23,52.32,24.43,265,23220,8755010206,NA,NA,0,0,NA,NA,NA,0,0,NA
2023,11,2023-09-03T16:40:00Z,20230201011,162041,Rainbow Smelt,Osmerus mordax dentex,U,TC,20,1284,400601,5,Bering Sea,61-168,S,"Can Trawl 400 headrope, 601 sidewalls",2023-09-03T16:10:00Z,61,-168.03,2023-09-03T16:40:00Z,61,-168.1,NA,23,52.32,24.43,265,23055,8755030302,NA,NA,0,0,NA,NA,NA,0,0,NA
2023,11,2023-09-03T16:40:00Z,20230201011,164711,Pacific Cod,Gadus macrocephalus,A1+,TC,1,116,400601,5,Bering Sea,61-168,S,"Can Trawl 400 headrope, 601 sidewalls",2023-09-03T16:10:00Z,61,-168.03,2023-09-03T16:40:00Z,61,-168.1,NA,23,52.32,24.43,265,21720,8791030401,NA,NA,0,0,NA,NA,NA,0,0,NA
2023,11,2023-09-03T16:40:00Z,20230201011,172893,Starry Flounder,Platichthys stellatus,U,TC,1,790,400601,5,Bering Sea,61-168,S,"Can Trawl 400 headrope, 601 sidewalls",2023-09-03T16:10:00Z,61,-168.03,2023-09-03T16:40:00Z,61,-168.1,NA,23,52.32,24.43,265,10220,8857041401,NA,NA,0,0,NA,NA,NA,0,0,NA
2023,11,2023-09-03T16:40:00Z,20230201011,172907,Yellowfin Sole,Limanda aspera,U,TC,7,851,400601,5,Bering Sea,61-168,S,"Can Trawl 400 headrope, 601 sidewalls",2023-09-03T16:10:00Z,61,-168.03,2023-09-03T16:40:00Z,61,-168.1,NA,23,52.32,24.43,265,10210,8857041505,NA,NA,0,0,NA,NA,NA,0,0,NA
2023,11,2023-09-03T16:40:00Z,20230201011,172930,Greenland Halibut,Reinhardtius hippoglossoides,U,TC,1,2,400601,5,Bering Sea,61-168,S,"Can Trawl 400 headrope, 601 sidewalls",2023-09-03T16:10:00Z,61,-168.03,2023-09-03T16:40:00Z,61,-168.1,NA,23,52.32,24.43,265,10115,8857041801,NA,NA,0,0,NA,NA,NA,0,0,NA
2023,11,2023-09-03T16:40:00Z,20230201011,551209,Pacific Herring,Clupea pallasi,A1+,TC,161.43,4426,400601,5,Bering Sea,61-168,S,"Can Trawl 400 headrope, 601 sidewalls",2023-09-03T16:10:00Z,61,-168.03,2023-09-03T16:40:00Z,61,-168.1,NA,23,52.32,24.43,265,21110,8747010201,NA,NA,0,0,NA,NA,NA,0,0,NA
2023,11,2023-09-03T16:40:00Z,20230201011,934083,Pollock,Gadus chalcogrammus,A0,TC,3492,5820,400601,5,Bering Sea,61-168,S,"Can Trawl 400 headrope, 601 sidewalls",2023-09-03T16:10:00Z,61,-168.03,2023-09-03T16:40:00Z,61,-168.1,NA,23,52.32,24.43,265,21740,8791030701,NA,NA,0,0,NA,NA,NA,0,0,NA
2023,11,2023-09-03T16:40:00Z,20230201011,934083,Pollock,Gadus chalcogrammus,A1,TC,5,59,400601,5,Bering Sea,61-168,S,"Can Trawl 400 headrope, 601 sidewalls",2023-09-03T16:10:00Z,61,-168.03,2023-09-03T16:40:00Z,61,-168.1,NA,23,52.32,24.43,265,21740,8791030701,NA,NA,0,0,NA,NA,NA,0,0,NA
2023,11,2023-09-03T16:40:00Z,20230201011,934083,Pollock,Gadus chalcogrammus,A1+,TC,1,1050,400601,5,Bering Sea,61-168,S,"Can Trawl 400 headrope, 601 sidewalls",2023-09-03T16:10:00Z,61,-168.03,2023-09-03T16:40:00Z,61,-168.1,NA,23,52.32,24.43,265,21740,8791030701,NA,NA,0,0,NA,NA,NA,0,0,NA
2023,12,2023-09-03T22:22:00Z,20230201012,51641,Northern Sea Nettle,Chrysaora melanaster,U,TC,5.22,10110,400601,5,Bering Sea,61-169,S,"Can Trawl 400 headrope, 601 sidewalls",2023-09-03T21:52:00Z,60.99,-168.99,2023-09-03T22:22:00Z,60.99,-169.04,NA,32,54.06,25.21,330,40504,NA,NA,NA,0,0,NA,NA,NA,0,0,NA
2023,12,2023-09-03T22:22:00Z,20230201012,161977,Coho Salmon,Oncorhynchus kisutch,IM,TC,1,2790,400601,5,Bering Sea,61-169,S,"Can Trawl 400 headrope, 601 sidewalls",2023-09-03T21:52:00Z,60.99,-168.99,2023-09-03T22:22:00Z,60.99,-169.04,NA,32,54.06,25.21,330,23225,8755010203,NA,NA,0,0,NA,NA,NA,0,0,NA
2023,12,2023-09-03T22:22:00Z,20230201012,161979,Sockeye Salmon,Oncorhynchus nerka,IM,TC,1,940,400601,5,Bering Sea,61-169,S,"Can Trawl 400 headrope, 601 sidewalls",2023-09-03T21:52:00Z,60.99,-168.99,2023-09-03T22:22:00Z,60.99,-169.04,NA,32,54.06,25.21,330,23240,8755010205,NA,NA,0,0,NA,NA,NA,0,0,NA
2023,12,2023-09-03T22:22:00Z,20230201012,161980,Chinook Salmon,Oncorhynchus tshawytscha,IM,TC,1,4440,400601,5,Bering Sea,61-169,S,"Can Trawl 400 headrope, 601 sidewalls",2023-09-03T21:52:00Z,60.99,-168.99,2023-09-03T22:22:00Z,60.99,-169.04,NA,32,54.06,25.21,330,23220,8755010206,NA,NA,0,0,NA,NA,NA,0,0,NA
2023,12,2023-09-03T22:22:00Z,20230201012,162035,Capelin,Mallotus villosus,U,TC,11,81,400601,5,Bering Sea,61-169,S,"Can Trawl 400 headrope, 601 sidewalls",2023-09-03T21:52:00Z,60.99,-168.99,2023-09-03T22:22:00Z,60.99,-169.04,NA,32,54.06,25.21,330,23041,8755030201,NA,NA,0,0,NA,NA,NA,0,0,NA
2023,12,2023-09-03T22:22:00Z,20230201012,164711,Pacific Cod,Gadus macrocephalus,A0,TC,2,5,400601,5,Bering Sea,61-169,S,"Can Trawl 400 headrope, 601 sidewalls",2023-09-03T21:52:00Z,60.99,-168.99,2023-09-03T22:22:00Z,60.99,-169.04,NA,32,54.06,25.21,330,21720,8791030401,NA,NA,0,0,NA,NA,NA,0,0,NA
2023,12,2023-09-03T22:22:00Z,20230201012,551209,Pacific Herring,Clupea pallasi,A1+,TC,5,374,400601,5,Bering Sea,61-169,S,"Can Trawl 400 headrope, 601 sidewalls",2023-09-03T21:52:00Z,60.99,-168.99,2023-09-03T22:22:00Z,60.99,-169.04,NA,32,54.06,25.21,330,21110,8747010201,NA,NA,0,0,NA,NA,NA,0,0,NA
2023,12,2023-09-03T22:22:00Z,20230201012,934083,Pollock,Gadus chalcogrammus,A0,TC,3251.46,3932,400601,5,Bering Sea,61-169,S,"Can Trawl 400 headrope, 601 sidewalls",2023-09-03T21:52:00Z,60.99,-168.99,2023-09-03T22:22:00Z,60.99,-169.04,NA,32,54.06,25.21,330,21740,8791030701,NA,NA,0,0,NA,NA,NA,0,0,NA
2023,12,2023-09-03T22:22:00Z,20230201012,934083,Pollock,Gadus chalcogrammus,A1,TC,69.2,1977,400601,5,Bering Sea,61-169,S,"Can Trawl 400 headrope, 601 sidewalls",2023-09-03T21:52:00Z,60.99,-168.99,2023-09-03T22:22:00Z,60.99,-169.04,NA,32,54.06,25.21,330,21740,8791030701,NA,NA,0,0,NA,NA,NA,0,0,NA
2023,12,2023-09-03T22:22:00Z,20230201012,934083,Pollock,Gadus chalcogrammus,A1+,TC,16,12600,400601,5,Bering Sea,61-169,S,"Can Trawl 400 headrope, 601 sidewalls",2023-09-03T21:52:00Z,60.99,-168.99,2023-09-03T22:22:00Z,60.99,-169.04,NA,32,54.06,25.21,330,21740,8791030701,NA,NA,0,0,NA,NA,NA,0,0,NA
2023,13,2023-09-04T03:39:00Z,20230201013,51641,Northern Sea Nettle,Chrysaora melanaster,U,SC,117.98,182088.6,400601,5,Bering Sea,61-170,S,"Can Trawl 400 headrope, 601 sidewalls",2023-09-04T03:09:00Z,60.99,-170.01,2023-09-04T03:39:00Z,61.01,-170.08,NA,42,51.51,24.05,330,40504,NA,NA,NA,0,0,NA,NA,NA,0,0,NA
2023,13,2023-09-04T03:39:00Z,20230201013,164711,Pacific Cod,Gadus macrocephalus,A0,SC,46.47,223.1,400601,5,Bering Sea,61-170,S,"Can Trawl 400 headrope, 601 sidewalls",2023-09-04T03:09:00Z,60.99,-170.01,2023-09-04T03:39:00Z,61.01,-170.08,NA,42,51.51,24.05,330,21720,8791030401,NA,NA,0,0,NA,NA,NA,0,0,NA
2023,13,2023-09-04T03:39:00Z,20230201013,551209,Pacific Herring,Clupea pallasi,A1+,TC,2,203,400601,5,Bering Sea,61-170,S,"Can Trawl 400 headrope, 601 sidewalls",2023-09-04T03:09:00Z,60.99,-170.01,2023-09-04T03:39:00Z,61.01,-170.08,NA,42,51.51,24.05,330,21110,8747010201,NA,NA,0,0,NA,NA,NA,0,0,NA
2023,13,2023-09-04T03:39:00Z,20230201013,934083,Pollock,Gadus chalcogrammus,A0,SC,4930.98,9862,400601,5,Bering Sea,61-170,S,"Can Trawl 400 headrope, 601 sidewalls",2023-09-04T03:09:00Z,60.99,-170.01,2023-09-04T03:39:00Z,61.01,-170.08,NA,42,51.51,24.05,330,21740,8791030701,NA,NA,0,0,NA,NA,NA,0,0,NA
2023,13,2023-09-04T03:39:00Z,20230201013,934083,Pollock,Gadus chalcogrammus,A1,SC,4.64,79,400601,5,Bering Sea,61-170,S,"Can Trawl 400 headrope, 601 sidewalls",2023-09-04T03:09:00Z,60.99,-170.01,2023-09-04T03:39:00Z,61.01,-170.08,NA,42,51.51,24.05,330,21740,8791030701,NA,NA,0,0,NA,NA,NA,0,0,NA
2023,13,2023-09-04T03:39:00Z,20230201013,934083,Pollock,Gadus chalcogrammus,A1+,TC,19,12560,400601,5,Bering Sea,61-170,S,"Can Trawl 400 headrope, 601 sidewalls",2023-09-04T03:09:00Z,60.99,-170.01,2023-09-04T03:39:00Z,61.01,-170.08,NA,42,51.51,24.05,330,21740,8791030701,NA,NA,0,0,NA,NA,NA,0,0,NA
2023,14,2023-09-04T17:38:00Z,20230201014,51641,Northern Sea Nettle,Chrysaora melanaster,U,SC,138.85,63454.7,400601,5,Bering Sea,61-171,S,"Can Trawl 400 headrope, 601 sidewalls",2023-09-04T17:08:00Z,61.01,-170.99,2023-09-04T17:38:00Z,61.04,-171.01,NA,50,52.9,23.16,330,40504,NA,NA,NA,0,0,NA,NA,NA,0,0,NA
2023,14,2023-09-04T17:38:00Z,20230201014,161979,Sockeye Salmon,Oncorhynchus nerka,IM,TC,7,4250,400601,5,Bering Sea,61-171,S,"Can Trawl 400 headrope, 601 sidewalls",2023-09-04T17:08:00Z,61.01,-170.99,2023-09-04T17:38:00Z,61.04,-171.01,NA,50,52.9,23.16,330,23240,8755010205,NA,NA,0,0,NA,NA,NA,0,0,NA
2023,14,2023-09-04T17:38:00Z,20230201014,162035,Capelin,Mallotus villosus,U,TC,7,69,400601,5,Bering Sea,61-171,S,"Can Trawl 400 headrope, 601 sidewalls",2023-09-04T17:08:00Z,61.01,-170.99,2023-09-04T17:38:00Z,61.04,-171.01,NA,50,52.9,23.16,330,23041,8755030201,NA,NA,0,0,NA,NA,NA,0,0,NA
2023,14,2023-09-04T17:38:00Z,20230201014,164711,Pacific Cod,Gadus macrocephalus,A0,SC,35.64,261.4,400601,5,Bering Sea,61-171,S,"Can Trawl 400 headrope, 601 sidewalls",2023-09-04T17:08:00Z,61.01,-170.99,2023-09-04T17:38:00Z,61.04,-171.01,NA,50,52.9,23.16,330,21720,8791030401,NA,NA,0,0,NA,NA,NA,0,0,NA
2023,14,2023-09-04T17:38:00Z,20230201014,167220,Crested Sculpin,Blepsias bilobus,U,TC,0,5,400601,5,Bering Sea,61-171,S,"Can Trawl 400 headrope, 601 sidewalls",2023-09-04T17:08:00Z,61.01,-170.99,2023-09-04T17:38:00Z,61.04,-171.01,NA,50,52.9,23.16,330,21397,8831020601,NA,NA,0,0,NA,NA,NA,0,0,NA
2023,14,2023-09-04T17:38:00Z,20230201014,551209,Pacific Herring,Clupea pallasi,A1+,TC,1,96,400601,5,Bering Sea,61-171,S,"Can Trawl 400 headrope, 601 sidewalls",2023-09-04T17:08:00Z,61.01,-170.99,2023-09-04T17:38:00Z,61.04,-171.01,NA,50,52.9,23.16,330,21110,8747010201,NA,NA,0,0,NA,NA,NA,0,0,NA
2023,14,2023-09-04T17:38:00Z,20230201014,622287,Arctic Lamprey,Lethenteron camtschaticum,U,TC,1,92,400601,5,Bering Sea,61-171,S,"Can Trawl 400 headrope, 601 sidewalls",2023-09-04T17:08:00Z,61.01,-170.99,2023-09-04T17:38:00Z,61.04,-171.01,NA,50,52.9,23.16,330,NA,8603010201,NA,NA,0,0,NA,NA,NA,0,0,NA
2023,14,2023-09-04T17:38:00Z,20230201014,934083,Pollock,Gadus chalcogrammus,A0,SC,4523.24,7072.7,400601,5,Bering Sea,61-171,S,"Can Trawl 400 headrope, 601 sidewalls",2023-09-04T17:08:00Z,61.01,-170.99,2023-09-04T17:38:00Z,61.04,-171.01,NA,50,52.9,23.16,330,21740,8791030701,NA,NA,0,0,NA,NA,NA,0,0,NA
2023,14,2023-09-04T17:38:00Z,20230201014,934083,Pollock,Gadus chalcogrammus,A1,TC,12,380,400601,5,Bering Sea,61-171,S,"Can Trawl 400 headrope, 601 sidewalls",2023-09-04T17:08:00Z,61.01,-170.99,2023-09-04T17:38:00Z,61.04,-171.01,NA,50,52.9,23.16,330,21740,8791030701,NA,NA,0,0,NA,NA,NA,0,0,NA
2023,14,2023-09-04T17:38:00Z,20230201014,934083,Pollock,Gadus chalcogrammus,A1+,TC,11,7450,400601,5,Bering Sea,61-171,S,"Can Trawl 400 headrope, 601 sidewalls",2023-09-04T17:08:00Z,61.01,-170.99,2023-09-04T17:38:00Z,61.04,-171.01,NA,50,52.9,23.16,330,21740,8791030701,NA,NA,0,0,NA,NA,NA,0,0,NA
2023,15,2023-09-04T22:11:00Z,20230201015,51641,Northern Sea Nettle,Chrysaora melanaster,U,TC,134.28,46330,400601,5,Bering Sea,61.5-171,S,"Can Trawl 400 headrope, 601 sidewalls",2023-09-04T21:41:00Z,61.5,-170.97,2023-09-04T22:11:00Z,61.5,-170.89,NA,45,51.79,23.26,330,40504,NA,NA,NA,0,0,NA,NA,NA,0,0,NA
2023,15,2023-09-04T22:11:00Z,20230201015,161977,Coho Salmon,Oncorhynchus kisutch,IM,TC,1,3930,400601,5,Bering Sea,61.5-171,S,"Can Trawl 400 headrope, 601 sidewalls",2023-09-04T21:41:00Z,61.5,-170.97,2023-09-04T22:11:00Z,61.5,-170.89,NA,45,51.79,23.26,330,23225,8755010203,NA,NA,0,0,NA,NA,NA,0,0,NA
2023,15,2023-09-04T22:11:00Z,20230201015,162035,Capelin,Mallotus villosus,U,TC,4,47,400601,5,Bering Sea,61.5-171,S,"Can Trawl 400 headrope, 601 sidewalls",2023-09-04T21:41:00Z,61.5,-170.97,2023-09-04T22:11:00Z,61.5,-170.89,NA,45,51.79,23.26,330,23041,8755030201,NA,NA,0,0,NA,NA,NA,0,0,NA
2023,15,2023-09-04T22:11:00Z,20230201015,164711,Pacific Cod,Gadus macrocephalus,A0,TC,5,16,400601,5,Bering Sea,61.5-171,S,"Can Trawl 400 headrope, 601 sidewalls",2023-09-04T21:41:00Z,61.5,-170.97,2023-09-04T22:11:00Z,61.5,-170.89,NA,45,51.79,23.26,330,21720,8791030401,NA,NA,0,0,NA,NA,NA,0,0,NA
2023,15,2023-09-04T22:11:00Z,20230201015,934083,Pollock,Gadus chalcogrammus,A0,TC,2810.44,4954,400601,5,Bering Sea,61.5-171,S,"Can Trawl 400 headrope, 601 sidewalls",2023-09-04T21:41:00Z,61.5,-170.97,2023-09-04T22:11:00Z,61.5,-170.89,NA,45,51.79,23.26,330,21740,8791030701,NA,NA,0,0,NA,NA,NA,0,0,NA
2023,15,2023-09-04T22:11:00Z,20230201015,934083,Pollock,Gadus chalcogrammus,A1,TC,1,34,400601,5,Bering Sea,61.5-171,S,"Can Trawl 400 headrope, 601 sidewalls",2023-09-04T21:41:00Z,61.5,-170.97,2023-09-04T22:11:00Z,61.5,-170.89,NA,45,51.79,23.26,330,21740,8791030701,NA,NA,0,0,NA,NA,NA,0,0,NA
2023,15,2023-09-04T22:11:00Z,20230201015,934083,Pollock,Gadus chalcogrammus,A1+,TC,10,6150,400601,5,Bering Sea,61.5-171,S,"Can Trawl 400 headrope, 601 sidewalls",2023-09-04T21:41:00Z,61.5,-170.97,2023-09-04T22:11:00Z,61.5,-170.89,NA,45,51.79,23.26,330,21740,8791030701,NA,NA,0,0,NA,NA,NA,0,0,NA
2023,16,2023-09-05T02:40:00Z,20230201016,164711,Pacific Cod,Gadus macrocephalus,A0,TC,6,8,400601,5,Bering Sea,61.5-170,S,"Can Trawl 400 headrope, 601 sidewalls",2023-09-05T02:10:00Z,61.49,-169.99,2023-09-05T02:40:00Z,61.5,-169.93,NA,43,52.41,21.99,330,21720,8791030401,NA,NA,0,0,NA,NA,NA,0,0,NA
2023,16,2023-09-05T02:40:00Z,20230201016,551209,Pacific Herring,Clupea pallasi,A1+,TC,21,2360,400601,5,Bering Sea,61.5-170,S,"Can Trawl 400 headrope, 601 sidewalls",2023-09-05T02:10:00Z,61.49,-169.99,2023-09-05T02:40:00Z,61.5,-169.93,NA,43,52.41,21.99,330,21110,8747010201,NA,NA,0,0,NA,NA,NA,0,0,NA
2023,16,2023-09-05T02:40:00Z,20230201016,934083,Pollock,Gadus chalcogrammus,A0,TC,2646.09,4478,400601,5,Bering Sea,61.5-170,S,"Can Trawl 400 headrope, 601 sidewalls",2023-09-05T02:10:00Z,61.49,-169.99,2023-09-05T02:40:00Z,61.5,-169.93,NA,43,52.41,21.99,330,21740,8791030701,NA,NA,0,0,NA,NA,NA,0,0,NA
2023,16,2023-09-05T02:40:00Z,20230201016,934083,Pollock,Gadus chalcogrammus,A1,TC,556.86,17029,400601,5,Bering Sea,61.5-170,S,"Can Trawl 400 headrope, 601 sidewalls",2023-09-05T02:10:00Z,61.49,-169.99,2023-09-05T02:40:00Z,61.5,-169.93,NA,43,52.41,21.99,330,21740,8791030701,NA,NA,0,0,NA,NA,NA,0,0,NA
2023,16,2023-09-05T02:40:00Z,20230201016,934083,Pollock,Gadus chalcogrammus,A1+,TC,1,770,400601,5,Bering Sea,61.5-170,S,"Can Trawl 400 headrope, 601 sidewalls",2023-09-05T02:10:00Z,61.49,-169.99,2023-09-05T02:40:00Z,61.5,-169.93,NA,43,52.41,21.99,330,21740,8791030701,NA,NA,0,0,NA,NA,NA,0,0,NA
2023,16,2023-09-05T02:40:00Z,20230201016,51641,Northern Sea Nettle,Chrysaora melanaster,U,TC,62.84,28370,400601,5,Bering Sea,61.5-170,S,"Can Trawl 400 headrope, 601 sidewalls",2023-09-05T02:10:00Z,61.49,-169.99,2023-09-05T02:40:00Z,61.5,-169.93,NA,43,52.41,21.99,330,40504,NA,NA,NA,0,0,NA,NA,NA,0,0,NA
2023,16,2023-09-05T02:40:00Z,20230201016,162035,Capelin,Mallotus villosus,U,TC,7,73,400601,5,Bering Sea,61.5-170,S,"Can Trawl 400 headrope, 601 sidewalls",2023-09-05T02:10:00Z,61.49,-169.99,2023-09-05T02:40:00Z,61.5,-169.93,NA,43,52.41,21.99,330,23041,8755030201,NA,NA,0,0,NA,NA,NA,0,0,NA
2023,17,2023-09-05T17:24:00Z,20230201017,51641,Northern Sea Nettle,Chrysaora melanaster,U,TC,47.6,33560,400601,5,Bering Sea,61.5-169,S,"Can Trawl 400 headrope, 601 sidewalls",2023-09-05T16:54:00Z,61.5,-169.01,2023-09-05T17:24:00Z,61.51,-168.95,NA,30,52.22,21.27,330,40504,NA,NA,NA,0,0,NA,NA,NA,0,0,NA
2023,17,2023-09-05T17:24:00Z,20230201017,82418,"Gonatus Squid, unident.",Gonatus,U,TC,1,23,400601,5,Bering Sea,61.5-169,S,"Can Trawl 400 headrope, 601 sidewalls",2023-09-05T16:54:00Z,61.5,-169.01,2023-09-05T17:24:00Z,61.51,-168.95,NA,30,52.22,21.27,330,79200,NA,NA,NA,0,0,NA,NA,NA,0,0,NA
2023,17,2023-09-05T17:24:00Z,20230201017,161976,Chum Salmon,Oncorhynchus keta,IM,TC,2,8150,400601,5,Bering Sea,61.5-169,S,"Can Trawl 400 headrope, 601 sidewalls",2023-09-05T16:54:00Z,61.5,-169.01,2023-09-05T17:24:00Z,61.51,-168.95,NA,30,52.22,21.27,330,23235,8755010202,NA,NA,0,0,NA,NA,NA,0,0,NA
2023,17,2023-09-05T17:24:00Z,20230201017,161980,Chinook Salmon,Oncorhynchus tshawytscha,IM,TC,2,5390,400601,5,Bering Sea,61.5-169,S,"Can Trawl 400 headrope, 601 sidewalls",2023-09-05T16:54:00Z,61.5,-169.01,2023-09-05T17:24:00Z,61.51,-168.95,NA,30,52.22,21.27,330,23220,8755010206,NA,NA,0,0,NA,NA,NA,0,0,NA
2023,17,2023-09-05T17:24:00Z,20230201017,162035,Capelin,Mallotus villosus,U,TC,506.47,4737,400601,5,Bering Sea,61.5-169,S,"Can Trawl 400 headrope, 601 sidewalls",2023-09-05T16:54:00Z,61.5,-169.01,2023-09-05T17:24:00Z,61.51,-168.95,NA,30,52.22,21.27,330,23041,8755030201,NA,NA,0,0,NA,NA,NA,0,0,NA
2023,17,2023-09-05T17:24:00Z,20230201017,164711,Pacific Cod,Gadus macrocephalus,A0,TC,1,1,400601,5,Bering Sea,61.5-169,S,"Can Trawl 400 headrope, 601 sidewalls",2023-09-05T16:54:00Z,61.5,-169.01,2023-09-05T17:24:00Z,61.51,-168.95,NA,30,52.22,21.27,330,21720,8791030401,NA,NA,0,0,NA,NA,NA,0,0,NA
2023,17,2023-09-05T17:24:00Z,20230201017,551209,Pacific Herring,Clupea pallasi,A1+,TC,1,88,400601,5,Bering Sea,61.5-169,S,"Can Trawl 400 headrope, 601 sidewalls",2023-09-05T16:54:00Z,61.5,-169.01,2023-09-05T17:24:00Z,61.51,-168.95,NA,30,52.22,21.27,330,21110,8747010201,NA,NA,0,0,NA,NA,NA,0,0,NA
2023,17,2023-09-05T17:24:00Z,20230201017,934083,Pollock,Gadus chalcogrammus,A0,TC,1820,2800,400601,5,Bering Sea,61.5-169,S,"Can Trawl 400 headrope, 601 sidewalls",2023-09-05T16:54:00Z,61.5,-169.01,2023-09-05T17:24:00Z,61.51,-168.95,NA,30,52.22,21.27,330,21740,8791030701,NA,NA,0,0,NA,NA,NA,0,0,NA
2023,17,2023-09-05T17:24:00Z,20230201017,934083,Pollock,Gadus chalcogrammus,A1,TC,1,16,400601,5,Bering Sea,61.5-169,S,"Can Trawl 400 headrope, 601 sidewalls",2023-09-05T16:54:00Z,61.5,-169.01,2023-09-05T17:24:00Z,61.51,-168.95,NA,30,52.22,21.27,330,21740,8791030701,NA,NA,0,0,NA,NA,NA,0,0,NA
2023,17,2023-09-05T17:24:00Z,20230201017,934083,Pollock,Gadus chalcogrammus,A1+,TC,7,4080,400601,5,Bering Sea,61.5-169,S,"Can Trawl 400 headrope, 601 sidewalls",2023-09-05T16:54:00Z,61.5,-169.01,2023-09-05T17:24:00Z,61.51,-168.95,NA,30,52.22,21.27,330,21740,8791030701,NA,NA,0,0,NA,NA,NA,0,0,NA
2023,18,2023-09-05T22:22:00Z,20230201018,51641,Northern Sea Nettle,Chrysaora melanaster,U,TC,0,1460,400601,5,Bering Sea,61.5-168,S,"Can Trawl 400 headrope, 601 sidewalls",2023-09-05T21:52:00Z,61.51,-167.98,2023-09-05T22:22:00Z,61.51,-167.89,NA,23,52.89,23.28,300,40504,NA,NA,NA,0,0,NA,NA,NA,0,0,NA
2023,18,2023-09-05T22:22:00Z,20230201018,51669,Cyanea sp.,Cyanea sp.,U,TC,0,940,400601,5,Bering Sea,61.5-168,S,"Can Trawl 400 headrope, 601 sidewalls",2023-09-05T21:52:00Z,61.51,-167.98,2023-09-05T22:22:00Z,61.51,-167.89,NA,23,52.89,23.28,300,40560,NA,NA,NA,0,0,NA,NA,NA,0,0,NA
2023,18,2023-09-05T22:22:00Z,20230201018,161975,Pink Salmon,Oncorhynchus gorbuscha,J,TC,342.81,12972,400601,5,Bering Sea,61.5-168,S,"Can Trawl 400 headrope, 601 sidewalls",2023-09-05T21:52:00Z,61.51,-167.98,2023-09-05T22:22:00Z,61.51,-167.89,NA,23,52.89,23.28,300,23230,8755010201,NA,NA,0,0,NA,NA,NA,0,0,NA
2023,18,2023-09-05T22:22:00Z,20230201018,161976,Chum Salmon,Oncorhynchus keta,J,TC,127.22,7430,400601,5,Bering Sea,61.5-168,S,"Can Trawl 400 headrope, 601 sidewalls",2023-09-05T21:52:00Z,61.51,-167.98,2023-09-05T22:22:00Z,61.51,-167.89,NA,23,52.89,23.28,300,23235,8755010202,NA,NA,0,0,NA,NA,NA,0,0,NA
2023,18,2023-09-05T22:22:00Z,20230201018,161977,Coho Salmon,Oncorhynchus kisutch,J,TC,3,925,400601,5,Bering Sea,61.5-168,S,"Can Trawl 400 headrope, 601 sidewalls",2023-09-05T21:52:00Z,61.51,-167.98,2023-09-05T22:22:00Z,61.51,-167.89,NA,23,52.89,23.28,300,23225,8755010203,NA,NA,0,0,NA,NA,NA,0,0,NA
2023,18,2023-09-05T22:22:00Z,20230201018,161979,Sockeye Salmon,Oncorhynchus nerka,IM,TC,1,1880,400601,5,Bering Sea,61.5-168,S,"Can Trawl 400 headrope, 601 sidewalls",2023-09-05T21:52:00Z,61.51,-167.98,2023-09-05T22:22:00Z,61.51,-167.89,NA,23,52.89,23.28,300,23240,8755010205,NA,NA,0,0,NA,NA,NA,0,0,NA
2023,18,2023-09-05T22:22:00Z,20230201018,161980,Chinook Salmon,Oncorhynchus tshawytscha,J,TC,24,3038,400601,5,Bering Sea,61.5-168,S,"Can Trawl 400 headrope, 601 sidewalls",2023-09-05T21:52:00Z,61.51,-167.98,2023-09-05T22:22:00Z,61.51,-167.89,NA,23,52.89,23.28,300,23220,8755010206,NA,NA,0,0,NA,NA,NA,0,0,NA
2023,18,2023-09-05T22:22:00Z,20230201018,162035,Capelin,Mallotus villosus,U,TC,5,40,400601,5,Bering Sea,61.5-168,S,"Can Trawl 400 headrope, 601 sidewalls",2023-09-05T21:52:00Z,61.51,-167.98,2023-09-05T22:22:00Z,61.51,-167.89,NA,23,52.89,23.28,300,23041,8755030201,NA,NA,0,0,NA,NA,NA,0,0,NA
2023,18,2023-09-05T22:22:00Z,20230201018,162041,Rainbow Smelt,Osmerus mordax dentex,U,TC,3,159,400601,5,Bering Sea,61.5-168,S,"Can Trawl 400 headrope, 601 sidewalls",2023-09-05T21:52:00Z,61.51,-167.98,2023-09-05T22:22:00Z,61.51,-167.89,NA,23,52.89,23.28,300,23055,8755030302,NA,NA,0,0,NA,NA,NA,0,0,NA
2023,18,2023-09-05T22:22:00Z,20230201018,164708,Saffron Cod,Eleginus gracilis,A0,TC,19,119,400601,5,Bering Sea,61.5-168,S,"Can Trawl 400 headrope, 601 sidewalls",2023-09-05T21:52:00Z,61.51,-167.98,2023-09-05T22:22:00Z,61.51,-167.89,NA,23,52.89,23.28,300,21735,8791030301,NA,NA,0,0,NA,NA,NA,0,0,NA
2023,18,2023-09-05T22:22:00Z,20230201018,172907,Yellowfin Sole,Limanda aspera,U,TC,3,680,400601,5,Bering Sea,61.5-168,S,"Can Trawl 400 headrope, 601 sidewalls",2023-09-05T21:52:00Z,61.51,-167.98,2023-09-05T22:22:00Z,61.51,-167.89,NA,23,52.89,23.28,300,10210,8857041505,NA,NA,0,0,NA,NA,NA,0,0,NA
2023,18,2023-09-05T22:22:00Z,20230201018,551209,Pacific Herring,Clupea pallasi,A1+,TC,970.32,36646,400601,5,Bering Sea,61.5-168,S,"Can Trawl 400 headrope, 601 sidewalls",2023-09-05T21:52:00Z,61.51,-167.98,2023-09-05T22:22:00Z,61.51,-167.89,NA,23,52.89,23.28,300,21110,8747010201,NA,NA,0,0,NA,NA,NA,0,0,NA
2023,18,2023-09-05T22:22:00Z,20230201018,622287,Arctic Lamprey,Lethenteron camtschaticum,U,TC,1,50,400601,5,Bering Sea,61.5-168,S,"Can Trawl 400 headrope, 601 sidewalls",2023-09-05T21:52:00Z,61.51,-167.98,2023-09-05T22:22:00Z,61.51,-167.89,NA,23,52.89,23.28,300,NA,8603010201,NA,NA,0,0,NA,NA,NA,0,0,NA
2023,18,2023-09-05T22:22:00Z,20230201018,934083,Pollock,Gadus chalcogrammus,A0,TC,2802.21,5812,400601,5,Bering Sea,61.5-168,S,"Can Trawl 400 headrope, 601 sidewalls",2023-09-05T21:52:00Z,61.51,-167.98,2023-09-05T22:22:00Z,61.51,-167.89,NA,23,52.89,23.28,300,21740,8791030701,NA,NA,0,0,NA,NA,NA,0,0,NA
2023,19,2023-09-06T02:21:00Z,20230201019,161975,Pink Salmon,Oncorhynchus gorbuscha,J,TC,7,223,400601,5,Bering Sea,61.5-167,S,"Can Trawl 400 headrope, 601 sidewalls",2023-09-06T01:51:00Z,61.51,-166.99,2023-09-06T02:21:00Z,61.54,-166.99,NA,18,50.81,21.69,250,23230,8755010201,NA,NA,0,0,NA,NA,NA,0,0,NA
2023,19,2023-09-06T02:21:00Z,20230201019,161976,Chum Salmon,Oncorhynchus keta,J,TC,21,1309,400601,5,Bering Sea,61.5-167,S,"Can Trawl 400 headrope, 601 sidewalls",2023-09-06T01:51:00Z,61.51,-166.99,2023-09-06T02:21:00Z,61.54,-166.99,NA,18,50.81,21.69,250,23235,8755010202,NA,NA,0,0,NA,NA,NA,0,0,NA
2023,19,2023-09-06T02:21:00Z,20230201019,161977,Coho Salmon,Oncorhynchus kisutch,J,TC,1,278,400601,5,Bering Sea,61.5-167,S,"Can Trawl 400 headrope, 601 sidewalls",2023-09-06T01:51:00Z,61.51,-166.99,2023-09-06T02:21:00Z,61.54,-166.99,NA,18,50.81,21.69,250,23225,8755010203,NA,NA,0,0,NA,NA,NA,0,0,NA
2023,19,2023-09-06T02:21:00Z,20230201019,162041,Rainbow Smelt,Osmerus mordax dentex,U,TC,29,815,400601,5,Bering Sea,61.5-167,S,"Can Trawl 400 headrope, 601 sidewalls",2023-09-06T01:51:00Z,61.51,-166.99,2023-09-06T02:21:00Z,61.54,-166.99,NA,18,50.81,21.69,250,23055,8755030302,NA,NA,0,0,NA,NA,NA,0,0,NA
2023,19,2023-09-06T02:21:00Z,20230201019,164708,Saffron Cod,Eleginus gracilis,A0,TC,220.43,1014,400601,5,Bering Sea,61.5-167,S,"Can Trawl 400 headrope, 601 sidewalls",2023-09-06T01:51:00Z,61.51,-166.99,2023-09-06T02:21:00Z,61.54,-166.99,NA,18,50.81,21.69,250,21735,8791030301,NA,NA,0,0,NA,NA,NA,0,0,NA
2023,19,2023-09-06T02:21:00Z,20230201019,164708,Saffron Cod,Eleginus gracilis,A1+,TC,7,482,400601,5,Bering Sea,61.5-167,S,"Can Trawl 400 headrope, 601 sidewalls",2023-09-06T01:51:00Z,61.51,-166.99,2023-09-06T02:21:00Z,61.54,-166.99,NA,18,50.81,21.69,250,21735,8791030301,NA,NA,0,0,NA,NA,NA,0,0,NA
2023,19,2023-09-06T02:21:00Z,20230201019,167113,Whitespotted Greenling,Hexagrammos stelleri,U,TC,2,15,400601,5,Bering Sea,61.5-167,S,"Can Trawl 400 headrope, 601 sidewalls",2023-09-06T01:51:00Z,61.51,-166.99,2023-09-06T02:21:00Z,61.54,-166.99,NA,18,50.81,21.69,250,21932,8827010104,NA,NA,0,0,NA,NA,NA,0,0,NA
2023,19,2023-09-06T02:21:00Z,20230201019,171337,Bering Wolffish,Anarhichas orientalis,U,TC,1,34,400601,5,Bering Sea,61.5-167,S,"Can Trawl 400 headrope, 601 sidewalls",2023-09-06T01:51:00Z,61.51,-166.99,2023-09-06T02:21:00Z,61.54,-166.99,NA,18,50.81,21.69,250,20322,8842020101,NA,NA,0,0,NA,NA,NA,0,0,NA
2023,19,2023-09-06T02:21:00Z,20230201019,172907,Yellowfin Sole,Limanda aspera,U,TC,4,610,400601,5,Bering Sea,61.5-167,S,"Can Trawl 400 headrope, 601 sidewalls",2023-09-06T01:51:00Z,61.51,-166.99,2023-09-06T02:21:00Z,61.54,-166.99,NA,18,50.81,21.69,250,10210,8857041505,NA,NA,0,0,NA,NA,NA,0,0,NA
2023,19,2023-09-06T02:21:00Z,20230201019,172930,Greenland Halibut,Reinhardtius hippoglossoides,U,TC,1,1,400601,5,Bering Sea,61.5-167,S,"Can Trawl 400 headrope, 601 sidewalls",2023-09-06T01:51:00Z,61.51,-166.99,2023-09-06T02:21:00Z,61.54,-166.99,NA,18,50.81,21.69,250,10115,8857041801,NA,NA,0,0,NA,NA,NA,0,0,NA
2023,19,2023-09-06T02:21:00Z,20230201019,551209,Pacific Herring,Clupea pallasi,A1+,TC,1098.89,42703,400601,5,Bering Sea,61.5-167,S,"Can Trawl 400 headrope, 601 sidewalls",2023-09-06T01:51:00Z,61.51,-166.99,2023-09-06T02:21:00Z,61.54,-166.99,NA,18,50.81,21.69,250,21110,8747010201,NA,NA,0,0,NA,NA,NA,0,0,NA
2023,19,2023-09-06T02:21:00Z,20230201019,934083,Pollock,Gadus chalcogrammus,A0,TC,96,134,400601,5,Bering Sea,61.5-167,S,"Can Trawl 400 headrope, 601 sidewalls",2023-09-06T01:51:00Z,61.51,-166.99,2023-09-06T02:21:00Z,61.54,-166.99,NA,18,50.81,21.69,250,21740,8791030701,NA,NA,0,0,NA,NA,NA,0,0,NA
2023,20,2023-09-06T17:36:00Z,20230201020,50513,Staurophora mertensi,Staurophora mertensi,U,TC,0,2140,400601,5,Bering Sea,62-167,S,"Can Trawl 400 headrope, 601 sidewalls",2023-09-06T17:06:00Z,62,-167.04,2023-09-06T17:36:00Z,62,-167.11,NA,24,51.07,21.94,300,NA,40562,NA,NA,0,0,NA,NA,NA,0,0,NA
2023,20,2023-09-06T17:36:00Z,20230201020,51669,Cyanea sp.,Cyanea sp.,U,TC,0,3660,400601,5,Bering Sea,62-167,S,"Can Trawl 400 headrope, 601 sidewalls",2023-09-06T17:06:00Z,62,-167.04,2023-09-06T17:36:00Z,62,-167.11,NA,24,51.07,21.94,300,40560,NA,NA,NA,0,0,NA,NA,NA,0,0,NA
2023,20,2023-09-06T17:36:00Z,20230201020,161976,Chum Salmon,Oncorhynchus keta,J,TC,17,808,400601,5,Bering Sea,62-167,S,"Can Trawl 400 headrope, 601 sidewalls",2023-09-06T17:06:00Z,62,-167.04,2023-09-06T17:36:00Z,62,-167.11,NA,24,51.07,21.94,300,23235,8755010202,NA,NA,0,0,NA,NA,NA,0,0,NA
2023,20,2023-09-06T17:36:00Z,20230201020,162041,Rainbow Smelt,Osmerus mordax dentex,U,TC,126.19,4724,400601,5,Bering Sea,62-167,S,"Can Trawl 400 headrope, 601 sidewalls",2023-09-06T17:06:00Z,62,-167.04,2023-09-06T17:36:00Z,62,-167.11,NA,24,51.07,21.94,300,23055,8755030302,NA,NA,0,0,NA,NA,NA,0,0,NA
2023,20,2023-09-06T17:36:00Z,20230201020,164708,Saffron Cod,Eleginus gracilis,A0,TC,16,71,400601,5,Bering Sea,62-167,S,"Can Trawl 400 headrope, 601 sidewalls",2023-09-06T17:06:00Z,62,-167.04,2023-09-06T17:36:00Z,62,-167.11,NA,24,51.07,21.94,300,21735,8791030301,NA,NA,0,0,NA,NA,NA,0,0,NA
2023,20,2023-09-06T17:36:00Z,20230201020,164708,Saffron Cod,Eleginus gracilis,A1+,TC,6,281,400601,5,Bering Sea,62-167,S,"Can Trawl 400 headrope, 601 sidewalls",2023-09-06T17:06:00Z,62,-167.04,2023-09-06T17:36:00Z,62,-167.11,NA,24,51.07,21.94,300,21735,8791030301,NA,NA,0,0,NA,NA,NA,0,0,NA
2023,20,2023-09-06T17:36:00Z,20230201020,171337,Bering Wolffish,Anarhichas orientalis,U,TC,4,16,400601,5,Bering Sea,62-167,S,"Can Trawl 400 headrope, 601 sidewalls",2023-09-06T17:06:00Z,62,-167.04,2023-09-06T17:36:00Z,62,-167.11,NA,24,51.07,21.94,300,20322,8842020101,NA,NA,0,0,NA,NA,NA,0,0,NA
2023,20,2023-09-06T17:36:00Z,20230201020,172893,Starry Flounder,Platichthys stellatus,U,TC,1,10,400601,5,Bering Sea,62-167,S,"Can Trawl 400 headrope, 601 sidewalls",2023-09-06T17:06:00Z,62,-167.04,2023-09-06T17:36:00Z,62,-167.11,NA,24,51.07,21.94,300,10220,8857041401,NA,NA,0,0,NA,NA,NA,0,0,NA
2023,20,2023-09-06T17:36:00Z,20230201020,172907,Yellowfin Sole,Limanda aspera,U,TC,7,960,400601,5,Bering Sea,62-167,S,"Can Trawl 400 headrope, 601 sidewalls",2023-09-06T17:06:00Z,62,-167.04,2023-09-06T17:36:00Z,62,-167.11,NA,24,51.07,21.94,300,10210,8857041505,NA,NA,0,0,NA,NA,NA,0,0,NA
2023,20,2023-09-06T17:36:00Z,20230201020,172930,Greenland Halibut,Reinhardtius hippoglossoides,U,TC,1,1,400601,5,Bering Sea,62-167,S,"Can Trawl 400 headrope, 601 sidewalls",2023-09-06T17:06:00Z,62,-167.04,2023-09-06T17:36:00Z,62,-167.11,NA,24,51.07,21.94,300,10115,8857041801,NA,NA,0,0,NA,NA,NA,0,0,NA
2023,20,2023-09-06T17:36:00Z,20230201020,551209,Pacific Herring,Clupea pallasi,A1+,TC,472.55,15603,400601,5,Bering Sea,62-167,S,"Can Trawl 400 headrope, 601 sidewalls",2023-09-06T17:06:00Z,62,-167.04,2023-09-06T17:36:00Z,62,-167.11,NA,24,51.07,21.94,300,21110,8747010201,NA,NA,0,0,NA,NA,NA,0,0,NA
2023,20,2023-09-06T17:36:00Z,20230201020,622287,Arctic Lamprey,Lethenteron camtschaticum,U,TC,1,50,400601,5,Bering Sea,62-167,S,"Can Trawl 400 headrope, 601 sidewalls",2023-09-06T17:06:00Z,62,-167.04,2023-09-06T17:36:00Z,62,-167.11,NA,24,51.07,21.94,300,NA,8603010201,NA,NA,0,0,NA,NA,NA,0,0,NA
2023,20,2023-09-06T17:36:00Z,20230201020,934083,Pollock,Gadus chalcogrammus,A1,TC,32,456,400601,5,Bering Sea,62-167,S,"Can Trawl 400 headrope, 601 sidewalls",2023-09-06T17:06:00Z,62,-167.04,2023-09-06T17:36:00Z,62,-167.11,NA,24,51.07,21.94,300,21740,8791030701,NA,NA,0,0,NA,NA,NA,0,0,NA
2023,21,2023-09-06T22:43:00Z,20230201021,51641,Northern Sea Nettle,Chrysaora melanaster,U,TC,116.51,70490,400601,5,Bering Sea,62-168,S,"Can Trawl 400 headrope, 601 sidewalls",2023-09-06T22:13:00Z,61.99,-168.03,2023-09-06T22:43:00Z,61.98,-168.09,NA,22,51.72,23.47,300,40504,NA,NA,NA,0,0,NA,NA,NA,0,0,NA
2023,21,2023-09-06T22:43:00Z,20230201021,159697,"Lamprey, unident.",Petromyzontidae,U,TC,1,58,400601,5,Bering Sea,62-168,S,"Can Trawl 400 headrope, 601 sidewalls",2023-09-06T22:13:00Z,61.99,-168.03,2023-09-06T22:43:00Z,61.98,-168.09,NA,22,51.72,23.47,300,10,8603010000,NA,NA,0,0,NA,NA,NA,0,0,NA
2023,21,2023-09-06T22:43:00Z,20230201021,161975,Pink Salmon,Oncorhynchus gorbuscha,J,TC,51,2656,400601,5,Bering Sea,62-168,S,"Can Trawl 400 headrope, 601 sidewalls",2023-09-06T22:13:00Z,61.99,-168.03,2023-09-06T22:43:00Z,61.98,-168.09,NA,22,51.72,23.47,300,23230,8755010201,NA,NA,0,0,NA,NA,NA,0,0,NA
2023,21,2023-09-06T22:43:00Z,20230201021,161976,Chum Salmon,Oncorhynchus keta,J,TC,17,1426,400601,5,Bering Sea,62-168,S,"Can Trawl 400 headrope, 601 sidewalls",2023-09-06T22:13:00Z,61.99,-168.03,2023-09-06T22:43:00Z,61.98,-168.09,NA,22,51.72,23.47,300,23235,8755010202,NA,NA,0,0,NA,NA,NA,0,0,NA
2023,21,2023-09-06T22:43:00Z,20230201021,161980,Chinook Salmon,Oncorhynchus tshawytscha,J,TC,3,393,400601,5,Bering Sea,62-168,S,"Can Trawl 400 headrope, 601 sidewalls",2023-09-06T22:13:00Z,61.99,-168.03,2023-09-06T22:43:00Z,61.98,-168.09,NA,22,51.72,23.47,300,23220,8755010206,NA,NA,0,0,NA,NA,NA,0,0,NA
2023,21,2023-09-06T22:43:00Z,20230201021,162035,Capelin,Mallotus villosus,U,TC,70,463,400601,5,Bering Sea,62-168,S,"Can Trawl 400 headrope, 601 sidewalls",2023-09-06T22:13:00Z,61.99,-168.03,2023-09-06T22:43:00Z,61.98,-168.09,NA,22,51.72,23.47,300,23041,8755030201,NA,NA,0,0,NA,NA,NA,0,0,NA
2023,21,2023-09-06T22:43:00Z,20230201021,164708,Saffron Cod,Eleginus gracilis,A0,TC,1,5,400601,5,Bering Sea,62-168,S,"Can Trawl 400 headrope, 601 sidewalls",2023-09-06T22:13:00Z,61.99,-168.03,2023-09-06T22:43:00Z,61.98,-168.09,NA,22,51.72,23.47,300,21735,8791030301,NA,NA,0,0,NA,NA,NA,0,0,NA
2023,21,2023-09-06T22:43:00Z,20230201021,172907,Yellowfin Sole,Limanda aspera,U,TC,4,420,400601,5,Bering Sea,62-168,S,"Can Trawl 400 headrope, 601 sidewalls",2023-09-06T22:13:00Z,61.99,-168.03,2023-09-06T22:43:00Z,61.98,-168.09,NA,22,51.72,23.47,300,10210,8857041505,NA,NA,0,0,NA,NA,NA,0,0,NA
2023,21,2023-09-06T22:43:00Z,20230201021,551209,Pacific Herring,Clupea pallasi,A1+,TC,341.51,29236,400601,5,Bering Sea,62-168,S,"Can Trawl 400 headrope, 601 sidewalls",2023-09-06T22:13:00Z,61.99,-168.03,2023-09-06T22:43:00Z,61.98,-168.09,NA,22,51.72,23.47,300,21110,8747010201,NA,NA,0,0,NA,NA,NA,0,0,NA
2023,21,2023-09-06T22:43:00Z,20230201021,934083,Pollock,Gadus chalcogrammus,A1,TC,1,19,400601,5,Bering Sea,62-168,S,"Can Trawl 400 headrope, 601 sidewalls",2023-09-06T22:13:00Z,61.99,-168.03,2023-09-06T22:43:00Z,61.98,-168.09,NA,22,51.72,23.47,300,21740,8791030701,NA,NA,0,0,NA,NA,NA,0,0,NA
2023,21,2023-09-06T22:43:00Z,20230201021,934083,Pollock,Gadus chalcogrammus,A1+,TC,1,1830,400601,5,Bering Sea,62-168,S,"Can Trawl 400 headrope, 601 sidewalls",2023-09-06T22:13:00Z,61.99,-168.03,2023-09-06T22:43:00Z,61.98,-168.09,NA,22,51.72,23.47,300,21740,8791030701,NA,NA,0,0,NA,NA,NA,0,0,NA
2023,22,2023-09-07T04:28:00Z,20230201022,622287,Arctic Lamprey,Lethenteron camtschaticum,U,TC,2,144,400601,5,Bering Sea,62-169,S,"Can Trawl 400 headrope, 601 sidewalls",2023-09-07T03:58:00Z,61.99,-169,2023-09-07T04:28:00Z,61.98,-169.07,NA,32,53.85,23.72,330,NA,8603010201,NA,NA,0,0,NA,NA,NA,0,0,NA
2023,22,2023-09-07T04:28:00Z,20230201022,934083,Pollock,Gadus chalcogrammus,A0,SC,3110.68,7956.2,400601,5,Bering Sea,62-169,S,"Can Trawl 400 headrope, 601 sidewalls",2023-09-07T03:58:00Z,61.99,-169,2023-09-07T04:28:00Z,61.98,-169.07,NA,32,53.85,23.72,330,21740,8791030701,NA,NA,0,0,NA,NA,NA,0,0,NA
2023,22,2023-09-07T04:28:00Z,20230201022,934083,Pollock,Gadus chalcogrammus,A1,SC,266.25,7622.2,400601,5,Bering Sea,62-169,S,"Can Trawl 400 headrope, 601 sidewalls",2023-09-07T03:58:00Z,61.99,-169,2023-09-07T04:28:00Z,61.98,-169.07,NA,32,53.85,23.72,330,21740,8791030701,NA,NA,0,0,NA,NA,NA,0,0,NA
2023,22,2023-09-07T04:28:00Z,20230201022,934083,Pollock,Gadus chalcogrammus,A1+,TC,6,3020,400601,5,Bering Sea,62-169,S,"Can Trawl 400 headrope, 601 sidewalls",2023-09-07T03:58:00Z,61.99,-169,2023-09-07T04:28:00Z,61.98,-169.07,NA,32,53.85,23.72,330,21740,8791030701,NA,NA,0,0,NA,NA,NA,0,0,NA
2023,22,2023-09-07T04:28:00Z,20230201022,51641,Northern Sea Nettle,Chrysaora melanaster,U,TC,0,17150,400601,5,Bering Sea,62-169,S,"Can Trawl 400 headrope, 601 sidewalls",2023-09-07T03:58:00Z,61.99,-169,2023-09-07T04:28:00Z,61.98,-169.07,NA,32,53.85,23.72,330,40504,NA,NA,NA,0,0,NA,NA,NA,0,0,NA
2023,22,2023-09-07T04:28:00Z,20230201022,161980,Chinook Salmon,Oncorhynchus tshawytscha,IM,TC,1,613,400601,5,Bering Sea,62-169,S,"Can Trawl 400 headrope, 601 sidewalls",2023-09-07T03:58:00Z,61.99,-169,2023-09-07T04:28:00Z,61.98,-169.07,NA,32,53.85,23.72,330,23220,8755010206,NA,NA,0,0,NA,NA,NA,0,0,NA
2023,22,2023-09-07T04:28:00Z,20230201022,162035,Capelin,Mallotus villosus,U,SC,200.01,2352.2,400601,5,Bering Sea,62-169,S,"Can Trawl 400 headrope, 601 sidewalls",2023-09-07T03:58:00Z,61.99,-169,2023-09-07T04:28:00Z,61.98,-169.07,NA,32,53.85,23.72,330,23041,8755030201,NA,NA,0,0,NA,NA,NA,0,0,NA
2023,22,2023-09-07T04:28:00Z,20230201022,164711,Pacific Cod,Gadus macrocephalus,A0,TC,3,11,400601,5,Bering Sea,62-169,S,"Can Trawl 400 headrope, 601 sidewalls",2023-09-07T03:58:00Z,61.99,-169,2023-09-07T04:28:00Z,61.98,-169.07,NA,32,53.85,23.72,330,21720,8791030401,NA,NA,0,0,NA,NA,NA,0,0,NA
2023,22,2023-09-07T04:28:00Z,20230201022,172907,Yellowfin Sole,Limanda aspera,U,TC,2,890,400601,5,Bering Sea,62-169,S,"Can Trawl 400 headrope, 601 sidewalls",2023-09-07T03:58:00Z,61.99,-169,2023-09-07T04:28:00Z,61.98,-169.07,NA,32,53.85,23.72,330,10210,8857041505,NA,NA,0,0,NA,NA,NA,0,0,NA
2023,22,2023-09-07T04:28:00Z,20230201022,551209,Pacific Herring,Clupea pallasi,A1+,TC,59.79,5130,400601,5,Bering Sea,62-169,S,"Can Trawl 400 headrope, 601 sidewalls",2023-09-07T03:58:00Z,61.99,-169,2023-09-07T04:28:00Z,61.98,-169.07,NA,32,53.85,23.72,330,21110,8747010201,NA,NA,0,0,NA,NA,NA,0,0,NA
2023,23,2023-09-07T17:42:00Z,20230201023,51641,Northern Sea Nettle,Chrysaora melanaster,U,TC,20.56,12770,400601,5,Bering Sea,62-170,S,"Can Trawl 400 headrope, 601 sidewalls",2023-09-07T17:12:00Z,61.99,-170.02,2023-09-07T17:42:00Z,61.98,-170.1,NA,39,54.31,22.89,330,40504,NA,NA,NA,0,0,NA,NA,NA,0,0,NA
2023,23,2023-09-07T17:42:00Z,20230201023,82418,"Gonatus Squid, unident.",Gonatus,U,TC,2,27,400601,5,Bering Sea,62-170,S,"Can Trawl 400 headrope, 601 sidewalls",2023-09-07T17:12:00Z,61.99,-170.02,2023-09-07T17:42:00Z,61.98,-170.1,NA,39,54.31,22.89,330,79200,NA,NA,NA,0,0,NA,NA,NA,0,0,NA
2023,23,2023-09-07T17:42:00Z,20230201023,161975,Pink Salmon,Oncorhynchus gorbuscha,J,TC,2,120,400601,5,Bering Sea,62-170,S,"Can Trawl 400 headrope, 601 sidewalls",2023-09-07T17:12:00Z,61.99,-170.02,2023-09-07T17:42:00Z,61.98,-170.1,NA,39,54.31,22.89,330,23230,8755010201,NA,NA,0,0,NA,NA,NA,0,0,NA
2023,23,2023-09-07T17:42:00Z,20230201023,161976,Chum Salmon,Oncorhynchus keta,IM,TC,2,5910,400601,5,Bering Sea,62-170,S,"Can Trawl 400 headrope, 601 sidewalls",2023-09-07T17:12:00Z,61.99,-170.02,2023-09-07T17:42:00Z,61.98,-170.1,NA,39,54.31,22.89,330,23235,8755010202,NA,NA,0,0,NA,NA,NA,0,0,NA
2023,23,2023-09-07T17:42:00Z,20230201023,161979,Sockeye Salmon,Oncorhynchus nerka,IM,TC,1,360,400601,5,Bering Sea,62-170,S,"Can Trawl 400 headrope, 601 sidewalls",2023-09-07T17:12:00Z,61.99,-170.02,2023-09-07T17:42:00Z,61.98,-170.1,NA,39,54.31,22.89,330,23240,8755010205,NA,NA,0,0,NA,NA,NA,0,0,NA
2023,23,2023-09-07T17:42:00Z,20230201023,161980,Chinook Salmon,Oncorhynchus tshawytscha,IM,TC,2,5570,400601,5,Bering Sea,62-170,S,"Can Trawl 400 headrope, 601 sidewalls",2023-09-07T17:12:00Z,61.99,-170.02,2023-09-07T17:42:00Z,61.98,-170.1,NA,39,54.31,22.89,330,23220,8755010206,NA,NA,0,0,NA,NA,NA,0,0,NA
2023,23,2023-09-07T17:42:00Z,20230201023,162035,Capelin,Mallotus villosus,U,TC,42,512,400601,5,Bering Sea,62-170,S,"Can Trawl 400 headrope, 601 sidewalls",2023-09-07T17:12:00Z,61.99,-170.02,2023-09-07T17:42:00Z,61.98,-170.1,NA,39,54.31,22.89,330,23041,8755030201,NA,NA,0,0,NA,NA,NA,0,0,NA
2023,23,2023-09-07T17:42:00Z,20230201023,164711,Pacific Cod,Gadus macrocephalus,A0,TC,2,4,400601,5,Bering Sea,62-170,S,"Can Trawl 400 headrope, 601 sidewalls",2023-09-07T17:12:00Z,61.99,-170.02,2023-09-07T17:42:00Z,61.98,-170.1,NA,39,54.31,22.89,330,21720,8791030401,NA,NA,0,0,NA,NA,NA,0,0,NA
2023,23,2023-09-07T17:42:00Z,20230201023,551209,Pacific Herring,Clupea pallasi,A1+,TC,24,2183,400601,5,Bering Sea,62-170,S,"Can Trawl 400 headrope, 601 sidewalls",2023-09-07T17:12:00Z,61.99,-170.02,2023-09-07T17:42:00Z,61.98,-170.1,NA,39,54.31,22.89,330,21110,8747010201,NA,NA,0,0,NA,NA,NA,0,0,NA
2023,23,2023-09-07T17:42:00Z,20230201023,622287,Arctic Lamprey,Lethenteron camtschaticum,U,TC,2,213,400601,5,Bering Sea,62-170,S,"Can Trawl 400 headrope, 601 sidewalls",2023-09-07T17:12:00Z,61.99,-170.02,2023-09-07T17:42:00Z,61.98,-170.1,NA,39,54.31,22.89,330,NA,8603010201,NA,NA,0,0,NA,NA,NA,0,0,NA
2023,23,2023-09-07T17:42:00Z,20230201023,934083,Pollock,Gadus chalcogrammus,A0,TC,223.61,570,400601,5,Bering Sea,62-170,S,"Can Trawl 400 headrope, 601 sidewalls",2023-09-07T17:12:00Z,61.99,-170.02,2023-09-07T17:42:00Z,61.98,-170.1,NA,39,54.31,22.89,330,21740,8791030701,NA,NA,0,0,NA,NA,NA,0,0,NA
2023,23,2023-09-07T17:42:00Z,20230201023,934083,Pollock,Gadus chalcogrammus,A1,TC,1312.3,42025,400601,5,Bering Sea,62-170,S,"Can Trawl 400 headrope, 601 sidewalls",2023-09-07T17:12:00Z,61.99,-170.02,2023-09-07T17:42:00Z,61.98,-170.1,NA,39,54.31,22.89,330,21740,8791030701,NA,NA,0,0,NA,NA,NA,0,0,NA
2023,23,2023-09-07T17:42:00Z,20230201023,934083,Pollock,Gadus chalcogrammus,A1+,TC,8,5140,400601,5,Bering Sea,62-170,S,"Can Trawl 400 headrope, 601 sidewalls",2023-09-07T17:12:00Z,61.99,-170.02,2023-09-07T17:42:00Z,61.98,-170.1,NA,39,54.31,22.89,330,21740,8791030701,NA,NA,0,0,NA,NA,NA,0,0,NA
2023,24,2023-09-07T22:25:00Z,20230201024,51641,Northern Sea Nettle,Chrysaora melanaster,U,TC,692.63,407960,400601,5,Bering Sea,62-171,S,"Can Trawl 400 headrope, 601 sidewalls",2023-09-07T21:55:00Z,62.01,-170.99,2023-09-07T22:25:00Z,62.04,-170.99,NA,45,51.22,23.3,330,40504,NA,NA,NA,0,0,NA,NA,NA,0,0,NA
2023,24,2023-09-07T22:25:00Z,20230201024,162035,Capelin,Mallotus villosus,U,TC,10,113,400601,5,Bering Sea,62-171,S,"Can Trawl 400 headrope, 601 sidewalls",2023-09-07T21:55:00Z,62.01,-170.99,2023-09-07T22:25:00Z,62.04,-170.99,NA,45,51.22,23.3,330,23041,8755030201,NA,NA,0,0,NA,NA,NA,0,0,NA
2023,24,2023-09-07T22:25:00Z,20230201024,164711,Pacific Cod,Gadus macrocephalus,A0,TC,4,11,400601,5,Bering Sea,62-171,S,"Can Trawl 400 headrope, 601 sidewalls",2023-09-07T21:55:00Z,62.01,-170.99,2023-09-07T22:25:00Z,62.04,-170.99,NA,45,51.22,23.3,330,21720,8791030401,NA,NA,0,0,NA,NA,NA,0,0,NA
2023,24,2023-09-07T22:25:00Z,20230201024,551209,Pacific Herring,Clupea pallasi,A1+,TC,22,2196,400601,5,Bering Sea,62-171,S,"Can Trawl 400 headrope, 601 sidewalls",2023-09-07T21:55:00Z,62.01,-170.99,2023-09-07T22:25:00Z,62.04,-170.99,NA,45,51.22,23.3,330,21110,8747010201,NA,NA,0,0,NA,NA,NA,0,0,NA
2023,24,2023-09-07T22:25:00Z,20230201024,622287,Arctic Lamprey,Lethenteron camtschaticum,U,TC,2,168,400601,5,Bering Sea,62-171,S,"Can Trawl 400 headrope, 601 sidewalls",2023-09-07T21:55:00Z,62.01,-170.99,2023-09-07T22:25:00Z,62.04,-170.99,NA,45,51.22,23.3,330,NA,8603010201,NA,NA,0,0,NA,NA,NA,0,0,NA
2023,24,2023-09-07T22:25:00Z,20230201024,934083,Pollock,Gadus chalcogrammus,A0,TC,22,40,400601,5,Bering Sea,62-171,S,"Can Trawl 400 headrope, 601 sidewalls",2023-09-07T21:55:00Z,62.01,-170.99,2023-09-07T22:25:00Z,62.04,-170.99,NA,45,51.22,23.3,330,21740,8791030701,NA,NA,0,0,NA,NA,NA,0,0,NA
2023,24,2023-09-07T22:25:00Z,20230201024,934083,Pollock,Gadus chalcogrammus,A1,TC,48,1376,400601,5,Bering Sea,62-171,S,"Can Trawl 400 headrope, 601 sidewalls",2023-09-07T21:55:00Z,62.01,-170.99,2023-09-07T22:25:00Z,62.04,-170.99,NA,45,51.22,23.3,330,21740,8791030701,NA,NA,0,0,NA,NA,NA,0,0,NA
2023,24,2023-09-07T22:25:00Z,20230201024,934083,Pollock,Gadus chalcogrammus,A1+,TC,14,9780,400601,5,Bering Sea,62-171,S,"Can Trawl 400 headrope, 601 sidewalls",2023-09-07T21:55:00Z,62.01,-170.99,2023-09-07T22:25:00Z,62.04,-170.99,NA,45,51.22,23.3,330,21740,8791030701,NA,NA,0,0,NA,NA,NA,0,0,NA
2023,25,2023-09-08T03:14:00Z,20230201025,51641,Northern Sea Nettle,Chrysaora melanaster,U,TC,350.17,227930,400601,5,Bering Sea,62.5-171,S,"Can Trawl 400 headrope, 601 sidewalls",2023-09-08T02:44:00Z,62.5,-170.98,2023-09-08T03:14:00Z,62.5,-170.9,NA,38,51.53,22.57,330,40504,NA,NA,NA,0,0,NA,NA,NA,0,0,NA
2023,25,2023-09-08T03:14:00Z,20230201025,82418,"Gonatus Squid, unident.",Gonatus,U,TC,1,21,400601,5,Bering Sea,62.5-171,S,"Can Trawl 400 headrope, 601 sidewalls",2023-09-08T02:44:00Z,62.5,-170.98,2023-09-08T03:14:00Z,62.5,-170.9,NA,38,51.53,22.57,330,79200,NA,NA,NA,0,0,NA,NA,NA,0,0,NA
2023,25,2023-09-08T03:14:00Z,20230201025,161976,Chum Salmon,Oncorhynchus keta,IM,TC,2,5750,400601,5,Bering Sea,62.5-171,S,"Can Trawl 400 headrope, 601 sidewalls",2023-09-08T02:44:00Z,62.5,-170.98,2023-09-08T03:14:00Z,62.5,-170.9,NA,38,51.53,22.57,330,23235,8755010202,NA,NA,0,0,NA,NA,NA,0,0,NA
2023,25,2023-09-08T03:14:00Z,20230201025,162035,Capelin,Mallotus villosus,U,TC,8,90,400601,5,Bering Sea,62.5-171,S,"Can Trawl 400 headrope, 601 sidewalls",2023-09-08T02:44:00Z,62.5,-170.98,2023-09-08T03:14:00Z,62.5,-170.9,NA,38,51.53,22.57,330,23041,8755030201,NA,NA,0,0,NA,NA,NA,0,0,NA
2023,25,2023-09-08T03:14:00Z,20230201025,172907,Yellowfin Sole,Limanda aspera,U,TC,4,2610,400601,5,Bering Sea,62.5-171,S,"Can Trawl 400 headrope, 601 sidewalls",2023-09-08T02:44:00Z,62.5,-170.98,2023-09-08T03:14:00Z,62.5,-170.9,NA,38,51.53,22.57,330,10210,8857041505,NA,NA,0,0,NA,NA,NA,0,0,NA
2023,25,2023-09-08T03:14:00Z,20230201025,551209,Pacific Herring,Clupea pallasi,A1+,TC,1,73,400601,5,Bering Sea,62.5-171,S,"Can Trawl 400 headrope, 601 sidewalls",2023-09-08T02:44:00Z,62.5,-170.98,2023-09-08T03:14:00Z,62.5,-170.9,NA,38,51.53,22.57,330,21110,8747010201,NA,NA,0,0,NA,NA,NA,0,0,NA
2023,25,2023-09-08T03:14:00Z,20230201025,622287,Arctic Lamprey,Lethenteron camtschaticum,U,TC,1,52,400601,5,Bering Sea,62.5-171,S,"Can Trawl 400 headrope, 601 sidewalls",2023-09-08T02:44:00Z,62.5,-170.98,2023-09-08T03:14:00Z,62.5,-170.9,NA,38,51.53,22.57,330,NA,8603010201,NA,NA,0,0,NA,NA,NA,0,0,NA
2023,25,2023-09-08T03:14:00Z,20230201025,934083,Pollock,Gadus chalcogrammus,A0,TC,10,18,400601,5,Bering Sea,62.5-171,S,"Can Trawl 400 headrope, 601 sidewalls",2023-09-08T02:44:00Z,62.5,-170.98,2023-09-08T03:14:00Z,62.5,-170.9,NA,38,51.53,22.57,330,21740,8791030701,NA,NA,0,0,NA,NA,NA,0,0,NA
2023,25,2023-09-08T03:14:00Z,20230201025,934083,Pollock,Gadus chalcogrammus,A1,TC,32,981,400601,5,Bering Sea,62.5-171,S,"Can Trawl 400 headrope, 601 sidewalls",2023-09-08T02:44:00Z,62.5,-170.98,2023-09-08T03:14:00Z,62.5,-170.9,NA,38,51.53,22.57,330,21740,8791030701,NA,NA,0,0,NA,NA,NA,0,0,NA
2023,25,2023-09-08T03:14:00Z,20230201025,934083,Pollock,Gadus chalcogrammus,A1+,TC,7,5380,400601,5,Bering Sea,62.5-171,S,"Can Trawl 400 headrope, 601 sidewalls",2023-09-08T02:44:00Z,62.5,-170.98,2023-09-08T03:14:00Z,62.5,-170.9,NA,38,51.53,22.57,330,21740,8791030701,NA,NA,0,0,NA,NA,NA,0,0,NA
2023,26,2023-09-08T17:28:00Z,20230201026,51641,Northern Sea Nettle,Chrysaora melanaster,U,SC,108.63,73005.6,400601,5,Bering Sea,62.5-170,S,"Can Trawl 400 headrope, 601 sidewalls",2023-09-08T16:58:00Z,62.49,-169.98,2023-09-08T17:28:00Z,62.49,-169.91,NA,31,52.84,22.67,330,40504,NA,NA,NA,0,0,NA,NA,NA,0,0,NA
2023,26,2023-09-08T17:28:00Z,20230201026,161980,Chinook Salmon,Oncorhynchus tshawytscha,IM,TC,1.14,1057,400601,5,Bering Sea,62.5-170,S,"Can Trawl 400 headrope, 601 sidewalls",2023-09-08T16:58:00Z,62.49,-169.98,2023-09-08T17:28:00Z,62.49,-169.91,NA,31,52.84,22.67,330,23220,8755010206,NA,NA,0,0,NA,NA,NA,0,0,NA
2023,26,2023-09-08T17:28:00Z,20230201026,162035,Capelin,Mallotus villosus,U,SC,110.35,1485.6,400601,5,Bering Sea,62.5-170,S,"Can Trawl 400 headrope, 601 sidewalls",2023-09-08T16:58:00Z,62.49,-169.98,2023-09-08T17:28:00Z,62.49,-169.91,NA,31,52.84,22.67,330,23041,8755030201,NA,NA,0,0,NA,NA,NA,0,0,NA
2023,26,2023-09-08T17:28:00Z,20230201026,551209,Pacific Herring,Clupea pallasi,A1+,SC,42.44,3820.1,400601,5,Bering Sea,62.5-170,S,"Can Trawl 400 headrope, 601 sidewalls",2023-09-08T16:58:00Z,62.49,-169.98,2023-09-08T17:28:00Z,62.49,-169.91,NA,31,52.84,22.67,330,21110,8747010201,NA,NA,0,0,NA,NA,NA,0,0,NA
2023,26,2023-09-08T17:28:00Z,20230201026,934083,Pollock,Gadus chalcogrammus,A0,SC,93.37,101.9,400601,5,Bering Sea,62.5-170,S,"Can Trawl 400 headrope, 601 sidewalls",2023-09-08T16:58:00Z,62.49,-169.98,2023-09-08T17:28:00Z,62.49,-169.91,NA,31,52.84,22.67,330,21740,8791030701,NA,NA,0,0,NA,NA,NA,0,0,NA
2023,26,2023-09-08T17:28:00Z,20230201026,934083,Pollock,Gadus chalcogrammus,A1,SC,21534.01,774267.3,400601,5,Bering Sea,62.5-170,S,"Can Trawl 400 headrope, 601 sidewalls",2023-09-08T16:58:00Z,62.49,-169.98,2023-09-08T17:28:00Z,62.49,-169.91,NA,31,52.84,22.67,330,21740,8791030701,NA,NA,0,0,NA,NA,NA,0,0,NA
2023,26,2023-09-08T17:28:00Z,20230201026,934083,Pollock,Gadus chalcogrammus,A1+,TC,14,10870,400601,5,Bering Sea,62.5-170,S,"Can Trawl 400 headrope, 601 sidewalls",2023-09-08T16:58:00Z,62.49,-169.98,2023-09-08T17:28:00Z,62.49,-169.91,NA,31,52.84,22.67,330,21740,8791030701,NA,NA,0,0,NA,NA,NA,0,0,NA
2023,27,2023-09-08T21:35:00Z,20230201027,51641,Northern Sea Nettle,Chrysaora melanaster,U,TC,0,2.00E+06,400601,5,Bering Sea,62.5-169,S,"Can Trawl 400 headrope, 601 sidewalls",2023-09-08T21:21:00Z,62.5,-168.99,2023-09-08T21:35:00Z,62.5,-168.96,NA,27,46.07,24,330,40504,NA,NA,NA,0,0,NA,NA,NA,0,0,NA
2023,27,2023-09-08T21:35:00Z,20230201027,162035,Capelin,Mallotus villosus,U,TC,71.48,868,400601,5,Bering Sea,62.5-169,S,"Can Trawl 400 headrope, 601 sidewalls",2023-09-08T21:21:00Z,62.5,-168.99,2023-09-08T21:35:00Z,62.5,-168.96,NA,27,46.07,24,330,23041,8755030201,NA,NA,0,0,NA,NA,NA,0,0,NA
2023,27,2023-09-08T21:35:00Z,20230201027,172907,Yellowfin Sole,Limanda aspera,U,TC,1,480,400601,5,Bering Sea,62.5-169,S,"Can Trawl 400 headrope, 601 sidewalls",2023-09-08T21:21:00Z,62.5,-168.99,2023-09-08T21:35:00Z,62.5,-168.96,NA,27,46.07,24,330,10210,8857041505,NA,NA,0,0,NA,NA,NA,0,0,NA
2023,27,2023-09-08T21:35:00Z,20230201027,934083,Pollock,Gadus chalcogrammus,A0,TC,4,6,400601,5,Bering Sea,62.5-169,S,"Can Trawl 400 headrope, 601 sidewalls",2023-09-08T21:21:00Z,62.5,-168.99,2023-09-08T21:35:00Z,62.5,-168.96,NA,27,46.07,24,330,21740,8791030701,NA,NA,0,0,NA,NA,NA,0,0,NA
2023,27,2023-09-08T21:35:00Z,20230201027,934083,Pollock,Gadus chalcogrammus,A1,TC,26,725,400601,5,Bering Sea,62.5-169,S,"Can Trawl 400 headrope, 601 sidewalls",2023-09-08T21:21:00Z,62.5,-168.99,2023-09-08T21:35:00Z,62.5,-168.96,NA,27,46.07,24,330,21740,8791030701,NA,NA,0,0,NA,NA,NA,0,0,NA
2023,27,2023-09-08T21:35:00Z,20230201027,934083,Pollock,Gadus chalcogrammus,A1+,TC,6,5750,400601,5,Bering Sea,62.5-169,S,"Can Trawl 400 headrope, 601 sidewalls",2023-09-08T21:21:00Z,62.5,-168.99,2023-09-08T21:35:00Z,62.5,-168.96,NA,27,46.07,24,330,21740,8791030701,NA,NA,0,0,NA,NA,NA,0,0,NA
2023,28,2023-09-09T02:07:00Z,20230201028,51641,Northern Sea Nettle,Chrysaora melanaster,U,TC,0,45260,400601,5,Bering Sea,62.5-168,S,"Can Trawl 400 headrope, 601 sidewalls",2023-09-09T01:37:00Z,62.51,-167.98,2023-09-09T02:07:00Z,62.54,-167.94,NA,24,50.51,22.85,330,40504,NA,NA,NA,0,0,NA,NA,NA,0,0,NA
2023,28,2023-09-09T02:07:00Z,20230201028,82326,"Squid, unident.",Cephalopoda,U,TC,23,14,400601,5,Bering Sea,62.5-168,S,"Can Trawl 400 headrope, 601 sidewalls",2023-09-09T01:37:00Z,62.51,-167.98,2023-09-09T02:07:00Z,62.54,-167.94,NA,24,50.51,22.85,330,78000,5700000000,PINGER THIAMINASE ,NA,0,0,NA,NA,NA,0,0,NA
2023,28,2023-09-09T02:07:00Z,20230201028,161975,Pink Salmon,Oncorhynchus gorbuscha,J,TC,52,2966,400601,5,Bering Sea,62.5-168,S,"Can Trawl 400 headrope, 601 sidewalls",2023-09-09T01:37:00Z,62.51,-167.98,2023-09-09T02:07:00Z,62.54,-167.94,NA,24,50.51,22.85,330,23230,8755010201,NA,NA,0,0,NA,NA,NA,0,0,NA
2023,28,2023-09-09T02:07:00Z,20230201028,161976,Chum Salmon,Oncorhynchus keta,J,TC,3,225,400601,5,Bering Sea,62.5-168,S,"Can Trawl 400 headrope, 601 sidewalls",2023-09-09T01:37:00Z,62.51,-167.98,2023-09-09T02:07:00Z,62.54,-167.94,NA,24,50.51,22.85,330,23235,8755010202,NA,NA,0,0,NA,NA,NA,0,0,NA
2023,28,2023-09-09T02:07:00Z,20230201028,162035,Capelin,Mallotus villosus,U,TC,17.03,132,400601,5,Bering Sea,62.5-168,S,"Can Trawl 400 headrope, 601 sidewalls",2023-09-09T01:37:00Z,62.51,-167.98,2023-09-09T02:07:00Z,62.54,-167.94,NA,24,50.51,22.85,330,23041,8755030201,NA,NA,0,0,NA,NA,NA,0,0,NA
2023,28,2023-09-09T02:07:00Z,20230201028,166365,Threespine stickleback,Gasterosteus aculeatus,U,TC,1,6,400601,5,Bering Sea,62.5-168,S,"Can Trawl 400 headrope, 601 sidewalls",2023-09-09T01:37:00Z,62.51,-167.98,2023-09-09T02:07:00Z,62.54,-167.94,NA,24,50.51,22.85,330,21752,8818010101,NA,NA,0,0,NA,NA,NA,0,0,NA
2023,28,2023-09-09T02:07:00Z,20230201028,622287,Arctic Lamprey,Lethenteron camtschaticum,U,TC,1,62,400601,5,Bering Sea,62.5-168,S,"Can Trawl 400 headrope, 601 sidewalls",2023-09-09T01:37:00Z,62.51,-167.98,2023-09-09T02:07:00Z,62.54,-167.94,NA,24,50.51,22.85,330,NA,8603010201,NA,NA,0,0,NA,NA,NA,0,0,NA
2023,28,2023-09-09T02:07:00Z,20230201028,934083,Pollock,Gadus chalcogrammus,A0,TC,13,14,400601,5,Bering Sea,62.5-168,S,"Can Trawl 400 headrope, 601 sidewalls",2023-09-09T01:37:00Z,62.51,-167.98,2023-09-09T02:07:00Z,62.54,-167.94,NA,24,50.51,22.85,330,21740,8791030701,NA,NA,0,0,NA,NA,NA,0,0,NA
2023,28,2023-09-09T02:07:00Z,20230201028,934083,Pollock,Gadus chalcogrammus,A1,TC,1.69,22,400601,5,Bering Sea,62.5-168,S,"Can Trawl 400 headrope, 601 sidewalls",2023-09-09T01:37:00Z,62.51,-167.98,2023-09-09T02:07:00Z,62.54,-167.94,NA,24,50.51,22.85,330,21740,8791030701,NA,NA,0,0,NA,NA,NA,0,0,NA
2023,28,2023-09-09T02:07:00Z,20230201028,934083,Pollock,Gadus chalcogrammus,A1+,TC,3,3190,400601,5,Bering Sea,62.5-168,S,"Can Trawl 400 headrope, 601 sidewalls",2023-09-09T01:37:00Z,62.51,-167.98,2023-09-09T02:07:00Z,62.54,-167.94,NA,24,50.51,22.85,330,21740,8791030701,NA,NA,0,0,NA,NA,NA,0,0,NA
2023,30,2023-09-10T22:08:00Z,20230201030,50623,Aequorea  sp.,Aequorea sp.,U,TC,0,570,400601,5,Bering Sea,63-167,S,"Can Trawl 400 headrope, 601 sidewalls",2023-09-10T21:38:00Z,62.99,-166.97,2023-09-10T22:08:00Z,63,-166.9,NA,22,51.24,19.89,330,40506,NA,NA,NA,0,0,NA,NA,NA,0,0,NA
2023,30,2023-09-10T22:08:00Z,20230201030,51641,Northern Sea Nettle,Chrysaora melanaster,U,TC,99.87,51210,400601,5,Bering Sea,63-167,S,"Can Trawl 400 headrope, 601 sidewalls",2023-09-10T21:38:00Z,62.99,-166.97,2023-09-10T22:08:00Z,63,-166.9,NA,22,51.24,19.89,330,40504,NA,NA,NA,0,0,NA,NA,NA,0,0,NA
2023,30,2023-09-10T22:08:00Z,20230201030,82418,"Gonatus Squid, unident.",Gonatus,U,TC,177,118,400601,5,Bering Sea,63-167,S,"Can Trawl 400 headrope, 601 sidewalls",2023-09-10T21:38:00Z,62.99,-166.97,2023-09-10T22:08:00Z,63,-166.9,NA,22,51.24,19.89,330,79200,NA,NA,NA,0,0,NA,NA,NA,0,0,NA
2023,30,2023-09-10T22:08:00Z,20230201030,161975,Pink Salmon,Oncorhynchus gorbuscha,J,TC,47,1736,400601,5,Bering Sea,63-167,S,"Can Trawl 400 headrope, 601 sidewalls",2023-09-10T21:38:00Z,62.99,-166.97,2023-09-10T22:08:00Z,63,-166.9,NA,22,51.24,19.89,330,23230,8755010201,NA,NA,0,0,NA,NA,NA,0,0,NA
2023,30,2023-09-10T22:08:00Z,20230201030,161976,Chum Salmon,Oncorhynchus keta,J,TC,9,1137,400601,5,Bering Sea,63-167,S,"Can Trawl 400 headrope, 601 sidewalls",2023-09-10T21:38:00Z,62.99,-166.97,2023-09-10T22:08:00Z,63,-166.9,NA,22,51.24,19.89,330,23235,8755010202,NA,NA,0,0,NA,NA,NA,0,0,NA
2023,30,2023-09-10T22:08:00Z,20230201030,161980,Chinook Salmon,Oncorhynchus tshawytscha,IM,TC,1,2333,400601,5,Bering Sea,63-167,S,"Can Trawl 400 headrope, 601 sidewalls",2023-09-10T21:38:00Z,62.99,-166.97,2023-09-10T22:08:00Z,63,-166.9,NA,22,51.24,19.89,330,23220,8755010206,NA,NA,0,0,NA,NA,NA,0,0,NA
2023,30,2023-09-10T22:08:00Z,20230201030,161980,Chinook Salmon,Oncorhynchus tshawytscha,J,TC,2,251,400601,5,Bering Sea,63-167,S,"Can Trawl 400 headrope, 601 sidewalls",2023-09-10T21:38:00Z,62.99,-166.97,2023-09-10T22:08:00Z,63,-166.9,NA,22,51.24,19.89,330,23220,8755010206,NA,NA,0,0,NA,NA,NA,0,0,NA
2023,30,2023-09-10T22:08:00Z,20230201030,172907,Yellowfin Sole,Limanda aspera,U,TC,2,400,400601,5,Bering Sea,63-167,S,"Can Trawl 400 headrope, 601 sidewalls",2023-09-10T21:38:00Z,62.99,-166.97,2023-09-10T22:08:00Z,63,-166.9,NA,22,51.24,19.89,330,10210,8857041505,NA,NA,0,0,NA,NA,NA,0,0,NA
2023,30,2023-09-10T22:08:00Z,20230201030,172911,Longhead Dab,Limanda proboscidea,U,TC,1,1,400601,5,Bering Sea,63-167,S,"Can Trawl 400 headrope, 601 sidewalls",2023-09-10T21:38:00Z,62.99,-166.97,2023-09-10T22:08:00Z,63,-166.9,NA,22,51.24,19.89,330,10211,8857041507,NA,NA,0,0,NA,NA,NA,0,0,NA
2023,30,2023-09-10T22:08:00Z,20230201030,551209,Pacific Herring,Clupea pallasi,A1+,TC,34,2034,400601,5,Bering Sea,63-167,S,"Can Trawl 400 headrope, 601 sidewalls",2023-09-10T21:38:00Z,62.99,-166.97,2023-09-10T22:08:00Z,63,-166.9,NA,22,51.24,19.89,330,21110,8747010201,NA,NA,0,0,NA,NA,NA,0,0,NA
2023,30,2023-09-10T22:08:00Z,20230201030,622287,Arctic Lamprey,Lethenteron camtschaticum,U,TC,1,31,400601,5,Bering Sea,63-167,S,"Can Trawl 400 headrope, 601 sidewalls",2023-09-10T21:38:00Z,62.99,-166.97,2023-09-10T22:08:00Z,63,-166.9,NA,22,51.24,19.89,330,NA,8603010201,NA,NA,0,0,NA,NA,NA,0,0,NA
2023,30,2023-09-10T22:08:00Z,20230201030,934083,Pollock,Gadus chalcogrammus,A0,TC,72.95,89,400601,5,Bering Sea,63-167,S,"Can Trawl 400 headrope, 601 sidewalls",2023-09-10T21:38:00Z,62.99,-166.97,2023-09-10T22:08:00Z,63,-166.9,NA,22,51.24,19.89,330,21740,8791030701,NA,NA,0,0,NA,NA,NA,0,0,NA
2023,31,2023-09-11T02:08:00Z,20230201031,51641,Northern Sea Nettle,Chrysaora melanaster,U,TC,0,1990,400601,5,Bering Sea,63-166,S,"Can Trawl 400 headrope, 601 sidewalls",2023-09-11T01:38:00Z,63.01,-166,2023-09-11T02:08:00Z,63.05,-166,NA,16,51,18.2,330,40504,NA,NA,NA,0,0,NA,NA,NA,0,0,NA
2023,31,2023-09-11T02:08:00Z,20230201031,51669,Cyanea sp.,Cyanea sp.,U,TC,0,180,400601,5,Bering Sea,63-166,S,"Can Trawl 400 headrope, 601 sidewalls",2023-09-11T01:38:00Z,63.01,-166,2023-09-11T02:08:00Z,63.05,-166,NA,16,51,18.2,330,40560,NA,NA,NA,0,0,NA,NA,NA,0,0,NA
2023,31,2023-09-11T02:08:00Z,20230201031,161975,Pink Salmon,Oncorhynchus gorbuscha,J,TC,6,256,400601,5,Bering Sea,63-166,S,"Can Trawl 400 headrope, 601 sidewalls",2023-09-11T01:38:00Z,63.01,-166,2023-09-11T02:08:00Z,63.05,-166,NA,16,51,18.2,330,23230,8755010201,NA,NA,0,0,NA,NA,NA,0,0,NA
2023,31,2023-09-11T02:08:00Z,20230201031,161976,Chum Salmon,Oncorhynchus keta,J,TC,13,582,400601,5,Bering Sea,63-166,S,"Can Trawl 400 headrope, 601 sidewalls",2023-09-11T01:38:00Z,63.01,-166,2023-09-11T02:08:00Z,63.05,-166,NA,16,51,18.2,330,23235,8755010202,NA,NA,0,0,NA,NA,NA,0,0,NA
2023,31,2023-09-11T02:08:00Z,20230201031,161980,Chinook Salmon,Oncorhynchus tshawytscha,J,TC,12,1368,400601,5,Bering Sea,63-166,S,"Can Trawl 400 headrope, 601 sidewalls",2023-09-11T01:38:00Z,63.01,-166,2023-09-11T02:08:00Z,63.05,-166,NA,16,51,18.2,330,23220,8755010206,NA,NA,0,0,NA,NA,NA,0,0,NA
2023,31,2023-09-11T02:08:00Z,20230201031,162041,Rainbow Smelt,Osmerus mordax dentex,U,TC,137.36,1155,400601,5,Bering Sea,63-166,S,"Can Trawl 400 headrope, 601 sidewalls",2023-09-11T01:38:00Z,63.01,-166,2023-09-11T02:08:00Z,63.05,-166,NA,16,51,18.2,330,23055,8755030302,NA,NA,0,0,NA,NA,NA,0,0,NA
2023,31,2023-09-11T02:08:00Z,20230201031,164708,Saffron Cod,Eleginus gracilis,A0,TC,161.62,656,400601,5,Bering Sea,63-166,S,"Can Trawl 400 headrope, 601 sidewalls",2023-09-11T01:38:00Z,63.01,-166,2023-09-11T02:08:00Z,63.05,-166,NA,16,51,18.2,330,21735,8791030301,NA,NA,0,0,NA,NA,NA,0,0,NA
2023,31,2023-09-11T02:08:00Z,20230201031,164708,Saffron Cod,Eleginus gracilis,A1+,TC,2,152,400601,5,Bering Sea,63-166,S,"Can Trawl 400 headrope, 601 sidewalls",2023-09-11T01:38:00Z,63.01,-166,2023-09-11T02:08:00Z,63.05,-166,NA,16,51,18.2,330,21735,8791030301,NA,NA,0,0,NA,NA,NA,0,0,NA
2023,31,2023-09-11T02:08:00Z,20230201031,166365,Threespine stickleback,Gasterosteus aculeatus,U,TC,2,13,400601,5,Bering Sea,63-166,S,"Can Trawl 400 headrope, 601 sidewalls",2023-09-11T01:38:00Z,63.01,-166,2023-09-11T02:08:00Z,63.05,-166,NA,16,51,18.2,330,21752,8818010101,NA,NA,0,0,NA,NA,NA,0,0,NA
2023,31,2023-09-11T02:08:00Z,20230201031,166387,Nine-spine Stickleback,Pungitius pungitius,U,TC,3,3,400601,5,Bering Sea,63-166,S,"Can Trawl 400 headrope, 601 sidewalls",2023-09-11T01:38:00Z,63.01,-166,2023-09-11T02:08:00Z,63.05,-166,NA,16,51,18.2,330,21753,8818010201,NA,NA,0,0,NA,NA,NA,0,0,NA
2023,31,2023-09-11T02:08:00Z,20230201031,171337,Bering Wolffish,Anarhichas orientalis,U,TC,1,37,400601,5,Bering Sea,63-166,S,"Can Trawl 400 headrope, 601 sidewalls",2023-09-11T01:38:00Z,63.01,-166,2023-09-11T02:08:00Z,63.05,-166,NA,16,51,18.2,330,20322,8842020101,NA,NA,0,0,NA,NA,NA,0,0,NA
2023,31,2023-09-11T02:08:00Z,20230201031,171672,Arctic Sand Lance,Ammodytes hexapterus,U,TC,1,16,400601,5,Bering Sea,63-166,S,"Can Trawl 400 headrope, 601 sidewalls",2023-09-11T01:38:00Z,63.01,-166,2023-09-11T02:08:00Z,63.05,-166,NA,16,51,18.2,330,20203,8845010101,NA,NA,0,0,NA,NA,NA,0,0,NA
2023,31,2023-09-11T02:08:00Z,20230201031,172893,Starry Flounder,Platichthys stellatus,U,TC,2,416,400601,5,Bering Sea,63-166,S,"Can Trawl 400 headrope, 601 sidewalls",2023-09-11T01:38:00Z,63.01,-166,2023-09-11T02:08:00Z,63.05,-166,NA,16,51,18.2,330,10220,8857041401,NA,NA,0,0,NA,NA,NA,0,0,NA
2023,31,2023-09-11T02:08:00Z,20230201031,172930,Greenland Halibut,Reinhardtius hippoglossoides,U,TC,1,2,400601,5,Bering Sea,63-166,S,"Can Trawl 400 headrope, 601 sidewalls",2023-09-11T01:38:00Z,63.01,-166,2023-09-11T02:08:00Z,63.05,-166,NA,16,51,18.2,330,10115,8857041801,NA,NA,0,0,NA,NA,NA,0,0,NA
2023,31,2023-09-11T02:08:00Z,20230201031,551209,Pacific Herring,Clupea pallasi,A1+,TC,1384.8,28167,400601,5,Bering Sea,63-166,S,"Can Trawl 400 headrope, 601 sidewalls",2023-09-11T01:38:00Z,63.01,-166,2023-09-11T02:08:00Z,63.05,-166,NA,16,51,18.2,330,21110,8747010201,NA,NA,0,0,NA,NA,NA,0,0,NA
2023,31,2023-09-11T02:08:00Z,20230201031,622287,Arctic Lamprey,Lethenteron camtschaticum,U,TC,2,105,400601,5,Bering Sea,63-166,S,"Can Trawl 400 headrope, 601 sidewalls",2023-09-11T01:38:00Z,63.01,-166,2023-09-11T02:08:00Z,63.05,-166,NA,16,51,18.2,330,NA,8603010201,NA,NA,0,0,NA,NA,NA,0,0,NA
2023,32,2023-09-11T17:17:00Z,20230201032,51641,Northern Sea Nettle,Chrysaora melanaster,U,TC,58.44,9670,400601,5,Bering Sea,63.5-166,S,"Can Trawl 400 headrope, 601 sidewalls",2023-09-11T16:47:00Z,63.5,-166.03,2023-09-11T17:17:00Z,63.49,-166.11,NA,20,51.34,22.5,330,40504,NA,NA,NA,0,0,NA,NA,NA,0,0,NA
2023,32,2023-09-11T17:17:00Z,20230201032,161975,Pink Salmon,Oncorhynchus gorbuscha,J,TC,10,381,400601,5,Bering Sea,63.5-166,S,"Can Trawl 400 headrope, 601 sidewalls",2023-09-11T16:47:00Z,63.5,-166.03,2023-09-11T17:17:00Z,63.49,-166.11,NA,20,51.34,22.5,330,23230,8755010201,NA,NA,0,0,NA,NA,NA,0,0,NA
2023,32,2023-09-11T17:17:00Z,20230201032,161976,Chum Salmon,Oncorhynchus keta,J,TC,9.08,454,400601,5,Bering Sea,63.5-166,S,"Can Trawl 400 headrope, 601 sidewalls",2023-09-11T16:47:00Z,63.5,-166.03,2023-09-11T17:17:00Z,63.49,-166.11,NA,20,51.34,22.5,330,23235,8755010202,NA,NA,0,0,NA,NA,NA,0,0,NA
2023,32,2023-09-11T17:17:00Z,20230201032,161980,Chinook Salmon,Oncorhynchus tshawytscha,J,TC,8,801,400601,5,Bering Sea,63.5-166,S,"Can Trawl 400 headrope, 601 sidewalls",2023-09-11T16:47:00Z,63.5,-166.03,2023-09-11T17:17:00Z,63.49,-166.11,NA,20,51.34,22.5,330,23220,8755010206,NA,NA,0,0,NA,NA,NA,0,0,NA
2023,32,2023-09-11T17:17:00Z,20230201032,162041,Rainbow Smelt,Osmerus mordax dentex,U,TC,31,597,400601,5,Bering Sea,63.5-166,S,"Can Trawl 400 headrope, 601 sidewalls",2023-09-11T16:47:00Z,63.5,-166.03,2023-09-11T17:17:00Z,63.49,-166.11,NA,20,51.34,22.5,330,23055,8755030302,NA,NA,0,0,NA,NA,NA,0,0,NA
2023,32,2023-09-11T17:17:00Z,20230201032,164708,Saffron Cod,Eleginus gracilis,A0,TC,393.64,1921,400601,5,Bering Sea,63.5-166,S,"Can Trawl 400 headrope, 601 sidewalls",2023-09-11T16:47:00Z,63.5,-166.03,2023-09-11T17:17:00Z,63.49,-166.11,NA,20,51.34,22.5,330,21735,8791030301,NA,NA,0,0,NA,NA,NA,0,0,NA
2023,32,2023-09-11T17:17:00Z,20230201032,164708,Saffron Cod,Eleginus gracilis,U,TC,2,104,400601,5,Bering Sea,63.5-166,S,"Can Trawl 400 headrope, 601 sidewalls",2023-09-11T16:47:00Z,63.5,-166.03,2023-09-11T17:17:00Z,63.49,-166.11,NA,20,51.34,22.5,330,21735,8791030301,NA,NA,0,0,NA,NA,NA,0,0,NA
2023,32,2023-09-11T17:17:00Z,20230201032,166365,Threespine stickleback,Gasterosteus aculeatus,U,TC,9,58,400601,5,Bering Sea,63.5-166,S,"Can Trawl 400 headrope, 601 sidewalls",2023-09-11T16:47:00Z,63.5,-166.03,2023-09-11T17:17:00Z,63.49,-166.11,NA,20,51.34,22.5,330,21752,8818010101,NA,NA,0,0,NA,NA,NA,0,0,NA
2023,32,2023-09-11T17:17:00Z,20230201032,171337,Bering Wolffish,Anarhichas orientalis,U,TC,1,40,400601,5,Bering Sea,63.5-166,S,"Can Trawl 400 headrope, 601 sidewalls",2023-09-11T16:47:00Z,63.5,-166.03,2023-09-11T17:17:00Z,63.49,-166.11,NA,20,51.34,22.5,330,20322,8842020101,NA,NA,0,0,NA,NA,NA,0,0,NA
2023,32,2023-09-11T17:17:00Z,20230201032,171672,Arctic Sand Lance,Ammodytes hexapterus,U,TC,3,53,400601,5,Bering Sea,63.5-166,S,"Can Trawl 400 headrope, 601 sidewalls",2023-09-11T16:47:00Z,63.5,-166.03,2023-09-11T17:17:00Z,63.49,-166.11,NA,20,51.34,22.5,330,20203,8845010101,NA,NA,0,0,NA,NA,NA,0,0,NA
2023,32,2023-09-11T17:17:00Z,20230201032,172893,Starry Flounder,Platichthys stellatus,U,TC,4,890,400601,5,Bering Sea,63.5-166,S,"Can Trawl 400 headrope, 601 sidewalls",2023-09-11T16:47:00Z,63.5,-166.03,2023-09-11T17:17:00Z,63.49,-166.11,NA,20,51.34,22.5,330,10220,8857041401,NA,NA,0,0,NA,NA,NA,0,0,NA
2023,32,2023-09-11T17:17:00Z,20230201032,172930,Greenland Halibut,Reinhardtius hippoglossoides,U,TC,1,2,400601,5,Bering Sea,63.5-166,S,"Can Trawl 400 headrope, 601 sidewalls",2023-09-11T16:47:00Z,63.5,-166.03,2023-09-11T17:17:00Z,63.49,-166.11,NA,20,51.34,22.5,330,10115,8857041801,NA,NA,0,0,NA,NA,NA,0,0,NA
2023,32,2023-09-11T17:17:00Z,20230201032,551209,Pacific Herring,Clupea pallasi,A1+,TC,398.04,9561,400601,5,Bering Sea,63.5-166,S,"Can Trawl 400 headrope, 601 sidewalls",2023-09-11T16:47:00Z,63.5,-166.03,2023-09-11T17:17:00Z,63.49,-166.11,NA,20,51.34,22.5,330,21110,8747010201,NA,NA,0,0,NA,NA,NA,0,0,NA
2023,32,2023-09-11T17:17:00Z,20230201032,622287,Arctic Lamprey,Lethenteron camtschaticum,U,TC,1,66,400601,5,Bering Sea,63.5-166,S,"Can Trawl 400 headrope, 601 sidewalls",2023-09-11T16:47:00Z,63.5,-166.03,2023-09-11T17:17:00Z,63.49,-166.11,NA,20,51.34,22.5,330,NA,8603010201,NA,NA,0,0,NA,NA,NA,0,0,NA
2023,32,2023-09-11T17:17:00Z,20230201032,934083,Pollock,Gadus chalcogrammus,A1,TC,2,34,400601,5,Bering Sea,63.5-166,S,"Can Trawl 400 headrope, 601 sidewalls",2023-09-11T16:47:00Z,63.5,-166.03,2023-09-11T17:17:00Z,63.49,-166.11,NA,20,51.34,22.5,330,21740,8791030701,NA,NA,0,0,NA,NA,NA,0,0,NA
2023,34,2023-09-12T01:10:00Z,20230201034,50623,Aequorea  sp.,Aequorea sp.,U,TC,0,311,400601,5,Bering Sea,63.5-168,S,"Can Trawl 400 headrope, 601 sidewalls",2023-09-12T00:40:00Z,63.51,-168.03,2023-09-12T01:10:00Z,63.54,-168.08,NA,28,43.23,20.73,330,40506,NA,NA,NA,0,0,NA,NA,NA,0,0,NA
2023,34,2023-09-12T01:10:00Z,20230201034,51641,Northern Sea Nettle,Chrysaora melanaster,U,TC,0,208000,400601,5,Bering Sea,63.5-168,S,"Can Trawl 400 headrope, 601 sidewalls",2023-09-12T00:40:00Z,63.51,-168.03,2023-09-12T01:10:00Z,63.54,-168.08,NA,28,43.23,20.73,330,40504,NA,NA,NA,0,0,NA,NA,NA,0,0,NA
2023,34,2023-09-12T01:10:00Z,20230201034,51696,Phacellophora camtschatica,Phacellophora camtschatica,U,TC,0,276,400601,5,Bering Sea,63.5-168,S,"Can Trawl 400 headrope, 601 sidewalls",2023-09-12T00:40:00Z,63.51,-168.03,2023-09-12T01:10:00Z,63.54,-168.08,NA,28,43.23,20.73,330,NA,NA,NA,NA,0,0,NA,NA,NA,0,0,NA
2023,34,2023-09-12T01:10:00Z,20230201034,161975,Pink Salmon,Oncorhynchus gorbuscha,J,TC,1,57,400601,5,Bering Sea,63.5-168,S,"Can Trawl 400 headrope, 601 sidewalls",2023-09-12T00:40:00Z,63.51,-168.03,2023-09-12T01:10:00Z,63.54,-168.08,NA,28,43.23,20.73,330,23230,8755010201,NA,NA,0,0,NA,NA,NA,0,0,NA
2023,34,2023-09-12T01:10:00Z,20230201034,161976,Chum Salmon,Oncorhynchus keta,IM,TC,1,3170,400601,5,Bering Sea,63.5-168,S,"Can Trawl 400 headrope, 601 sidewalls",2023-09-12T00:40:00Z,63.51,-168.03,2023-09-12T01:10:00Z,63.54,-168.08,NA,28,43.23,20.73,330,23235,8755010202,NA,NA,0,0,NA,NA,NA,0,0,NA
2023,34,2023-09-12T01:10:00Z,20230201034,161980,Chinook Salmon,Oncorhynchus tshawytscha,IM,TC,1,363,400601,5,Bering Sea,63.5-168,S,"Can Trawl 400 headrope, 601 sidewalls",2023-09-12T00:40:00Z,63.51,-168.03,2023-09-12T01:10:00Z,63.54,-168.08,NA,28,43.23,20.73,330,23220,8755010206,NA,NA,0,0,NA,NA,NA,0,0,NA
2023,34,2023-09-12T01:10:00Z,20230201034,172907,Yellowfin Sole,Limanda aspera,U,TC,3,1830,400601,5,Bering Sea,63.5-168,S,"Can Trawl 400 headrope, 601 sidewalls",2023-09-12T00:40:00Z,63.51,-168.03,2023-09-12T01:10:00Z,63.54,-168.08,NA,28,43.23,20.73,330,10210,8857041505,NA,NA,0,0,NA,NA,NA,0,0,NA
2023,34,2023-09-12T01:10:00Z,20230201034,551209,Pacific Herring,Clupea pallasi,A1+,TC,384.59,44782,400601,5,Bering Sea,63.5-168,S,"Can Trawl 400 headrope, 601 sidewalls",2023-09-12T00:40:00Z,63.51,-168.03,2023-09-12T01:10:00Z,63.54,-168.08,NA,28,43.23,20.73,330,21110,8747010201,NA,NA,0,0,NA,NA,NA,0,0,NA
2023,34,2023-09-12T01:10:00Z,20230201034,556311,Long Fin Squid,Gonatus kamtschaticus,U,TC,1,17,400601,5,Bering Sea,63.5-168,S,"Can Trawl 400 headrope, 601 sidewalls",2023-09-12T00:40:00Z,63.51,-168.03,2023-09-12T01:10:00Z,63.54,-168.08,NA,28,43.23,20.73,330,79206,NA,NA,NA,0,0,NA,NA,NA,0,0,NA
2023,34,2023-09-12T01:10:00Z,20230201034,630414,Ammodytes personatus,Ammodytes personatus,U,TC,1,15,400601,5,Bering Sea,63.5-168,S,"Can Trawl 400 headrope, 601 sidewalls",2023-09-12T00:40:00Z,63.51,-168.03,2023-09-12T01:10:00Z,63.54,-168.08,NA,28,43.23,20.73,330,NA,NA,NA,NA,0,0,NA,NA,NA,0,0,NA
2023,34,2023-09-12T01:10:00Z,20230201034,934083,Pollock,Gadus chalcogrammus,A0,TC,57.14,80,400601,5,Bering Sea,63.5-168,S,"Can Trawl 400 headrope, 601 sidewalls",2023-09-12T00:40:00Z,63.51,-168.03,2023-09-12T01:10:00Z,63.54,-168.08,NA,28,43.23,20.73,330,21740,8791030701,NA,NA,0,0,NA,NA,NA,0,0,NA
2023,35,2023-09-12T17:38:00Z,20230201035,172893,Starry Flounder,Platichthys stellatus,U,TC,2,591,400601,5,Bering Sea,64-167,S,"Can Trawl 400 headrope, 601 sidewalls",2023-09-12T17:08:00Z,63.99,-167.01,2023-09-12T17:38:00Z,63.99,-167.09,NA,28,49.85,21.65,330,10220,8857041401,NA,NA,0,0,NA,NA,NA,0,0,NA
2023,35,2023-09-12T17:38:00Z,20230201035,551209,Pacific Herring,Clupea pallasi,A1+,TC,12,910,400601,5,Bering Sea,64-167,S,"Can Trawl 400 headrope, 601 sidewalls",2023-09-12T17:08:00Z,63.99,-167.01,2023-09-12T17:38:00Z,63.99,-167.09,NA,28,49.85,21.65,330,21110,8747010201,NA,NA,0,0,NA,NA,NA,0,0,NA
2023,35,2023-09-12T17:38:00Z,20230201035,934083,Pollock,Gadus chalcogrammus,A0,TC,272.52,496,400601,5,Bering Sea,64-167,S,"Can Trawl 400 headrope, 601 sidewalls",2023-09-12T17:08:00Z,63.99,-167.01,2023-09-12T17:38:00Z,63.99,-167.09,NA,28,49.85,21.65,330,21740,8791030701,NA,NA,0,0,NA,NA,NA,0,0,NA
2023,35,2023-09-12T17:38:00Z,20230201035,934083,Pollock,Gadus chalcogrammus,A1,TC,1,12,400601,5,Bering Sea,64-167,S,"Can Trawl 400 headrope, 601 sidewalls",2023-09-12T17:08:00Z,63.99,-167.01,2023-09-12T17:38:00Z,63.99,-167.09,NA,28,49.85,21.65,330,21740,8791030701,NA,NA,0,0,NA,NA,NA,0,0,NA
2023,35,2023-09-12T17:38:00Z,20230201035,51641,Northern Sea Nettle,Chrysaora melanaster,U,TC,195.62,163740,400601,5,Bering Sea,64-167,S,"Can Trawl 400 headrope, 601 sidewalls",2023-09-12T17:08:00Z,63.99,-167.01,2023-09-12T17:38:00Z,63.99,-167.09,NA,28,49.85,21.65,330,40504,NA,NA,NA,0,0,NA,NA,NA,0,0,NA
2023,35,2023-09-12T17:38:00Z,20230201035,82418,"Gonatus Squid, unident.",Gonatus,U,TC,1,1,400601,5,Bering Sea,64-167,S,"Can Trawl 400 headrope, 601 sidewalls",2023-09-12T17:08:00Z,63.99,-167.01,2023-09-12T17:38:00Z,63.99,-167.09,NA,28,49.85,21.65,330,79200,NA,NA,NA,0,0,NA,NA,NA,0,0,NA
2023,35,2023-09-12T17:38:00Z,20230201035,161975,Pink Salmon,Oncorhynchus gorbuscha,J,TC,17,784,400601,5,Bering Sea,64-167,S,"Can Trawl 400 headrope, 601 sidewalls",2023-09-12T17:08:00Z,63.99,-167.01,2023-09-12T17:38:00Z,63.99,-167.09,NA,28,49.85,21.65,330,23230,8755010201,NA,NA,0,0,NA,NA,NA,0,0,NA
2023,35,2023-09-12T17:38:00Z,20230201035,161976,Chum Salmon,Oncorhynchus keta,J,TC,47,2917,400601,5,Bering Sea,64-167,S,"Can Trawl 400 headrope, 601 sidewalls",2023-09-12T17:08:00Z,63.99,-167.01,2023-09-12T17:38:00Z,63.99,-167.09,NA,28,49.85,21.65,330,23235,8755010202,NA,NA,0,0,NA,NA,NA,0,0,NA
2023,35,2023-09-12T17:38:00Z,20230201035,161979,Sockeye Salmon,Oncorhynchus nerka,J,TC,1,88,400601,5,Bering Sea,64-167,S,"Can Trawl 400 headrope, 601 sidewalls",2023-09-12T17:08:00Z,63.99,-167.01,2023-09-12T17:38:00Z,63.99,-167.09,NA,28,49.85,21.65,330,23240,8755010205,NA,NA,0,0,NA,NA,NA,0,0,NA
2023,35,2023-09-12T17:38:00Z,20230201035,161980,Chinook Salmon,Oncorhynchus tshawytscha,IM,TC,1,1222,400601,5,Bering Sea,64-167,S,"Can Trawl 400 headrope, 601 sidewalls",2023-09-12T17:08:00Z,63.99,-167.01,2023-09-12T17:38:00Z,63.99,-167.09,NA,28,49.85,21.65,330,23220,8755010206,NA,NA,0,0,NA,NA,NA,0,0,NA
2023,35,2023-09-12T17:38:00Z,20230201035,161980,Chinook Salmon,Oncorhynchus tshawytscha,J,TC,2,201,400601,5,Bering Sea,64-167,S,"Can Trawl 400 headrope, 601 sidewalls",2023-09-12T17:08:00Z,63.99,-167.01,2023-09-12T17:38:00Z,63.99,-167.09,NA,28,49.85,21.65,330,23220,8755010206,NA,NA,0,0,NA,NA,NA,0,0,NA
2023,35,2023-09-12T17:38:00Z,20230201035,162041,Rainbow Smelt,Osmerus mordax dentex,U,TC,2,38,400601,5,Bering Sea,64-167,S,"Can Trawl 400 headrope, 601 sidewalls",2023-09-12T17:08:00Z,63.99,-167.01,2023-09-12T17:38:00Z,63.99,-167.09,NA,28,49.85,21.65,330,23055,8755030302,NA,NA,0,0,NA,NA,NA,0,0,NA
2023,35,2023-09-12T17:38:00Z,20230201035,164708,Saffron Cod,Eleginus gracilis,A0,TC,37,153,400601,5,Bering Sea,64-167,S,"Can Trawl 400 headrope, 601 sidewalls",2023-09-12T17:08:00Z,63.99,-167.01,2023-09-12T17:38:00Z,63.99,-167.09,NA,28,49.85,21.65,330,21735,8791030301,NA,NA,0,0,NA,NA,NA,0,0,NA
2023,35,2023-09-12T17:38:00Z,20230201035,164708,Saffron Cod,Eleginus gracilis,A1+,TC,1,44,400601,5,Bering Sea,64-167,S,"Can Trawl 400 headrope, 601 sidewalls",2023-09-12T17:08:00Z,63.99,-167.01,2023-09-12T17:38:00Z,63.99,-167.09,NA,28,49.85,21.65,330,21735,8791030301,NA,NA,0,0,NA,NA,NA,0,0,NA
2023,35,2023-09-12T17:38:00Z,20230201035,164711,Pacific Cod,Gadus macrocephalus,A0,TC,2,8,400601,5,Bering Sea,64-167,S,"Can Trawl 400 headrope, 601 sidewalls",2023-09-12T17:08:00Z,63.99,-167.01,2023-09-12T17:38:00Z,63.99,-167.09,NA,28,49.85,21.65,330,21720,8791030401,NA,NA,0,0,NA,NA,NA,0,0,NA
2023,36,2023-09-12T21:46:00Z,20230201036,50623,Aequorea  sp.,Aequorea sp.,U,TC,0,160,400601,5,Bering Sea,64-168,S,"Can Trawl 400 headrope, 601 sidewalls",2023-09-12T21:16:00Z,63.99,-168.02,2023-09-12T21:46:00Z,63.99,-168.1,NA,31,50.53,19.97,330,40506,NA,NA,NA,0,0,NA,NA,NA,0,0,NA
2023,36,2023-09-12T21:46:00Z,20230201036,51641,Northern Sea Nettle,Chrysaora melanaster,U,TC,56.81,33960,400601,5,Bering Sea,64-168,S,"Can Trawl 400 headrope, 601 sidewalls",2023-09-12T21:16:00Z,63.99,-168.02,2023-09-12T21:46:00Z,63.99,-168.1,NA,31,50.53,19.97,330,40504,NA,NA,NA,0,0,NA,NA,NA,0,0,NA
2023,36,2023-09-12T21:46:00Z,20230201036,51669,Cyanea sp.,Cyanea sp.,U,TC,1,60,400601,5,Bering Sea,64-168,S,"Can Trawl 400 headrope, 601 sidewalls",2023-09-12T21:16:00Z,63.99,-168.02,2023-09-12T21:46:00Z,63.99,-168.1,NA,31,50.53,19.97,330,40560,NA,NA,NA,0,0,NA,NA,NA,0,0,NA
2023,36,2023-09-12T21:46:00Z,20230201036,161975,Pink Salmon,Oncorhynchus gorbuscha,J,TC,23,2194,400601,5,Bering Sea,64-168,S,"Can Trawl 400 headrope, 601 sidewalls",2023-09-12T21:16:00Z,63.99,-168.02,2023-09-12T21:46:00Z,63.99,-168.1,NA,31,50.53,19.97,330,23230,8755010201,NA,NA,0,0,NA,NA,NA,0,0,NA
2023,36,2023-09-12T21:46:00Z,20230201036,161976,Chum Salmon,Oncorhynchus keta,J,TC,7,720,400601,5,Bering Sea,64-168,S,"Can Trawl 400 headrope, 601 sidewalls",2023-09-12T21:16:00Z,63.99,-168.02,2023-09-12T21:46:00Z,63.99,-168.1,NA,31,50.53,19.97,330,23235,8755010202,NA,NA,0,0,NA,NA,NA,0,0,NA
2023,36,2023-09-12T21:46:00Z,20230201036,161977,Coho Salmon,Oncorhynchus kisutch,J,TC,1,369,400601,5,Bering Sea,64-168,S,"Can Trawl 400 headrope, 601 sidewalls",2023-09-12T21:16:00Z,63.99,-168.02,2023-09-12T21:46:00Z,63.99,-168.1,NA,31,50.53,19.97,330,23225,8755010203,NA,NA,0,0,NA,NA,NA,0,0,NA
2023,36,2023-09-12T21:46:00Z,20230201036,161979,Sockeye Salmon,Oncorhynchus nerka,J,TC,3,321,400601,5,Bering Sea,64-168,S,"Can Trawl 400 headrope, 601 sidewalls",2023-09-12T21:16:00Z,63.99,-168.02,2023-09-12T21:46:00Z,63.99,-168.1,NA,31,50.53,19.97,330,23240,8755010205,NA,NA,0,0,NA,NA,NA,0,0,NA
2023,36,2023-09-12T21:46:00Z,20230201036,622287,Arctic Lamprey,Lethenteron camtschaticum,U,TC,2,142,400601,5,Bering Sea,64-168,S,"Can Trawl 400 headrope, 601 sidewalls",2023-09-12T21:16:00Z,63.99,-168.02,2023-09-12T21:46:00Z,63.99,-168.1,NA,31,50.53,19.97,330,NA,8603010201,NA,NA,0,0,NA,NA,NA,0,0,NA
2023,36,2023-09-12T21:46:00Z,20230201036,630414,Ammodytes personatus,Ammodytes personatus,U,TC,18,202,400601,5,Bering Sea,64-168,S,"Can Trawl 400 headrope, 601 sidewalls",2023-09-12T21:16:00Z,63.99,-168.02,2023-09-12T21:46:00Z,63.99,-168.1,NA,31,50.53,19.97,330,NA,NA,NA,NA,0,0,NA,NA,NA,0,0,NA
2023,36,2023-09-12T21:46:00Z,20230201036,934083,Pollock,Gadus chalcogrammus,A0,TC,418.67,769,400601,5,Bering Sea,64-168,S,"Can Trawl 400 headrope, 601 sidewalls",2023-09-12T21:16:00Z,63.99,-168.02,2023-09-12T21:46:00Z,63.99,-168.1,NA,31,50.53,19.97,330,21740,8791030701,NA,NA,0,0,NA,NA,NA,0,0,NA
2023,37,2023-09-13T01:36:00Z,20230201037,50623,Aequorea  sp.,Aequorea sp.,U,SC,0,15441.61,400601,5,Bering Sea,64-169,S,"Can Trawl 400 headrope, 601 sidewalls",2023-09-13T01:21:00Z,64,-168.99,2023-09-13T01:36:00Z,64.01,-168.98,NA,30,44,22.5,330,40506,NA,NA,NA,0,0,NA,NA,NA,0,0,NA
2023,37,2023-09-13T01:36:00Z,20230201037,51641,Northern Sea Nettle,Chrysaora melanaster,U,SC,1927.38,1019588.6,400601,5,Bering Sea,64-169,S,"Can Trawl 400 headrope, 601 sidewalls",2023-09-13T01:21:00Z,64,-168.99,2023-09-13T01:36:00Z,64.01,-168.98,NA,30,44,22.5,330,40504,NA,NA,NA,0,0,NA,NA,NA,0,0,NA
2023,37,2023-09-13T01:36:00Z,20230201037,161979,Sockeye Salmon,Oncorhynchus nerka,J,TC,2,170,400601,5,Bering Sea,64-169,S,"Can Trawl 400 headrope, 601 sidewalls",2023-09-13T01:21:00Z,64,-168.99,2023-09-13T01:36:00Z,64.01,-168.98,NA,30,44,22.5,330,23240,8755010205,NA,NA,0,0,NA,NA,NA,0,0,NA
2023,37,2023-09-13T01:36:00Z,20230201037,556311,Long Fin Squid,Gonatus kamtschaticus,U,SC,44.11,132.4,400601,5,Bering Sea,64-169,S,"Can Trawl 400 headrope, 601 sidewalls",2023-09-13T01:21:00Z,64,-168.99,2023-09-13T01:36:00Z,64.01,-168.98,NA,30,44,22.5,330,79206,NA,NA,NA,0,0,NA,NA,NA,0,0,NA
2023,37,2023-09-13T01:36:00Z,20230201037,622287,Arctic Lamprey,Lethenteron camtschaticum,U,TC,1,85,400601,5,Bering Sea,64-169,S,"Can Trawl 400 headrope, 601 sidewalls",2023-09-13T01:21:00Z,64,-168.99,2023-09-13T01:36:00Z,64.01,-168.98,NA,30,44,22.5,330,NA,8603010201,NA,NA,0,0,NA,NA,NA,0,0,NA
2023,37,2023-09-13T01:36:00Z,20230201037,934083,Pollock,Gadus chalcogrammus,A0,SC,57662.6,122385.9,400601,5,Bering Sea,64-169,S,"Can Trawl 400 headrope, 601 sidewalls",2023-09-13T01:21:00Z,64,-168.99,2023-09-13T01:36:00Z,64.01,-168.98,NA,30,44,22.5,330,21740,8791030701,NA,NA,0,0,NA,NA,NA,0,0,NA
2023,38,2023-09-13T17:27:00Z,20230201038,51641,Northern Sea Nettle,Chrysaora melanaster,U,TC,151.34,99700,400601,5,Bering Sea,64.5-169,S,"Can Trawl 400 headrope, 601 sidewalls",2023-09-13T16:57:00Z,64.49,-168.97,2023-09-13T17:27:00Z,64.49,-168.89,NA,37,48.87,22,330,40504,NA,NA,NA,0,0,NA,NA,NA,0,0,NA
2023,38,2023-09-13T17:27:00Z,20230201038,51669,Cyanea sp.,Cyanea sp.,U,TC,0,880,400601,5,Bering Sea,64.5-169,S,"Can Trawl 400 headrope, 601 sidewalls",2023-09-13T16:57:00Z,64.49,-168.97,2023-09-13T17:27:00Z,64.49,-168.89,NA,37,48.87,22,330,40560,NA,NA,NA,0,0,NA,NA,NA,0,0,NA
2023,38,2023-09-13T17:27:00Z,20230201038,161976,Chum Salmon,Oncorhynchus keta,IM,TC,2,5680,400601,5,Bering Sea,64.5-169,S,"Can Trawl 400 headrope, 601 sidewalls",2023-09-13T16:57:00Z,64.49,-168.97,2023-09-13T17:27:00Z,64.49,-168.89,NA,37,48.87,22,330,23235,8755010202,NA,NA,0,0,NA,NA,NA,0,0,NA
2023,38,2023-09-13T17:27:00Z,20230201038,167318,Shorthorn sculpin,Myoxocephalus scorpius,U,TC,1,164,400601,5,Bering Sea,64.5-169,S,"Can Trawl 400 headrope, 601 sidewalls",2023-09-13T16:57:00Z,64.49,-168.97,2023-09-13T17:27:00Z,64.49,-168.89,NA,37,48.87,22,330,21368,8831022207,NA,NA,0,0,NA,NA,NA,0,0,NA
2023,38,2023-09-13T17:27:00Z,20230201038,171672,Arctic Sand Lance,Ammodytes hexapterus,U,TC,1,26,400601,5,Bering Sea,64.5-169,S,"Can Trawl 400 headrope, 601 sidewalls",2023-09-13T16:57:00Z,64.49,-168.97,2023-09-13T17:27:00Z,64.49,-168.89,NA,37,48.87,22,330,20203,8845010101,NA,NA,0,0,NA,NA,NA,0,0,NA
2023,38,2023-09-13T17:27:00Z,20230201038,622287,Arctic Lamprey,Lethenteron camtschaticum,U,TC,1,46,400601,5,Bering Sea,64.5-169,S,"Can Trawl 400 headrope, 601 sidewalls",2023-09-13T16:57:00Z,64.49,-168.97,2023-09-13T17:27:00Z,64.49,-168.89,NA,37,48.87,22,330,NA,8603010201,NA,NA,0,0,NA,NA,NA,0,0,NA
2023,39,2023-09-13T21:23:00Z,20230201039,50623,Aequorea  sp.,Aequorea sp.,U,TC,0,490,400601,5,Bering Sea,64.5-168,S,"Can Trawl 400 headrope, 601 sidewalls",2023-09-13T20:53:00Z,64.5,-167.99,2023-09-13T21:23:00Z,64.52,-167.93,NA,31,42.69,19.9,330,40506,NA,NA,NA,0,0,NA,NA,NA,0,0,NA
2023,39,2023-09-13T21:23:00Z,20230201039,51641,Northern Sea Nettle,Chrysaora melanaster,U,TC,1318.9,503820,400601,5,Bering Sea,64.5-168,S,"Can Trawl 400 headrope, 601 sidewalls",2023-09-13T20:53:00Z,64.5,-167.99,2023-09-13T21:23:00Z,64.52,-167.93,NA,31,42.69,19.9,330,40504,NA,NA,NA,0,0,NA,NA,NA,0,0,NA
2023,39,2023-09-13T21:23:00Z,20230201039,161975,Pink Salmon,Oncorhynchus gorbuscha,J,TC,63.59,5390,400601,5,Bering Sea,64.5-168,S,"Can Trawl 400 headrope, 601 sidewalls",2023-09-13T20:53:00Z,64.5,-167.99,2023-09-13T21:23:00Z,64.52,-167.93,NA,31,42.69,19.9,330,23230,8755010201,NA,NA,0,0,NA,NA,NA,0,0,NA
2023,39,2023-09-13T21:23:00Z,20230201039,161976,Chum Salmon,Oncorhynchus keta,J,TC,16,1500,400601,5,Bering Sea,64.5-168,S,"Can Trawl 400 headrope, 601 sidewalls",2023-09-13T20:53:00Z,64.5,-167.99,2023-09-13T21:23:00Z,64.52,-167.93,NA,31,42.69,19.9,330,23235,8755010202,NA,NA,0,0,NA,NA,NA,0,0,NA
2023,39,2023-09-13T21:23:00Z,20230201039,161979,Sockeye Salmon,Oncorhynchus nerka,IM,TC,1,1236,400601,5,Bering Sea,64.5-168,S,"Can Trawl 400 headrope, 601 sidewalls",2023-09-13T20:53:00Z,64.5,-167.99,2023-09-13T21:23:00Z,64.52,-167.93,NA,31,42.69,19.9,330,23240,8755010205,FORGOT GENETICS SAMPLE- LH ,NA,0,0,NA,NA,NA,0,0,NA
2023,39,2023-09-13T21:23:00Z,20230201039,161979,Sockeye Salmon,Oncorhynchus nerka,J,TC,6,658,400601,5,Bering Sea,64.5-168,S,"Can Trawl 400 headrope, 601 sidewalls",2023-09-13T20:53:00Z,64.5,-167.99,2023-09-13T21:23:00Z,64.52,-167.93,NA,31,42.69,19.9,330,23240,8755010205,NA,NA,0,0,NA,NA,NA,0,0,NA
2023,39,2023-09-13T21:23:00Z,20230201039,172893,Starry Flounder,Platichthys stellatus,U,TC,1,560,400601,5,Bering Sea,64.5-168,S,"Can Trawl 400 headrope, 601 sidewalls",2023-09-13T20:53:00Z,64.5,-167.99,2023-09-13T21:23:00Z,64.52,-167.93,NA,31,42.69,19.9,330,10220,8857041401,NA,NA,0,0,NA,NA,NA,0,0,NA
2023,39,2023-09-13T21:23:00Z,20230201039,551209,Pacific Herring,Clupea pallasi,A1+,TC,3,356,400601,5,Bering Sea,64.5-168,S,"Can Trawl 400 headrope, 601 sidewalls",2023-09-13T20:53:00Z,64.5,-167.99,2023-09-13T21:23:00Z,64.52,-167.93,NA,31,42.69,19.9,330,21110,8747010201,NA,NA,0,0,NA,NA,NA,0,0,NA
2023,39,2023-09-13T21:23:00Z,20230201039,622287,Arctic Lamprey,Lethenteron camtschaticum,U,TC,1,55,400601,5,Bering Sea,64.5-168,S,"Can Trawl 400 headrope, 601 sidewalls",2023-09-13T20:53:00Z,64.5,-167.99,2023-09-13T21:23:00Z,64.52,-167.93,NA,31,42.69,19.9,330,NA,8603010201,NA,NA,0,0,NA,NA,NA,0,0,NA
2023,39,2023-09-13T21:23:00Z,20230201039,934083,Pollock,Gadus chalcogrammus,A0,TC,292.26,491,400601,5,Bering Sea,64.5-168,S,"Can Trawl 400 headrope, 601 sidewalls",2023-09-13T20:53:00Z,64.5,-167.99,2023-09-13T21:23:00Z,64.52,-167.93,NA,31,42.69,19.9,330,21740,8791030701,NA,NA,0,0,NA,NA,NA,0,0,NA
2023,39,2023-09-13T21:23:00Z,20230201039,934083,Pollock,Gadus chalcogrammus,A1+,TC,2,1950,400601,5,Bering Sea,64.5-168,S,"Can Trawl 400 headrope, 601 sidewalls",2023-09-13T20:53:00Z,64.5,-167.99,2023-09-13T21:23:00Z,64.52,-167.93,NA,31,42.69,19.9,330,21740,8791030701,NA,NA,0,0,NA,NA,NA,0,0,NA
2023,40,2023-09-14T02:30:00Z,20230201040,50623,Aequorea  sp.,Aequorea sp.,U,TC,0,1910,400601,5,Bering Sea,65-167.5,S,"Can Trawl 400 headrope, 601 sidewalls",2023-09-14T02:00:00Z,64.97,-167.53,2023-09-14T02:30:00Z,64.96,-167.61,NA,23,41.5,20.68,330,40506,NA,NA,NA,0,0,NA,NA,NA,0,0,NA
2023,40,2023-09-14T02:30:00Z,20230201040,51641,Northern Sea Nettle,Chrysaora melanaster,U,TC,386.88,384950,400601,5,Bering Sea,65-167.5,S,"Can Trawl 400 headrope, 601 sidewalls",2023-09-14T02:00:00Z,64.97,-167.53,2023-09-14T02:30:00Z,64.96,-167.61,NA,23,41.5,20.68,330,40504,NA,NA,NA,0,0,NA,NA,NA,0,0,NA
2023,40,2023-09-14T02:30:00Z,20230201040,51669,Cyanea sp.,Cyanea sp.,U,TC,4,120,400601,5,Bering Sea,65-167.5,S,"Can Trawl 400 headrope, 601 sidewalls",2023-09-14T02:00:00Z,64.97,-167.53,2023-09-14T02:30:00Z,64.96,-167.61,NA,23,41.5,20.68,330,40560,NA,NA,NA,0,0,NA,NA,NA,0,0,NA
2023,40,2023-09-14T02:30:00Z,20230201040,51696,Phacellophora camtschatica,Phacellophora camtschatica,U,TC,2,500,400601,5,Bering Sea,65-167.5,S,"Can Trawl 400 headrope, 601 sidewalls",2023-09-14T02:00:00Z,64.97,-167.53,2023-09-14T02:30:00Z,64.96,-167.61,NA,23,41.5,20.68,330,NA,NA,NA,NA,0,0,NA,NA,NA,0,0,NA
2023,40,2023-09-14T02:30:00Z,20230201040,51700,Aurelia sp.,Aurelia sp.,U,TC,0,270,400601,5,Bering Sea,65-167.5,S,"Can Trawl 400 headrope, 601 sidewalls",2023-09-14T02:00:00Z,64.97,-167.53,2023-09-14T02:30:00Z,64.96,-167.61,NA,23,41.5,20.68,330,40511,NA,NA,NA,0,0,NA,NA,NA,0,0,NA
2023,40,2023-09-14T02:30:00Z,20230201040,161975,Pink Salmon,Oncorhynchus gorbuscha,J,TC,18,1195,400601,5,Bering Sea,65-167.5,S,"Can Trawl 400 headrope, 601 sidewalls",2023-09-14T02:00:00Z,64.97,-167.53,2023-09-14T02:30:00Z,64.96,-167.61,NA,23,41.5,20.68,330,23230,8755010201,NA,NA,0,0,NA,NA,NA,0,0,NA
2023,40,2023-09-14T02:30:00Z,20230201040,161976,Chum Salmon,Oncorhynchus keta,J,TC,58.64,5081,400601,5,Bering Sea,65-167.5,S,"Can Trawl 400 headrope, 601 sidewalls",2023-09-14T02:00:00Z,64.97,-167.53,2023-09-14T02:30:00Z,64.96,-167.61,NA,23,41.5,20.68,330,23235,8755010202,NA,NA,0,0,NA,NA,NA,0,0,NA
2023,40,2023-09-14T02:30:00Z,20230201040,164708,Saffron Cod,Eleginus gracilis,A0,TC,105.3,797,400601,5,Bering Sea,65-167.5,S,"Can Trawl 400 headrope, 601 sidewalls",2023-09-14T02:00:00Z,64.97,-167.53,2023-09-14T02:30:00Z,64.96,-167.61,NA,23,41.5,20.68,330,21735,8791030301,NA,NA,0,0,NA,NA,NA,0,0,NA
2023,40,2023-09-14T02:30:00Z,20230201040,164711,Pacific Cod,Gadus macrocephalus,A0,TC,1,2,400601,5,Bering Sea,65-167.5,S,"Can Trawl 400 headrope, 601 sidewalls",2023-09-14T02:00:00Z,64.97,-167.53,2023-09-14T02:30:00Z,64.96,-167.61,NA,23,41.5,20.68,330,21720,8791030401,NA,NA,0,0,NA,NA,NA,0,0,NA
2023,40,2023-09-14T02:30:00Z,20230201040,166365,Threespine stickleback,Gasterosteus aculeatus,U,TC,2,11,400601,5,Bering Sea,65-167.5,S,"Can Trawl 400 headrope, 601 sidewalls",2023-09-14T02:00:00Z,64.97,-167.53,2023-09-14T02:30:00Z,64.96,-167.61,NA,23,41.5,20.68,330,21752,8818010101,NA,NA,0,0,NA,NA,NA,0,0,NA
2023,40,2023-09-14T02:30:00Z,20230201040,172893,Starry Flounder,Platichthys stellatus,U,TC,1,229,400601,5,Bering Sea,65-167.5,S,"Can Trawl 400 headrope, 601 sidewalls",2023-09-14T02:00:00Z,64.97,-167.53,2023-09-14T02:30:00Z,64.96,-167.61,NA,23,41.5,20.68,330,10220,8857041401,NA,NA,0,0,NA,NA,NA,0,0,NA
2023,40,2023-09-14T02:30:00Z,20230201040,622287,Arctic Lamprey,Lethenteron camtschaticum,U,TC,2,121,400601,5,Bering Sea,65-167.5,S,"Can Trawl 400 headrope, 601 sidewalls",2023-09-14T02:00:00Z,64.97,-167.53,2023-09-14T02:30:00Z,64.96,-167.61,NA,23,41.5,20.68,330,NA,8603010201,NA,NA,0,0,NA,NA,NA,0,0,NA
2023,40,2023-09-14T02:30:00Z,20230201040,934083,Pollock,Gadus chalcogrammus,A0,TC,44.61,88,400601,5,Bering Sea,65-167.5,S,"Can Trawl 400 headrope, 601 sidewalls",2023-09-14T02:00:00Z,64.97,-167.53,2023-09-14T02:30:00Z,64.96,-167.61,NA,23,41.5,20.68,330,21740,8791030701,NA,NA,0,0,NA,NA,NA,0,0,NA
2023,40,2023-09-14T02:30:00Z,20230201040,934083,Pollock,Gadus chalcogrammus,A1,TC,506.16,9931,400601,5,Bering Sea,65-167.5,S,"Can Trawl 400 headrope, 601 sidewalls",2023-09-14T02:00:00Z,64.97,-167.53,2023-09-14T02:30:00Z,64.96,-167.61,NA,23,41.5,20.68,330,21740,8791030701,NA,NA,0,0,NA,NA,NA,0,0,NA
2023,41,2023-09-14T17:49:00Z,20230201041,50623,Aequorea  sp.,Aequorea sp.,U,TC,0,230,400601,5,Bering Sea,64.5-167,S,"Can Trawl 400 headrope, 601 sidewalls",2023-09-14T17:18:00Z,64.48,-166.97,2023-09-14T17:49:00Z,64.46,-166.92,NA,22,50.14,21.5,330,40506,NA,NA,NA,0,0,NA,NA,NA,0,0,NA
2023,41,2023-09-14T17:49:00Z,20230201041,51641,Northern Sea Nettle,Chrysaora melanaster,U,TC,75.23,78470,400601,5,Bering Sea,64.5-167,S,"Can Trawl 400 headrope, 601 sidewalls",2023-09-14T17:18:00Z,64.48,-166.97,2023-09-14T17:49:00Z,64.46,-166.92,NA,22,50.14,21.5,330,40504,NA,NA,NA,0,0,NA,NA,NA,0,0,NA
2023,41,2023-09-14T17:49:00Z,20230201041,51669,Cyanea sp.,Cyanea sp.,U,TC,2,350,400601,5,Bering Sea,64.5-167,S,"Can Trawl 400 headrope, 601 sidewalls",2023-09-14T17:18:00Z,64.48,-166.97,2023-09-14T17:49:00Z,64.46,-166.92,NA,22,50.14,21.5,330,40560,NA,NA,NA,0,0,NA,NA,NA,0,0,NA
2023,41,2023-09-14T17:49:00Z,20230201041,51696,Phacellophora camtschatica,Phacellophora camtschatica,U,TC,2,490,400601,5,Bering Sea,64.5-167,S,"Can Trawl 400 headrope, 601 sidewalls",2023-09-14T17:18:00Z,64.48,-166.97,2023-09-14T17:49:00Z,64.46,-166.92,NA,22,50.14,21.5,330,NA,NA,NA,NA,0,0,NA,NA,NA,0,0,NA
2023,41,2023-09-14T17:49:00Z,20230201041,51700,Aurelia sp.,Aurelia sp.,U,TC,10,330,400601,5,Bering Sea,64.5-167,S,"Can Trawl 400 headrope, 601 sidewalls",2023-09-14T17:18:00Z,64.48,-166.97,2023-09-14T17:49:00Z,64.46,-166.92,NA,22,50.14,21.5,330,40511,NA,NA,NA,0,0,NA,NA,NA,0,0,NA
2023,41,2023-09-14T17:49:00Z,20230201041,161975,Pink Salmon,Oncorhynchus gorbuscha,J,TC,4,172,400601,5,Bering Sea,64.5-167,S,"Can Trawl 400 headrope, 601 sidewalls",2023-09-14T17:18:00Z,64.48,-166.97,2023-09-14T17:49:00Z,64.46,-166.92,NA,22,50.14,21.5,330,23230,8755010201,NA,NA,0,0,NA,NA,NA,0,0,NA
2023,41,2023-09-14T17:49:00Z,20230201041,161976,Chum Salmon,Oncorhynchus keta,J,TC,33,1857,400601,5,Bering Sea,64.5-167,S,"Can Trawl 400 headrope, 601 sidewalls",2023-09-14T17:18:00Z,64.48,-166.97,2023-09-14T17:49:00Z,64.46,-166.92,NA,22,50.14,21.5,330,23235,8755010202,NA,NA,0,0,NA,NA,NA,0,0,NA
2023,41,2023-09-14T17:49:00Z,20230201041,161980,Chinook Salmon,Oncorhynchus tshawytscha,J,TC,2,278,400601,5,Bering Sea,64.5-167,S,"Can Trawl 400 headrope, 601 sidewalls",2023-09-14T17:18:00Z,64.48,-166.97,2023-09-14T17:49:00Z,64.46,-166.92,NA,22,50.14,21.5,330,23220,8755010206,NA,NA,0,0,NA,NA,NA,0,0,NA
2023,41,2023-09-14T17:49:00Z,20230201041,162041,Rainbow Smelt,Osmerus mordax dentex,U,TC,1,16,400601,5,Bering Sea,64.5-167,S,"Can Trawl 400 headrope, 601 sidewalls",2023-09-14T17:18:00Z,64.48,-166.97,2023-09-14T17:49:00Z,64.46,-166.92,NA,22,50.14,21.5,330,23055,8755030302,NA,NA,0,0,NA,NA,NA,0,0,NA
2023,41,2023-09-14T17:49:00Z,20230201041,164708,Saffron Cod,Eleginus gracilis,A0,TC,336.42,2032,400601,5,Bering Sea,64.5-167,S,"Can Trawl 400 headrope, 601 sidewalls",2023-09-14T17:18:00Z,64.48,-166.97,2023-09-14T17:49:00Z,64.46,-166.92,NA,22,50.14,21.5,330,21735,8791030301,NA,NA,0,0,NA,NA,NA,0,0,NA
2023,41,2023-09-14T17:49:00Z,20230201041,164708,Saffron Cod,Eleginus gracilis,A1+,TC,1,51,400601,5,Bering Sea,64.5-167,S,"Can Trawl 400 headrope, 601 sidewalls",2023-09-14T17:18:00Z,64.48,-166.97,2023-09-14T17:49:00Z,64.46,-166.92,NA,22,50.14,21.5,330,21735,8791030301,NA,NA,0,0,NA,NA,NA,0,0,NA
2023,41,2023-09-14T17:49:00Z,20230201041,166387,Nine-spine Stickleback,Pungitius pungitius,U,TC,1,1,400601,5,Bering Sea,64.5-167,S,"Can Trawl 400 headrope, 601 sidewalls",2023-09-14T17:18:00Z,64.48,-166.97,2023-09-14T17:49:00Z,64.46,-166.92,NA,22,50.14,21.5,330,21753,8818010201,NA,NA,0,0,NA,NA,NA,0,0,NA
2023,41,2023-09-14T17:49:00Z,20230201041,171672,Arctic Sand Lance,Ammodytes hexapterus,U,TC,6,65,400601,5,Bering Sea,64.5-167,S,"Can Trawl 400 headrope, 601 sidewalls",2023-09-14T17:18:00Z,64.48,-166.97,2023-09-14T17:49:00Z,64.46,-166.92,NA,22,50.14,21.5,330,20203,8845010101,NA,NA,0,0,NA,NA,NA,0,0,NA
2023,41,2023-09-14T17:49:00Z,20230201041,172911,Longhead Dab,Limanda proboscidea,U,TC,1,1,400601,5,Bering Sea,64.5-167,S,"Can Trawl 400 headrope, 601 sidewalls",2023-09-14T17:18:00Z,64.48,-166.97,2023-09-14T17:49:00Z,64.46,-166.92,NA,22,50.14,21.5,330,10211,8857041507,NA,NA,0,0,NA,NA,NA,0,0,NA
2023,41,2023-09-14T17:49:00Z,20230201041,622287,Arctic Lamprey,Lethenteron camtschaticum,U,TC,3,196,400601,5,Bering Sea,64.5-167,S,"Can Trawl 400 headrope, 601 sidewalls",2023-09-14T17:18:00Z,64.48,-166.97,2023-09-14T17:49:00Z,64.46,-166.92,NA,22,50.14,21.5,330,NA,8603010201,NA,NA,0,0,NA,NA,NA,0,0,NA
2023,41,2023-09-14T17:49:00Z,20230201041,934083,Pollock,Gadus chalcogrammus,A0,TC,19,38,400601,5,Bering Sea,64.5-167,S,"Can Trawl 400 headrope, 601 sidewalls",2023-09-14T17:18:00Z,64.48,-166.97,2023-09-14T17:49:00Z,64.46,-166.92,NA,22,50.14,21.5,330,21740,8791030701,NA,NA,0,0,NA,NA,NA,0,0,NA
2023,41,2023-09-14T17:49:00Z,20230201041,934083,Pollock,Gadus chalcogrammus,A1,TC,4,74,400601,5,Bering Sea,64.5-167,S,"Can Trawl 400 headrope, 601 sidewalls",2023-09-14T17:18:00Z,64.48,-166.97,2023-09-14T17:49:00Z,64.46,-166.92,NA,22,50.14,21.5,330,21740,8791030701,NA,NA,0,0,NA,NA,NA,0,0,NA
2023,43,2023-09-14T00:08:00Z,20230201043,50623,Aequorea  sp.,Aequorea sp.,U,TC,0,160,400601,5,Bering Sea,64-166,S,"Can Trawl 400 headrope, 601 sidewalls",2023-09-14T23:38:00Z,64,-165.97,2023-09-14T00:08:00Z,63.98,-165.92,NA,17,49.64,18.36,330,40506,NA,NA,NA,0,0,NA,NA,NA,0,0,NA
2023,43,2023-09-14T00:08:00Z,20230201043,51641,Northern Sea Nettle,Chrysaora melanaster,U,TC,15.37,16910,400601,5,Bering Sea,64-166,S,"Can Trawl 400 headrope, 601 sidewalls",2023-09-14T23:38:00Z,64,-165.97,2023-09-14T00:08:00Z,63.98,-165.92,NA,17,49.64,18.36,330,40504,NA,NA,NA,0,0,NA,NA,NA,0,0,NA
2023,43,2023-09-14T00:08:00Z,20230201043,51669,Cyanea sp.,Cyanea sp.,U,TC,7,850,400601,5,Bering Sea,64-166,S,"Can Trawl 400 headrope, 601 sidewalls",2023-09-14T23:38:00Z,64,-165.97,2023-09-14T00:08:00Z,63.98,-165.92,NA,17,49.64,18.36,330,40560,NA,NA,NA,0,0,NA,NA,NA,0,0,NA
2023,43,2023-09-14T00:08:00Z,20230201043,51700,Aurelia sp.,Aurelia sp.,U,TC,27.23,1790,400601,5,Bering Sea,64-166,S,"Can Trawl 400 headrope, 601 sidewalls",2023-09-14T23:38:00Z,64,-165.97,2023-09-14T00:08:00Z,63.98,-165.92,NA,17,49.64,18.36,330,40511,NA,NA,NA,0,0,NA,NA,NA,0,0,NA
2023,43,2023-09-14T00:08:00Z,20230201043,161975,Pink Salmon,Oncorhynchus gorbuscha,J,TC,5,162,400601,5,Bering Sea,64-166,S,"Can Trawl 400 headrope, 601 sidewalls",2023-09-14T23:38:00Z,64,-165.97,2023-09-14T00:08:00Z,63.98,-165.92,NA,17,49.64,18.36,330,23230,8755010201,NA,NA,0,0,NA,NA,NA,0,0,NA
2023,43,2023-09-14T00:08:00Z,20230201043,161976,Chum Salmon,Oncorhynchus keta,J,TC,42,1960,400601,5,Bering Sea,64-166,S,"Can Trawl 400 headrope, 601 sidewalls",2023-09-14T23:38:00Z,64,-165.97,2023-09-14T00:08:00Z,63.98,-165.92,NA,17,49.64,18.36,330,23235,8755010202,NA,NA,0,0,NA,NA,NA,0,0,NA
2023,43,2023-09-14T00:08:00Z,20230201043,161977,Coho Salmon,Oncorhynchus kisutch,J,TC,10,2918,400601,5,Bering Sea,64-166,S,"Can Trawl 400 headrope, 601 sidewalls",2023-09-14T23:38:00Z,64,-165.97,2023-09-14T00:08:00Z,63.98,-165.92,NA,17,49.64,18.36,330,23225,8755010203,NA,NA,0,0,NA,NA,NA,0,0,NA
2023,43,2023-09-14T00:08:00Z,20230201043,161980,Chinook Salmon,Oncorhynchus tshawytscha,J,TC,2,252,400601,5,Bering Sea,64-166,S,"Can Trawl 400 headrope, 601 sidewalls",2023-09-14T23:38:00Z,64,-165.97,2023-09-14T00:08:00Z,63.98,-165.92,NA,17,49.64,18.36,330,23220,8755010206,NA,NA,0,0,NA,NA,NA,0,0,NA
2023,43,2023-09-14T00:08:00Z,20230201043,162041,Rainbow Smelt,Osmerus mordax dentex,U,TC,147.91,1322,400601,5,Bering Sea,64-166,S,"Can Trawl 400 headrope, 601 sidewalls",2023-09-14T23:38:00Z,64,-165.97,2023-09-14T00:08:00Z,63.98,-165.92,NA,17,49.64,18.36,330,23055,8755030302,NA,NA,0,0,NA,NA,NA,0,0,NA
2023,43,2023-09-14T00:08:00Z,20230201043,164708,Saffron Cod,Eleginus gracilis,A0,TC,1030.85,5412,400601,5,Bering Sea,64-166,S,"Can Trawl 400 headrope, 601 sidewalls",2023-09-14T23:38:00Z,64,-165.97,2023-09-14T00:08:00Z,63.98,-165.92,NA,17,49.64,18.36,330,21735,8791030301,NA,NA,0,0,NA,NA,NA,0,0,NA
2023,43,2023-09-14T00:08:00Z,20230201043,164708,Saffron Cod,Eleginus gracilis,A1+,TC,4,270,400601,5,Bering Sea,64-166,S,"Can Trawl 400 headrope, 601 sidewalls",2023-09-14T23:38:00Z,64,-165.97,2023-09-14T00:08:00Z,63.98,-165.92,NA,17,49.64,18.36,330,21735,8791030301,NA,NA,0,0,NA,NA,NA,0,0,NA
2023,43,2023-09-14T00:08:00Z,20230201043,166387,Nine-spine Stickleback,Pungitius pungitius,U,TC,13,4,400601,5,Bering Sea,64-166,S,"Can Trawl 400 headrope, 601 sidewalls",2023-09-14T23:38:00Z,64,-165.97,2023-09-14T00:08:00Z,63.98,-165.92,NA,17,49.64,18.36,330,21753,8818010201,NA,NA,0,0,NA,NA,NA,0,0,NA
2023,43,2023-09-14T00:08:00Z,20230201043,167312,Plain Sculpin,Myoxocephalus jaok,U,TC,1,60,400601,5,Bering Sea,64-166,S,"Can Trawl 400 headrope, 601 sidewalls",2023-09-14T23:38:00Z,64,-165.97,2023-09-14T00:08:00Z,63.98,-165.92,NA,17,49.64,18.36,330,21371,8831022201,NA,NA,0,0,NA,NA,NA,0,0,NA
2023,43,2023-09-14T00:08:00Z,20230201043,171337,Bering Wolffish,Anarhichas orientalis,U,TC,1,40,400601,5,Bering Sea,64-166,S,"Can Trawl 400 headrope, 601 sidewalls",2023-09-14T23:38:00Z,64,-165.97,2023-09-14T00:08:00Z,63.98,-165.92,NA,17,49.64,18.36,330,20322,8842020101,NA,NA,0,0,NA,NA,NA,0,0,NA
2023,43,2023-09-14T00:08:00Z,20230201043,172893,Starry Flounder,Platichthys stellatus,U,TC,2,300,400601,5,Bering Sea,64-166,S,"Can Trawl 400 headrope, 601 sidewalls",2023-09-14T23:38:00Z,64,-165.97,2023-09-14T00:08:00Z,63.98,-165.92,NA,17,49.64,18.36,330,10220,8857041401,NA,NA,0,0,NA,NA,NA,0,0,NA
2023,43,2023-09-14T00:08:00Z,20230201043,551209,Pacific Herring,Clupea pallasi,A0,SC,139.48,1174.6,400601,5,Bering Sea,64-166,S,"Can Trawl 400 headrope, 601 sidewalls",2023-09-14T23:38:00Z,64,-165.97,2023-09-14T00:08:00Z,63.98,-165.92,NA,17,49.64,18.36,330,21110,8747010201,NA,NA,0,0,NA,NA,NA,0,0,NA
2023,43,2023-09-14T00:08:00Z,20230201043,551209,Pacific Herring,Clupea pallasi,A1+,SC,227.58,4772,400601,5,Bering Sea,64-166,S,"Can Trawl 400 headrope, 601 sidewalls",2023-09-14T23:38:00Z,64,-165.97,2023-09-14T00:08:00Z,63.98,-165.92,NA,17,49.64,18.36,330,21110,8747010201,NA,NA,0,0,NA,NA,NA,0,0,NA
2023,44,2023-09-15T17:16:00Z,20230201044,51700,Aurelia sp.,Aurelia sp.,U,SC,0,27616.28,400601,5,Bering Sea,64-162.5,S,"Can Trawl 400 headrope, 601 sidewalls",2023-09-15T16:46:00Z,64.09,-162.52,2023-09-15T17:16:00Z,64.09,-162.61,NA,16,46.5,18.37,330,40511,NA,NA,NA,0,0,NA,NA,NA,0,0,NA
2023,44,2023-09-15T17:16:00Z,20230201044,96968,Humpy shrimp,Pandalus goniurus,U,TC,64.37,103,400601,5,Bering Sea,64-162.5,S,"Can Trawl 400 headrope, 601 sidewalls",2023-09-15T16:46:00Z,64.09,-162.52,2023-09-15T17:16:00Z,64.09,-162.61,NA,16,46.5,18.37,330,66045,NA,NA,NA,0,0,NA,NA,NA,0,0,NA
2023,44,2023-09-15T17:16:00Z,20230201044,161030,Fish larvae unident.,fish larvae unident.,U,TC,1,1,400601,5,Bering Sea,64-162.5,S,"Can Trawl 400 headrope, 601 sidewalls",2023-09-15T16:46:00Z,64.09,-162.52,2023-09-15T17:16:00Z,64.09,-162.61,NA,16,46.5,18.37,330,NA,NA,BROOKE THINKS CAPELIN ,NA,0,0,NA,NA,NA,0,0,NA
2023,44,2023-09-15T17:16:00Z,20230201044,161976,Chum Salmon,Oncorhynchus keta,J,TC,1,40,400601,5,Bering Sea,64-162.5,S,"Can Trawl 400 headrope, 601 sidewalls",2023-09-15T16:46:00Z,64.09,-162.52,2023-09-15T17:16:00Z,64.09,-162.61,NA,16,46.5,18.37,330,23235,8755010202,NA,NA,0,0,NA,NA,NA,0,0,NA
2023,44,2023-09-15T17:16:00Z,20230201044,161980,Chinook Salmon,Oncorhynchus tshawytscha,J,TC,1,48,400601,5,Bering Sea,64-162.5,S,"Can Trawl 400 headrope, 601 sidewalls",2023-09-15T16:46:00Z,64.09,-162.52,2023-09-15T17:16:00Z,64.09,-162.61,NA,16,46.5,18.37,330,23220,8755010206,NA,NA,0,0,NA,NA,NA,0,0,NA
2023,44,2023-09-15T17:16:00Z,20230201044,162041,Rainbow Smelt,Osmerus mordax dentex,U,SC,5101.05,11366.5,400601,5,Bering Sea,64-162.5,S,"Can Trawl 400 headrope, 601 sidewalls",2023-09-15T16:46:00Z,64.09,-162.52,2023-09-15T17:16:00Z,64.09,-162.61,NA,16,46.5,18.37,330,23055,8755030302,NA,NA,0,0,NA,NA,NA,0,0,NA
2023,44,2023-09-15T17:16:00Z,20230201044,164708,Saffron Cod,Eleginus gracilis,A0,TC,83.61,872,400601,5,Bering Sea,64-162.5,S,"Can Trawl 400 headrope, 601 sidewalls",2023-09-15T16:46:00Z,64.09,-162.52,2023-09-15T17:16:00Z,64.09,-162.61,NA,16,46.5,18.37,330,21735,8791030301,NA,NA,0,0,NA,NA,NA,0,0,NA
2023,44,2023-09-15T17:16:00Z,20230201044,166387,Nine-spine Stickleback,Pungitius pungitius,U,SC,3525.52,3957.2,400601,5,Bering Sea,64-162.5,S,"Can Trawl 400 headrope, 601 sidewalls",2023-09-15T16:46:00Z,64.09,-162.52,2023-09-15T17:16:00Z,64.09,-162.61,NA,16,46.5,18.37,330,21753,8818010201,NA,NA,0,0,NA,NA,NA,0,0,NA
2023,44,2023-09-15T17:16:00Z,20230201044,171672,Arctic Sand Lance,Ammodytes hexapterus,U,TC,1,10,400601,5,Bering Sea,64-162.5,S,"Can Trawl 400 headrope, 601 sidewalls",2023-09-15T16:46:00Z,64.09,-162.52,2023-09-15T17:16:00Z,64.09,-162.61,NA,16,46.5,18.37,330,20203,8845010101,NA,NA,0,0,NA,NA,NA,0,0,NA
2023,44,2023-09-15T17:16:00Z,20230201044,551209,Pacific Herring,Clupea pallasi,A0,SC,1690.3,11888.5,400601,5,Bering Sea,64-162.5,S,"Can Trawl 400 headrope, 601 sidewalls",2023-09-15T16:46:00Z,64.09,-162.52,2023-09-15T17:16:00Z,64.09,-162.61,NA,16,46.5,18.37,330,21110,8747010201,NA,NA,0,0,NA,NA,NA,0,0,NA
2023,44,2023-09-15T17:16:00Z,20230201044,551209,Pacific Herring,Clupea pallasi,A1+,TC,7,540,400601,5,Bering Sea,64-162.5,S,"Can Trawl 400 headrope, 601 sidewalls",2023-09-15T16:46:00Z,64.09,-162.52,2023-09-15T17:16:00Z,64.09,-162.61,NA,16,46.5,18.37,330,21110,8747010201,NA,NA,0,0,NA,NA,NA,0,0,NA
2023,45,2023-09-15T21:01:00Z,20230201045,51669,Cyanea sp.,Cyanea sp.,U,SC,0,927.92,400601,5,Bering Sea,64-163.5,S,"Can Trawl 400 headrope, 601 sidewalls",2023-09-15T20:31:00Z,64.09,-163.53,2023-09-15T21:01:00Z,64.09,-163.62,NA,20,49.74,19.31,330,40560,NA,NA,NA,0,0,NA,NA,NA,0,0,NA
2023,45,2023-09-15T21:01:00Z,20230201045,51700,Aurelia sp.,Aurelia sp.,U,SC,0,9176.16,400601,5,Bering Sea,64-163.5,S,"Can Trawl 400 headrope, 601 sidewalls",2023-09-15T20:31:00Z,64.09,-163.53,2023-09-15T21:01:00Z,64.09,-163.62,NA,20,49.74,19.31,330,40511,NA,NA,NA,0,0,NA,NA,NA,0,0,NA
2023,45,2023-09-15T21:01:00Z,20230201045,161976,Chum Salmon,Oncorhynchus keta,J,TC,3,125,400601,5,Bering Sea,64-163.5,S,"Can Trawl 400 headrope, 601 sidewalls",2023-09-15T20:31:00Z,64.09,-163.53,2023-09-15T21:01:00Z,64.09,-163.62,NA,20,49.74,19.31,330,23235,8755010202,NA,NA,0,0,NA,NA,NA,0,0,NA
2023,45,2023-09-15T21:01:00Z,20230201045,161980,Chinook Salmon,Oncorhynchus tshawytscha,J,TC,5,528,400601,5,Bering Sea,64-163.5,S,"Can Trawl 400 headrope, 601 sidewalls",2023-09-15T20:31:00Z,64.09,-163.53,2023-09-15T21:01:00Z,64.09,-163.62,NA,20,49.74,19.31,330,23220,8755010206,NA,NA,0,0,NA,NA,NA,0,0,NA
2023,45,2023-09-15T21:01:00Z,20230201045,162041,Rainbow Smelt,Osmerus mordax dentex,U,SC,309.31,2154.9,400601,5,Bering Sea,64-163.5,S,"Can Trawl 400 headrope, 601 sidewalls",2023-09-15T20:31:00Z,64.09,-163.53,2023-09-15T21:01:00Z,64.09,-163.62,NA,20,49.74,19.31,330,23055,8755030302,NA,NA,0,0,NA,NA,NA,0,0,NA
2023,45,2023-09-15T21:01:00Z,20230201045,164708,Saffron Cod,Eleginus gracilis,A1+,TC,1,20,400601,5,Bering Sea,64-163.5,S,"Can Trawl 400 headrope, 601 sidewalls",2023-09-15T20:31:00Z,64.09,-163.53,2023-09-15T21:01:00Z,64.09,-163.62,NA,20,49.74,19.31,330,21735,8791030301,NA,NA,0,0,NA,NA,NA,0,0,NA
2023,45,2023-09-15T21:01:00Z,20230201045,166387,Nine-spine Stickleback,Pungitius pungitius,U,SC,2216.11,2691,400601,5,Bering Sea,64-163.5,S,"Can Trawl 400 headrope, 601 sidewalls",2023-09-15T20:31:00Z,64.09,-163.53,2023-09-15T21:01:00Z,64.09,-163.62,NA,20,49.74,19.31,330,21753,8818010201,NA,NA,0,0,NA,NA,NA,0,0,NA
2023,45,2023-09-15T21:01:00Z,20230201045,172893,Starry Flounder,Platichthys stellatus,U,TC,2,280,400601,5,Bering Sea,64-163.5,S,"Can Trawl 400 headrope, 601 sidewalls",2023-09-15T20:31:00Z,64.09,-163.53,2023-09-15T21:01:00Z,64.09,-163.62,NA,20,49.74,19.31,330,10220,8857041401,NA,NA,0,0,NA,NA,NA,0,0,NA
2023,45,2023-09-15T21:01:00Z,20230201045,551209,Pacific Herring,Clupea pallasi,A0,SC,14563.21,43932.4,400601,5,Bering Sea,64-163.5,S,"Can Trawl 400 headrope, 601 sidewalls",2023-09-15T20:31:00Z,64.09,-163.53,2023-09-15T21:01:00Z,64.09,-163.62,NA,20,49.74,19.31,330,21110,8747010201,NA,NA,0,0,NA,NA,NA,0,0,NA
2023,45,2023-09-15T21:01:00Z,20230201045,551209,Pacific Herring,Clupea pallasi,A1+,SC,41.24,1144.4,400601,5,Bering Sea,64-163.5,S,"Can Trawl 400 headrope, 601 sidewalls",2023-09-15T20:31:00Z,64.09,-163.53,2023-09-15T21:01:00Z,64.09,-163.62,NA,20,49.74,19.31,330,21110,8747010201,NA,NA,0,0,NA,NA,NA,0,0,NA
2023,46,2023-09-16T00:42:00Z,20230201046,51669,Cyanea sp.,Cyanea sp.,U,SC,108.49,7685.1,400601,5,Bering Sea,64-164.5,S,"Can Trawl 400 headrope, 601 sidewalls",2023-09-16T00:12:00Z,64.1,-164.43,2023-09-16T00:42:00Z,64.1,-164.37,NA,16,52,20,330,40560,NA,NA,NA,0,0,NA,NA,NA,0,0,NA
2023,46,2023-09-16T00:42:00Z,20230201046,51700,Aurelia sp.,Aurelia sp.,U,SC,0,24773.16,400601,5,Bering Sea,64-164.5,S,"Can Trawl 400 headrope, 601 sidewalls",2023-09-16T00:12:00Z,64.1,-164.43,2023-09-16T00:42:00Z,64.1,-164.37,NA,16,52,20,330,40511,NA,NA,NA,0,0,NA,NA,NA,0,0,NA
2023,46,2023-09-16T00:42:00Z,20230201046,161976,Chum Salmon,Oncorhynchus keta,J,TC,26,1069,400601,5,Bering Sea,64-164.5,S,"Can Trawl 400 headrope, 601 sidewalls",2023-09-16T00:12:00Z,64.1,-164.43,2023-09-16T00:42:00Z,64.1,-164.37,NA,16,52,20,330,23235,8755010202,NA,NA,0,0,NA,NA,NA,0,0,NA
2023,46,2023-09-16T00:42:00Z,20230201046,161977,Coho Salmon,Oncorhynchus kisutch,J,TC,1,182,400601,5,Bering Sea,64-164.5,S,"Can Trawl 400 headrope, 601 sidewalls",2023-09-16T00:12:00Z,64.1,-164.43,2023-09-16T00:42:00Z,64.1,-164.37,NA,16,52,20,330,23225,8755010203,NA,NA,0,0,NA,NA,NA,0,0,NA
2023,46,2023-09-16T00:42:00Z,20230201046,161980,Chinook Salmon,Oncorhynchus tshawytscha,J,TC,25,2898,400601,5,Bering Sea,64-164.5,S,"Can Trawl 400 headrope, 601 sidewalls",2023-09-16T00:12:00Z,64.1,-164.43,2023-09-16T00:42:00Z,64.1,-164.37,NA,16,52,20,330,23220,8755010206,NA,NA,0,0,NA,NA,NA,0,0,NA
2023,46,2023-09-16T00:42:00Z,20230201046,162041,Rainbow Smelt,Osmerus mordax dentex,U,SC,1790.86,9312.5,400601,5,Bering Sea,64-164.5,S,"Can Trawl 400 headrope, 601 sidewalls",2023-09-16T00:12:00Z,64.1,-164.43,2023-09-16T00:42:00Z,64.1,-164.37,NA,16,52,20,330,23055,8755030302,NA,NA,0,0,NA,NA,NA,0,0,NA
2023,46,2023-09-16T00:42:00Z,20230201046,164708,Saffron Cod,Eleginus gracilis,A0,TC,2,9,400601,5,Bering Sea,64-164.5,S,"Can Trawl 400 headrope, 601 sidewalls",2023-09-16T00:12:00Z,64.1,-164.43,2023-09-16T00:42:00Z,64.1,-164.37,NA,16,52,20,330,21735,8791030301,NA,NA,0,0,NA,NA,NA,0,0,NA
2023,46,2023-09-16T00:42:00Z,20230201046,164708,Saffron Cod,Eleginus gracilis,A1+,TC,12,1120,400601,5,Bering Sea,64-164.5,S,"Can Trawl 400 headrope, 601 sidewalls",2023-09-16T00:12:00Z,64.1,-164.43,2023-09-16T00:42:00Z,64.1,-164.37,NA,16,52,20,330,21735,8791030301,NA,NA,0,0,NA,NA,NA,0,0,NA
2023,46,2023-09-16T00:42:00Z,20230201046,166365,Threespine stickleback,Gasterosteus aculeatus,U,TC,1,5,400601,5,Bering Sea,64-164.5,S,"Can Trawl 400 headrope, 601 sidewalls",2023-09-16T00:12:00Z,64.1,-164.43,2023-09-16T00:42:00Z,64.1,-164.37,NA,16,52,20,330,21752,8818010101,NA,NA,0,0,NA,NA,NA,0,0,NA
2023,46,2023-09-16T00:42:00Z,20230201046,166387,Nine-spine Stickleback,Pungitius pungitius,U,SC,1279.83,1772.1,400601,5,Bering Sea,64-164.5,S,"Can Trawl 400 headrope, 601 sidewalls",2023-09-16T00:12:00Z,64.1,-164.43,2023-09-16T00:42:00Z,64.1,-164.37,NA,16,52,20,330,21753,8818010201,NA,NA,0,0,NA,NA,NA,0,0,NA
2023,46,2023-09-16T00:42:00Z,20230201046,551209,Pacific Herring,Clupea pallasi,A0,SC,4387.11,25577.7,400601,5,Bering Sea,64-164.5,S,"Can Trawl 400 headrope, 601 sidewalls",2023-09-16T00:12:00Z,64.1,-164.43,2023-09-16T00:42:00Z,64.1,-164.37,NA,16,52,20,330,21110,8747010201,NA,NA,0,0,NA,NA,NA,0,0,NA
2023,46,2023-09-16T00:42:00Z,20230201046,551209,Pacific Herring,Clupea pallasi,A1+,TC,11,690,400601,5,Bering Sea,64-164.5,S,"Can Trawl 400 headrope, 601 sidewalls",2023-09-16T00:12:00Z,64.1,-164.43,2023-09-16T00:42:00Z,64.1,-164.37,NA,16,52,20,330,21110,8747010201,NA,NA,0,0,NA,NA,NA,0,0,NA
2023,46,2023-09-16T00:42:00Z,20230201046,934083,Pollock,Gadus chalcogrammus,A0,TC,1,10,400601,5,Bering Sea,64-164.5,S,"Can Trawl 400 headrope, 601 sidewalls",2023-09-16T00:12:00Z,64.1,-164.43,2023-09-16T00:42:00Z,64.1,-164.37,NA,16,52,20,330,21740,8791030701,NA,NA,0,0,NA,NA,NA,0,0,NA
